#
# TABLE STRUCTURE FOR: authors
#

DROP TABLE IF EXISTS `authors`;

CREATE TABLE `authors` (
  `id` int(10) unsigned NOT NULL AUTO_INCREMENT COMMENT 'Идентификатор строки',
  `name` varchar(25) COLLATE utf8mb4_unicode_ci NOT NULL COMMENT ' Автор игры',
  `cash` float unsigned DEFAULT NULL COMMENT ' Денег у компании',
  `created_at` datetime DEFAULT current_timestamp() COMMENT 'Время создания строки',
  `updated_at` datetime DEFAULT current_timestamp() ON UPDATE current_timestamp() COMMENT 'Время обновления строки',
  PRIMARY KEY (`id`),
  UNIQUE KEY `name` (`name`)
) ENGINE=InnoDB AUTO_INCREMENT=11 DEFAULT CHARSET=utf8mb4 COLLATE=utf8mb4_unicode_ci COMMENT='Создатели игр';

INSERT INTO `authors` (`id`, `name`, `cash`, `created_at`, `updated_at`) VALUES (1, ' Naughty Dog', '4786', '2018-07-11 16:50:10', '2019-12-15 09:51:04');
INSERT INTO `authors` (`id`, `name`, `cash`, `created_at`, `updated_at`) VALUES (2, ' Mojang Studios', '5833', '2013-12-09 09:43:19', '2018-10-26 11:50:16');
INSERT INTO `authors` (`id`, `name`, `cash`, `created_at`, `updated_at`) VALUES (3, ' 4A Games', '7144', '2015-03-30 10:52:55', '2015-05-17 19:47:37');
INSERT INTO `authors` (`id`, `name`, `cash`, `created_at`, `updated_at`) VALUES (4, '  Konami', '9819', '2012-10-01 18:08:39', '2015-05-17 22:23:28');
INSERT INTO `authors` (`id`, `name`, `cash`, `created_at`, `updated_at`) VALUES (5, 'Id Software', '3917', '2020-08-06 11:12:55', '2011-07-13 06:31:09');
INSERT INTO `authors` (`id`, `name`, `cash`, `created_at`, `updated_at`) VALUES (6, ' Valve', '3184', '2020-03-03 04:46:40', '2011-11-22 11:39:38');
INSERT INTO `authors` (`id`, `name`, `cash`, `created_at`, `updated_at`) VALUES (7, ' Epic Games', '9593', '2019-07-14 13:16:49', '2018-03-15 16:51:45');
INSERT INTO `authors` (`id`, `name`, `cash`, `created_at`, `updated_at`) VALUES (8, ' Crystal Dynamics', '5049', '2015-02-21 19:31:18', '2013-02-01 13:04:31');
INSERT INTO `authors` (`id`, `name`, `cash`, `created_at`, `updated_at`) VALUES (9, ' Game Arts', '6911', '2013-07-22 11:48:59', '2012-09-24 16:59:28');
INSERT INTO `authors` (`id`, `name`, `cash`, `created_at`, `updated_at`) VALUES (10, ' Crytek', '9270', '2016-03-04 02:00:29', '2021-04-06 02:51:32');


#
# TABLE STRUCTURE FOR: communities
#

DROP TABLE IF EXISTS `communities`;

CREATE TABLE `communities` (
  `id` int(10) unsigned NOT NULL AUTO_INCREMENT COMMENT 'Идентификатор сроки',
  `name` varchar(255) COLLATE utf8mb4_unicode_ci NOT NULL COMMENT 'Название группы',
  `created_at` datetime DEFAULT current_timestamp() COMMENT 'Время создания строки',
  `updated_at` datetime DEFAULT current_timestamp() ON UPDATE current_timestamp() COMMENT 'Время обновления строки',
  PRIMARY KEY (`id`),
  UNIQUE KEY `name` (`name`)
) ENGINE=InnoDB AUTO_INCREMENT=21 DEFAULT CHARSET=utf8mb4 COLLATE=utf8mb4_unicode_ci COMMENT='Группы';

INSERT INTO `communities` (`id`, `name`, `created_at`, `updated_at`) VALUES (1, 'non', '2015-06-06 20:59:42', '2011-10-17 23:35:58');
INSERT INTO `communities` (`id`, `name`, `created_at`, `updated_at`) VALUES (2, 'modi', '2011-10-09 09:38:38', '2015-07-15 05:32:08');
INSERT INTO `communities` (`id`, `name`, `created_at`, `updated_at`) VALUES (3, 'fuga', '2019-12-20 02:00:57', '2013-05-14 01:46:27');
INSERT INTO `communities` (`id`, `name`, `created_at`, `updated_at`) VALUES (4, 'placeat', '2015-12-12 09:48:33', '2014-05-21 13:22:09');
INSERT INTO `communities` (`id`, `name`, `created_at`, `updated_at`) VALUES (5, 'eaque', '2012-11-10 16:30:29', '2016-05-11 10:49:24');
INSERT INTO `communities` (`id`, `name`, `created_at`, `updated_at`) VALUES (6, 'animi', '2021-02-14 21:20:48', '2018-07-24 23:40:54');
INSERT INTO `communities` (`id`, `name`, `created_at`, `updated_at`) VALUES (7, 'aperiam', '2012-05-11 12:12:08', '2014-07-07 06:19:10');
INSERT INTO `communities` (`id`, `name`, `created_at`, `updated_at`) VALUES (8, 'sed', '2020-02-19 14:37:12', '2012-11-04 10:38:10');
INSERT INTO `communities` (`id`, `name`, `created_at`, `updated_at`) VALUES (9, 'saepe', '2017-03-31 11:41:48', '2017-08-16 08:17:35');
INSERT INTO `communities` (`id`, `name`, `created_at`, `updated_at`) VALUES (10, 'enim', '2019-05-23 18:35:56', '2018-05-02 22:39:41');
INSERT INTO `communities` (`id`, `name`, `created_at`, `updated_at`) VALUES (11, 'doloribus', '2014-09-14 00:53:21', '2013-09-29 16:20:06');
INSERT INTO `communities` (`id`, `name`, `created_at`, `updated_at`) VALUES (12, 'amet', '2020-01-07 22:21:35', '2016-08-28 12:07:23');
INSERT INTO `communities` (`id`, `name`, `created_at`, `updated_at`) VALUES (13, 'eos', '2018-03-30 01:44:50', '2020-05-28 01:32:37');
INSERT INTO `communities` (`id`, `name`, `created_at`, `updated_at`) VALUES (14, 'veniam', '2015-01-02 03:45:45', '2019-12-07 05:55:39');
INSERT INTO `communities` (`id`, `name`, `created_at`, `updated_at`) VALUES (15, 'necessitatibus', '2016-07-12 11:41:01', '2021-05-05 23:29:59');
INSERT INTO `communities` (`id`, `name`, `created_at`, `updated_at`) VALUES (16, 'ut', '2017-03-08 07:03:41', '2017-02-08 02:57:56');
INSERT INTO `communities` (`id`, `name`, `created_at`, `updated_at`) VALUES (17, 'autem', '2017-06-20 03:13:37', '2018-12-04 11:02:57');
INSERT INTO `communities` (`id`, `name`, `created_at`, `updated_at`) VALUES (18, 'perferendis', '2019-03-12 19:11:38', '2011-10-31 19:06:02');
INSERT INTO `communities` (`id`, `name`, `created_at`, `updated_at`) VALUES (19, 'natus', '2017-08-12 09:07:17', '2020-02-11 13:06:17');
INSERT INTO `communities` (`id`, `name`, `created_at`, `updated_at`) VALUES (20, 'ab', '2018-08-31 22:11:02', '2018-02-10 23:27:55');


#
# TABLE STRUCTURE FOR: communities_users
#

DROP TABLE IF EXISTS `communities_users`;

CREATE TABLE `communities_users` (
  `community_id` int(10) unsigned NOT NULL COMMENT 'Ссылка на группу',
  `user_id` int(10) unsigned NOT NULL COMMENT 'Ссылка на пользователя',
  `created_at` datetime DEFAULT current_timestamp() COMMENT 'Время создания строки',
  PRIMARY KEY (`community_id`,`user_id`) COMMENT 'Составной первичный ключ'
) ENGINE=InnoDB DEFAULT CHARSET=utf8mb4 COLLATE=utf8mb4_unicode_ci COMMENT='Участники групп, связь между пользователями и группами';

INSERT INTO `communities_users` (`community_id`, `user_id`, `created_at`) VALUES (1, 1, '1978-01-17 06:23:35');
INSERT INTO `communities_users` (`community_id`, `user_id`, `created_at`) VALUES (1, 21, '2009-05-18 14:37:56');
INSERT INTO `communities_users` (`community_id`, `user_id`, `created_at`) VALUES (1, 41, '1989-02-15 19:35:26');
INSERT INTO `communities_users` (`community_id`, `user_id`, `created_at`) VALUES (1, 61, '1997-10-20 04:56:16');
INSERT INTO `communities_users` (`community_id`, `user_id`, `created_at`) VALUES (1, 81, '1975-03-07 16:38:11');
INSERT INTO `communities_users` (`community_id`, `user_id`, `created_at`) VALUES (2, 2, '1971-03-31 18:58:16');
INSERT INTO `communities_users` (`community_id`, `user_id`, `created_at`) VALUES (2, 22, '2018-02-01 02:55:10');
INSERT INTO `communities_users` (`community_id`, `user_id`, `created_at`) VALUES (2, 42, '1975-06-17 13:18:51');
INSERT INTO `communities_users` (`community_id`, `user_id`, `created_at`) VALUES (2, 62, '2018-12-15 22:31:29');
INSERT INTO `communities_users` (`community_id`, `user_id`, `created_at`) VALUES (2, 82, '2013-10-10 19:44:18');
INSERT INTO `communities_users` (`community_id`, `user_id`, `created_at`) VALUES (3, 3, '2018-08-27 00:47:54');
INSERT INTO `communities_users` (`community_id`, `user_id`, `created_at`) VALUES (3, 23, '2017-12-25 18:39:06');
INSERT INTO `communities_users` (`community_id`, `user_id`, `created_at`) VALUES (3, 43, '1972-10-01 02:31:02');
INSERT INTO `communities_users` (`community_id`, `user_id`, `created_at`) VALUES (3, 63, '1970-05-18 04:23:42');
INSERT INTO `communities_users` (`community_id`, `user_id`, `created_at`) VALUES (3, 83, '2010-03-08 00:55:14');
INSERT INTO `communities_users` (`community_id`, `user_id`, `created_at`) VALUES (4, 4, '2012-11-25 17:36:09');
INSERT INTO `communities_users` (`community_id`, `user_id`, `created_at`) VALUES (4, 24, '1992-03-30 18:56:47');
INSERT INTO `communities_users` (`community_id`, `user_id`, `created_at`) VALUES (4, 44, '1989-03-11 02:49:57');
INSERT INTO `communities_users` (`community_id`, `user_id`, `created_at`) VALUES (4, 64, '2001-08-11 08:10:20');
INSERT INTO `communities_users` (`community_id`, `user_id`, `created_at`) VALUES (4, 84, '1988-04-01 08:01:40');
INSERT INTO `communities_users` (`community_id`, `user_id`, `created_at`) VALUES (5, 5, '2005-03-19 17:28:06');
INSERT INTO `communities_users` (`community_id`, `user_id`, `created_at`) VALUES (5, 25, '2005-12-01 05:23:06');
INSERT INTO `communities_users` (`community_id`, `user_id`, `created_at`) VALUES (5, 45, '2017-05-13 04:06:49');
INSERT INTO `communities_users` (`community_id`, `user_id`, `created_at`) VALUES (5, 65, '1983-04-16 07:23:26');
INSERT INTO `communities_users` (`community_id`, `user_id`, `created_at`) VALUES (5, 85, '2016-08-29 17:43:26');
INSERT INTO `communities_users` (`community_id`, `user_id`, `created_at`) VALUES (6, 6, '1977-07-05 09:15:38');
INSERT INTO `communities_users` (`community_id`, `user_id`, `created_at`) VALUES (6, 26, '1983-04-22 17:52:07');
INSERT INTO `communities_users` (`community_id`, `user_id`, `created_at`) VALUES (6, 46, '2002-12-11 19:35:20');
INSERT INTO `communities_users` (`community_id`, `user_id`, `created_at`) VALUES (6, 66, '1989-09-22 06:19:15');
INSERT INTO `communities_users` (`community_id`, `user_id`, `created_at`) VALUES (6, 86, '1993-11-29 03:13:33');
INSERT INTO `communities_users` (`community_id`, `user_id`, `created_at`) VALUES (7, 7, '2005-11-14 20:41:21');
INSERT INTO `communities_users` (`community_id`, `user_id`, `created_at`) VALUES (7, 27, '1981-12-12 00:53:10');
INSERT INTO `communities_users` (`community_id`, `user_id`, `created_at`) VALUES (7, 47, '1985-08-17 01:40:31');
INSERT INTO `communities_users` (`community_id`, `user_id`, `created_at`) VALUES (7, 67, '2000-09-02 14:42:27');
INSERT INTO `communities_users` (`community_id`, `user_id`, `created_at`) VALUES (7, 87, '1973-02-10 19:02:18');
INSERT INTO `communities_users` (`community_id`, `user_id`, `created_at`) VALUES (8, 8, '2000-01-11 12:25:27');
INSERT INTO `communities_users` (`community_id`, `user_id`, `created_at`) VALUES (8, 28, '1996-03-16 05:38:49');
INSERT INTO `communities_users` (`community_id`, `user_id`, `created_at`) VALUES (8, 48, '2004-04-10 13:54:01');
INSERT INTO `communities_users` (`community_id`, `user_id`, `created_at`) VALUES (8, 68, '1974-02-23 04:31:24');
INSERT INTO `communities_users` (`community_id`, `user_id`, `created_at`) VALUES (8, 88, '2020-06-02 02:34:22');
INSERT INTO `communities_users` (`community_id`, `user_id`, `created_at`) VALUES (9, 9, '1987-12-05 11:27:51');
INSERT INTO `communities_users` (`community_id`, `user_id`, `created_at`) VALUES (9, 29, '1974-10-06 20:19:31');
INSERT INTO `communities_users` (`community_id`, `user_id`, `created_at`) VALUES (9, 49, '1987-10-17 08:28:11');
INSERT INTO `communities_users` (`community_id`, `user_id`, `created_at`) VALUES (9, 69, '2019-02-22 07:57:22');
INSERT INTO `communities_users` (`community_id`, `user_id`, `created_at`) VALUES (9, 89, '1980-07-29 17:39:07');
INSERT INTO `communities_users` (`community_id`, `user_id`, `created_at`) VALUES (10, 10, '2018-12-31 23:16:00');
INSERT INTO `communities_users` (`community_id`, `user_id`, `created_at`) VALUES (10, 30, '1984-06-18 23:32:05');
INSERT INTO `communities_users` (`community_id`, `user_id`, `created_at`) VALUES (10, 50, '1974-08-09 16:11:17');
INSERT INTO `communities_users` (`community_id`, `user_id`, `created_at`) VALUES (10, 70, '1977-05-05 11:06:57');
INSERT INTO `communities_users` (`community_id`, `user_id`, `created_at`) VALUES (10, 90, '1973-09-12 12:33:36');
INSERT INTO `communities_users` (`community_id`, `user_id`, `created_at`) VALUES (11, 11, '1974-08-14 03:38:11');
INSERT INTO `communities_users` (`community_id`, `user_id`, `created_at`) VALUES (11, 31, '1980-09-28 02:05:36');
INSERT INTO `communities_users` (`community_id`, `user_id`, `created_at`) VALUES (11, 51, '2020-01-24 14:10:58');
INSERT INTO `communities_users` (`community_id`, `user_id`, `created_at`) VALUES (11, 71, '1988-07-05 20:47:20');
INSERT INTO `communities_users` (`community_id`, `user_id`, `created_at`) VALUES (11, 91, '1970-11-18 17:34:19');
INSERT INTO `communities_users` (`community_id`, `user_id`, `created_at`) VALUES (12, 12, '1982-04-29 05:50:35');
INSERT INTO `communities_users` (`community_id`, `user_id`, `created_at`) VALUES (12, 32, '1972-03-09 12:03:47');
INSERT INTO `communities_users` (`community_id`, `user_id`, `created_at`) VALUES (12, 52, '1991-12-20 03:59:56');
INSERT INTO `communities_users` (`community_id`, `user_id`, `created_at`) VALUES (12, 72, '2000-03-22 07:21:50');
INSERT INTO `communities_users` (`community_id`, `user_id`, `created_at`) VALUES (12, 92, '1981-10-05 10:32:11');
INSERT INTO `communities_users` (`community_id`, `user_id`, `created_at`) VALUES (13, 13, '2011-01-18 20:53:56');
INSERT INTO `communities_users` (`community_id`, `user_id`, `created_at`) VALUES (13, 33, '2018-03-30 21:06:07');
INSERT INTO `communities_users` (`community_id`, `user_id`, `created_at`) VALUES (13, 53, '2015-08-03 19:05:41');
INSERT INTO `communities_users` (`community_id`, `user_id`, `created_at`) VALUES (13, 73, '2010-11-09 01:58:22');
INSERT INTO `communities_users` (`community_id`, `user_id`, `created_at`) VALUES (13, 93, '2014-05-18 06:04:10');
INSERT INTO `communities_users` (`community_id`, `user_id`, `created_at`) VALUES (14, 14, '1985-04-07 04:47:40');
INSERT INTO `communities_users` (`community_id`, `user_id`, `created_at`) VALUES (14, 34, '2010-09-04 22:25:04');
INSERT INTO `communities_users` (`community_id`, `user_id`, `created_at`) VALUES (14, 54, '1995-08-05 21:04:12');
INSERT INTO `communities_users` (`community_id`, `user_id`, `created_at`) VALUES (14, 74, '1972-11-04 08:03:07');
INSERT INTO `communities_users` (`community_id`, `user_id`, `created_at`) VALUES (14, 94, '1987-08-17 12:57:16');
INSERT INTO `communities_users` (`community_id`, `user_id`, `created_at`) VALUES (15, 15, '1990-03-08 03:18:59');
INSERT INTO `communities_users` (`community_id`, `user_id`, `created_at`) VALUES (15, 35, '2018-06-15 01:10:05');
INSERT INTO `communities_users` (`community_id`, `user_id`, `created_at`) VALUES (15, 55, '2020-12-28 04:11:04');
INSERT INTO `communities_users` (`community_id`, `user_id`, `created_at`) VALUES (15, 75, '1982-08-26 14:28:03');
INSERT INTO `communities_users` (`community_id`, `user_id`, `created_at`) VALUES (15, 95, '1970-01-10 04:08:37');
INSERT INTO `communities_users` (`community_id`, `user_id`, `created_at`) VALUES (16, 16, '2021-01-29 20:27:37');
INSERT INTO `communities_users` (`community_id`, `user_id`, `created_at`) VALUES (16, 36, '1991-06-03 15:13:49');
INSERT INTO `communities_users` (`community_id`, `user_id`, `created_at`) VALUES (16, 56, '1992-11-08 10:07:51');
INSERT INTO `communities_users` (`community_id`, `user_id`, `created_at`) VALUES (16, 76, '1997-09-04 18:01:21');
INSERT INTO `communities_users` (`community_id`, `user_id`, `created_at`) VALUES (16, 96, '2006-04-10 09:37:14');
INSERT INTO `communities_users` (`community_id`, `user_id`, `created_at`) VALUES (17, 17, '1983-10-26 22:00:37');
INSERT INTO `communities_users` (`community_id`, `user_id`, `created_at`) VALUES (17, 37, '1984-04-08 07:55:42');
INSERT INTO `communities_users` (`community_id`, `user_id`, `created_at`) VALUES (17, 57, '1982-05-20 09:23:13');
INSERT INTO `communities_users` (`community_id`, `user_id`, `created_at`) VALUES (17, 77, '1979-03-31 07:32:53');
INSERT INTO `communities_users` (`community_id`, `user_id`, `created_at`) VALUES (17, 97, '1989-08-28 09:03:04');
INSERT INTO `communities_users` (`community_id`, `user_id`, `created_at`) VALUES (18, 18, '1994-01-17 20:39:49');
INSERT INTO `communities_users` (`community_id`, `user_id`, `created_at`) VALUES (18, 38, '1998-05-19 07:26:35');
INSERT INTO `communities_users` (`community_id`, `user_id`, `created_at`) VALUES (18, 58, '1994-10-15 16:03:26');
INSERT INTO `communities_users` (`community_id`, `user_id`, `created_at`) VALUES (18, 78, '2014-04-13 01:41:46');
INSERT INTO `communities_users` (`community_id`, `user_id`, `created_at`) VALUES (18, 98, '1979-11-15 14:52:12');
INSERT INTO `communities_users` (`community_id`, `user_id`, `created_at`) VALUES (19, 19, '2009-02-18 18:51:50');
INSERT INTO `communities_users` (`community_id`, `user_id`, `created_at`) VALUES (19, 39, '1984-08-01 21:48:20');
INSERT INTO `communities_users` (`community_id`, `user_id`, `created_at`) VALUES (19, 59, '1987-01-06 10:25:18');
INSERT INTO `communities_users` (`community_id`, `user_id`, `created_at`) VALUES (19, 79, '2018-08-26 22:13:55');
INSERT INTO `communities_users` (`community_id`, `user_id`, `created_at`) VALUES (19, 99, '1979-08-24 03:45:20');
INSERT INTO `communities_users` (`community_id`, `user_id`, `created_at`) VALUES (20, 20, '2015-09-18 21:01:57');
INSERT INTO `communities_users` (`community_id`, `user_id`, `created_at`) VALUES (20, 40, '1988-12-22 23:23:30');
INSERT INTO `communities_users` (`community_id`, `user_id`, `created_at`) VALUES (20, 60, '1971-11-05 05:21:16');
INSERT INTO `communities_users` (`community_id`, `user_id`, `created_at`) VALUES (20, 80, '2013-01-01 02:13:07');
INSERT INTO `communities_users` (`community_id`, `user_id`, `created_at`) VALUES (20, 100, '2001-02-25 21:12:00');


#
# TABLE STRUCTURE FOR: friendship
#

DROP TABLE IF EXISTS `friendship`;

CREATE TABLE `friendship` (
  `user_id` int(10) unsigned NOT NULL COMMENT 'Ссылка на инициатора дружеских отношений',
  `friend_id` int(10) unsigned NOT NULL COMMENT 'Ссылка на получателя приглашения дружить',
  `friendship_status_id` int(10) unsigned NOT NULL COMMENT 'Ссылка на статус (текущее состояние) отношений',
  `confirmed_at` datetime DEFAULT NULL COMMENT 'Время подтверждения приглашения',
  `created_at` datetime DEFAULT current_timestamp() COMMENT 'Время создания строки',
  `updated_at` datetime DEFAULT current_timestamp() ON UPDATE current_timestamp() COMMENT 'Время обновления строки',
  PRIMARY KEY (`user_id`,`friend_id`) COMMENT 'Составной первичный ключ'
) ENGINE=InnoDB DEFAULT CHARSET=utf8mb4 COLLATE=utf8mb4_unicode_ci COMMENT='Таблица дружбы';

INSERT INTO `friendship` (`user_id`, `friend_id`, `friendship_status_id`, `confirmed_at`, `created_at`, `updated_at`) VALUES (1, 13, 1, '2020-08-06 04:40:14', '2016-11-22 17:59:51', '2015-01-05 06:38:07');
INSERT INTO `friendship` (`user_id`, `friend_id`, `friendship_status_id`, `confirmed_at`, `created_at`, `updated_at`) VALUES (1, 38, 2, '2017-02-04 22:21:08', '2011-07-14 09:14:29', '2019-01-12 10:01:32');
INSERT INTO `friendship` (`user_id`, `friend_id`, `friendship_status_id`, `confirmed_at`, `created_at`, `updated_at`) VALUES (2, 57, 3, '2014-02-14 17:58:42', '2012-09-19 16:25:38', '2017-06-27 10:40:47');
INSERT INTO `friendship` (`user_id`, `friend_id`, `friendship_status_id`, `confirmed_at`, `created_at`, `updated_at`) VALUES (2, 98, 2, '2015-04-19 17:49:58', '2012-12-29 03:11:36', '2020-07-09 07:50:51');
INSERT INTO `friendship` (`user_id`, `friend_id`, `friendship_status_id`, `confirmed_at`, `created_at`, `updated_at`) VALUES (3, 54, 1, '2012-05-30 04:14:26', '2015-12-03 08:37:53', '2012-07-19 07:28:12');
INSERT INTO `friendship` (`user_id`, `friend_id`, `friendship_status_id`, `confirmed_at`, `created_at`, `updated_at`) VALUES (3, 85, 3, '2016-07-11 12:14:27', '2013-02-11 20:38:03', '2012-08-29 01:18:56');
INSERT INTO `friendship` (`user_id`, `friend_id`, `friendship_status_id`, `confirmed_at`, `created_at`, `updated_at`) VALUES (4, 9, 1, '2013-09-27 21:37:49', '2019-10-16 04:09:45', '2018-06-21 22:25:31');
INSERT INTO `friendship` (`user_id`, `friend_id`, `friendship_status_id`, `confirmed_at`, `created_at`, `updated_at`) VALUES (4, 20, 2, '2015-11-11 01:47:53', '2017-04-28 16:21:23', '2021-04-04 16:22:04');
INSERT INTO `friendship` (`user_id`, `friend_id`, `friendship_status_id`, `confirmed_at`, `created_at`, `updated_at`) VALUES (5, 51, 2, '2019-01-19 03:28:33', '2015-05-31 14:57:36', '2021-05-04 06:13:50');
INSERT INTO `friendship` (`user_id`, `friend_id`, `friendship_status_id`, `confirmed_at`, `created_at`, `updated_at`) VALUES (5, 55, 3, '2014-09-15 12:42:27', '2018-07-21 17:37:12', '2014-11-15 05:13:54');
INSERT INTO `friendship` (`user_id`, `friend_id`, `friendship_status_id`, `confirmed_at`, `created_at`, `updated_at`) VALUES (6, 11, 1, '2017-02-23 05:00:51', '2018-09-19 10:52:42', '2017-12-09 14:36:18');
INSERT INTO `friendship` (`user_id`, `friend_id`, `friendship_status_id`, `confirmed_at`, `created_at`, `updated_at`) VALUES (6, 66, 3, '2015-07-08 10:29:16', '2014-04-11 17:15:41', '2016-05-13 22:41:03');
INSERT INTO `friendship` (`user_id`, `friend_id`, `friendship_status_id`, `confirmed_at`, `created_at`, `updated_at`) VALUES (7, 37, 2, '2017-03-08 10:26:30', '2020-02-27 19:31:49', '2017-06-24 03:38:56');
INSERT INTO `friendship` (`user_id`, `friend_id`, `friendship_status_id`, `confirmed_at`, `created_at`, `updated_at`) VALUES (7, 74, 1, '2013-12-01 15:17:56', '2017-10-25 14:43:04', '2020-06-03 11:17:09');
INSERT INTO `friendship` (`user_id`, `friend_id`, `friendship_status_id`, `confirmed_at`, `created_at`, `updated_at`) VALUES (8, 17, 3, '2020-02-22 05:12:13', '2017-12-22 01:14:50', '2014-07-11 12:34:47');
INSERT INTO `friendship` (`user_id`, `friend_id`, `friendship_status_id`, `confirmed_at`, `created_at`, `updated_at`) VALUES (8, 61, 2, '2021-01-11 06:39:27', '2012-04-05 14:09:27', '2018-08-23 23:06:23');
INSERT INTO `friendship` (`user_id`, `friend_id`, `friendship_status_id`, `confirmed_at`, `created_at`, `updated_at`) VALUES (9, 19, 1, '2013-09-03 03:59:52', '2015-10-03 04:21:50', '2017-07-26 02:31:40');
INSERT INTO `friendship` (`user_id`, `friend_id`, `friendship_status_id`, `confirmed_at`, `created_at`, `updated_at`) VALUES (9, 70, 3, '2018-09-28 16:41:49', '2012-11-22 23:39:57', '2011-10-06 17:20:49');
INSERT INTO `friendship` (`user_id`, `friend_id`, `friendship_status_id`, `confirmed_at`, `created_at`, `updated_at`) VALUES (10, 23, 1, '2020-06-22 22:21:02', '2013-07-08 17:38:47', '2011-10-22 12:48:55');
INSERT INTO `friendship` (`user_id`, `friend_id`, `friendship_status_id`, `confirmed_at`, `created_at`, `updated_at`) VALUES (10, 100, 2, '2018-01-07 08:21:54', '2011-11-22 00:44:51', '2018-09-26 03:15:16');
INSERT INTO `friendship` (`user_id`, `friend_id`, `friendship_status_id`, `confirmed_at`, `created_at`, `updated_at`) VALUES (11, 2, 3, '2014-10-03 05:40:30', '2014-05-27 01:49:23', '2017-11-02 11:15:16');
INSERT INTO `friendship` (`user_id`, `friend_id`, `friendship_status_id`, `confirmed_at`, `created_at`, `updated_at`) VALUES (11, 7, 2, '2015-05-12 22:21:14', '2013-04-15 08:54:56', '2019-08-27 09:06:46');
INSERT INTO `friendship` (`user_id`, `friend_id`, `friendship_status_id`, `confirmed_at`, `created_at`, `updated_at`) VALUES (12, 58, 1, '2013-07-29 21:25:35', '2015-11-13 18:47:06', '2015-03-31 11:43:57');
INSERT INTO `friendship` (`user_id`, `friend_id`, `friendship_status_id`, `confirmed_at`, `created_at`, `updated_at`) VALUES (12, 71, 3, '2017-02-13 21:59:36', '2019-05-14 07:59:24', '2014-04-07 02:43:00');
INSERT INTO `friendship` (`user_id`, `friend_id`, `friendship_status_id`, `confirmed_at`, `created_at`, `updated_at`) VALUES (13, 32, 2, '2017-09-21 07:44:28', '2012-03-21 19:08:55', '2019-12-25 20:12:20');
INSERT INTO `friendship` (`user_id`, `friend_id`, `friendship_status_id`, `confirmed_at`, `created_at`, `updated_at`) VALUES (13, 79, 1, '2019-07-18 13:06:47', '2018-12-23 10:55:12', '2018-05-10 19:53:06');
INSERT INTO `friendship` (`user_id`, `friend_id`, `friendship_status_id`, `confirmed_at`, `created_at`, `updated_at`) VALUES (14, 25, 3, '2020-03-13 22:19:27', '2016-08-07 01:55:27', '2019-04-24 20:18:48');
INSERT INTO `friendship` (`user_id`, `friend_id`, `friendship_status_id`, `confirmed_at`, `created_at`, `updated_at`) VALUES (14, 72, 2, '2013-07-30 10:04:34', '2011-08-22 15:15:00', '2020-05-06 00:59:53');
INSERT INTO `friendship` (`user_id`, `friend_id`, `friendship_status_id`, `confirmed_at`, `created_at`, `updated_at`) VALUES (15, 21, 1, '2015-01-18 14:01:21', '2018-03-06 10:46:37', '2019-06-18 13:35:53');
INSERT INTO `friendship` (`user_id`, `friend_id`, `friendship_status_id`, `confirmed_at`, `created_at`, `updated_at`) VALUES (15, 41, 3, '2020-01-06 02:21:05', '2020-11-15 01:55:28', '2020-08-10 02:15:40');
INSERT INTO `friendship` (`user_id`, `friend_id`, `friendship_status_id`, `confirmed_at`, `created_at`, `updated_at`) VALUES (16, 33, 2, '2011-09-21 14:51:46', '2015-07-28 15:21:24', '2018-09-15 14:50:57');
INSERT INTO `friendship` (`user_id`, `friend_id`, `friendship_status_id`, `confirmed_at`, `created_at`, `updated_at`) VALUES (16, 51, 1, '2014-07-05 18:46:54', '2017-09-01 01:16:34', '2011-10-08 07:09:37');
INSERT INTO `friendship` (`user_id`, `friend_id`, `friendship_status_id`, `confirmed_at`, `created_at`, `updated_at`) VALUES (17, 85, 2, '2015-03-13 22:07:47', '2019-04-25 13:48:26', '2014-02-17 04:21:23');
INSERT INTO `friendship` (`user_id`, `friend_id`, `friendship_status_id`, `confirmed_at`, `created_at`, `updated_at`) VALUES (17, 94, 3, '2014-04-28 10:31:06', '2016-01-01 08:12:00', '2018-12-18 04:59:19');
INSERT INTO `friendship` (`user_id`, `friend_id`, `friendship_status_id`, `confirmed_at`, `created_at`, `updated_at`) VALUES (18, 18, 1, '2018-08-22 07:34:38', '2012-09-17 02:41:23', '2013-08-06 23:13:10');
INSERT INTO `friendship` (`user_id`, `friend_id`, `friendship_status_id`, `confirmed_at`, `created_at`, `updated_at`) VALUES (18, 69, 3, '2016-06-20 16:01:02', '2015-09-28 20:46:40', '2011-05-30 03:12:43');
INSERT INTO `friendship` (`user_id`, `friend_id`, `friendship_status_id`, `confirmed_at`, `created_at`, `updated_at`) VALUES (19, 53, 2, '2016-05-06 01:45:32', '2017-09-05 02:07:17', '2018-03-31 19:10:58');
INSERT INTO `friendship` (`user_id`, `friend_id`, `friendship_status_id`, `confirmed_at`, `created_at`, `updated_at`) VALUES (19, 75, 1, '2021-02-09 02:25:01', '2014-09-23 19:48:12', '2013-01-11 15:20:04');
INSERT INTO `friendship` (`user_id`, `friend_id`, `friendship_status_id`, `confirmed_at`, `created_at`, `updated_at`) VALUES (20, 24, 3, '2019-12-08 06:49:35', '2015-08-10 02:47:33', '2012-05-26 07:15:35');
INSERT INTO `friendship` (`user_id`, `friend_id`, `friendship_status_id`, `confirmed_at`, `created_at`, `updated_at`) VALUES (20, 74, 2, '2013-09-27 15:27:52', '2020-02-12 21:09:13', '2019-09-10 02:58:53');
INSERT INTO `friendship` (`user_id`, `friend_id`, `friendship_status_id`, `confirmed_at`, `created_at`, `updated_at`) VALUES (21, 24, 3, '2018-03-19 04:30:22', '2021-02-25 03:14:54', '2012-02-25 14:54:45');
INSERT INTO `friendship` (`user_id`, `friend_id`, `friendship_status_id`, `confirmed_at`, `created_at`, `updated_at`) VALUES (21, 100, 1, '2016-09-05 07:01:12', '2015-06-28 01:35:50', '2015-08-13 23:56:02');
INSERT INTO `friendship` (`user_id`, `friend_id`, `friendship_status_id`, `confirmed_at`, `created_at`, `updated_at`) VALUES (22, 35, 1, '2013-02-25 01:11:37', '2014-08-01 01:52:56', '2021-02-23 14:37:24');
INSERT INTO `friendship` (`user_id`, `friend_id`, `friendship_status_id`, `confirmed_at`, `created_at`, `updated_at`) VALUES (22, 55, 2, '2012-01-03 10:40:45', '2018-01-09 05:35:56', '2013-07-04 11:26:21');
INSERT INTO `friendship` (`user_id`, `friend_id`, `friendship_status_id`, `confirmed_at`, `created_at`, `updated_at`) VALUES (23, 61, 2, '2011-06-08 04:29:21', '2015-12-13 16:58:41', '2020-06-28 07:31:47');
INSERT INTO `friendship` (`user_id`, `friend_id`, `friendship_status_id`, `confirmed_at`, `created_at`, `updated_at`) VALUES (23, 97, 3, '2017-09-20 04:45:13', '2013-08-01 01:42:59', '2017-08-16 03:00:28');
INSERT INTO `friendship` (`user_id`, `friend_id`, `friendship_status_id`, `confirmed_at`, `created_at`, `updated_at`) VALUES (24, 34, 1, '2021-02-08 04:14:54', '2017-10-10 16:50:51', '2019-12-27 19:47:49');
INSERT INTO `friendship` (`user_id`, `friend_id`, `friendship_status_id`, `confirmed_at`, `created_at`, `updated_at`) VALUES (24, 57, 3, '2013-10-31 08:19:38', '2011-12-24 12:48:26', '2011-12-02 21:26:26');
INSERT INTO `friendship` (`user_id`, `friend_id`, `friendship_status_id`, `confirmed_at`, `created_at`, `updated_at`) VALUES (25, 2, 2, '2011-08-06 17:57:52', '2019-04-05 04:35:28', '2016-09-17 09:17:37');
INSERT INTO `friendship` (`user_id`, `friend_id`, `friendship_status_id`, `confirmed_at`, `created_at`, `updated_at`) VALUES (25, 46, 1, '2015-03-31 06:38:47', '2018-01-04 04:37:25', '2020-02-11 16:46:51');
INSERT INTO `friendship` (`user_id`, `friend_id`, `friendship_status_id`, `confirmed_at`, `created_at`, `updated_at`) VALUES (26, 52, 3, '2016-06-24 15:01:08', '2013-08-24 14:19:29', '2013-07-10 01:30:54');
INSERT INTO `friendship` (`user_id`, `friend_id`, `friendship_status_id`, `confirmed_at`, `created_at`, `updated_at`) VALUES (26, 90, 2, '2018-10-23 08:24:49', '2018-11-29 04:08:36', '2015-07-07 14:16:56');
INSERT INTO `friendship` (`user_id`, `friend_id`, `friendship_status_id`, `confirmed_at`, `created_at`, `updated_at`) VALUES (27, 90, 3, '2020-11-20 18:59:11', '2016-04-18 04:39:16', '2014-02-02 04:43:53');
INSERT INTO `friendship` (`user_id`, `friend_id`, `friendship_status_id`, `confirmed_at`, `created_at`, `updated_at`) VALUES (27, 98, 1, '2012-06-02 14:33:25', '2018-01-15 21:56:23', '2013-12-23 13:50:40');
INSERT INTO `friendship` (`user_id`, `friend_id`, `friendship_status_id`, `confirmed_at`, `created_at`, `updated_at`) VALUES (28, 33, 1, '2020-02-10 19:53:29', '2021-03-15 10:59:55', '2016-06-07 18:44:07');
INSERT INTO `friendship` (`user_id`, `friend_id`, `friendship_status_id`, `confirmed_at`, `created_at`, `updated_at`) VALUES (28, 97, 2, '2012-08-07 17:29:14', '2019-08-17 15:11:49', '2019-04-16 22:08:12');
INSERT INTO `friendship` (`user_id`, `friend_id`, `friendship_status_id`, `confirmed_at`, `created_at`, `updated_at`) VALUES (29, 49, 3, '2020-04-12 17:46:26', '2016-03-12 06:28:54', '2015-03-14 23:22:28');
INSERT INTO `friendship` (`user_id`, `friend_id`, `friendship_status_id`, `confirmed_at`, `created_at`, `updated_at`) VALUES (29, 86, 2, '2020-02-24 04:38:06', '2018-02-15 13:31:21', '2016-12-06 21:08:51');
INSERT INTO `friendship` (`user_id`, `friend_id`, `friendship_status_id`, `confirmed_at`, `created_at`, `updated_at`) VALUES (30, 69, 1, '2014-08-26 20:38:36', '2015-03-22 08:22:28', '2011-12-10 12:12:05');
INSERT INTO `friendship` (`user_id`, `friend_id`, `friendship_status_id`, `confirmed_at`, `created_at`, `updated_at`) VALUES (30, 93, 3, '2016-11-27 02:46:02', '2017-06-06 03:24:36', '2019-10-11 23:35:18');
INSERT INTO `friendship` (`user_id`, `friend_id`, `friendship_status_id`, `confirmed_at`, `created_at`, `updated_at`) VALUES (31, 27, 1, '2018-09-22 16:00:13', '2017-05-25 07:06:24', '2015-11-26 21:22:00');
INSERT INTO `friendship` (`user_id`, `friend_id`, `friendship_status_id`, `confirmed_at`, `created_at`, `updated_at`) VALUES (31, 58, 2, '2016-02-24 01:26:50', '2013-07-29 07:45:11', '2016-01-20 20:23:51');
INSERT INTO `friendship` (`user_id`, `friend_id`, `friendship_status_id`, `confirmed_at`, `created_at`, `updated_at`) VALUES (32, 64, 3, '2020-02-06 23:53:34', '2018-11-07 01:00:47', '2019-05-11 13:00:17');
INSERT INTO `friendship` (`user_id`, `friend_id`, `friendship_status_id`, `confirmed_at`, `created_at`, `updated_at`) VALUES (32, 72, 2, '2021-04-28 00:50:04', '2019-04-14 11:19:14', '2015-06-29 03:11:15');
INSERT INTO `friendship` (`user_id`, `friend_id`, `friendship_status_id`, `confirmed_at`, `created_at`, `updated_at`) VALUES (33, 12, 3, '2013-01-27 01:12:10', '2018-01-03 15:46:28', '2018-07-16 07:49:11');
INSERT INTO `friendship` (`user_id`, `friend_id`, `friendship_status_id`, `confirmed_at`, `created_at`, `updated_at`) VALUES (33, 53, 1, '2012-09-25 03:20:39', '2016-08-16 15:04:23', '2016-06-03 05:13:09');
INSERT INTO `friendship` (`user_id`, `friend_id`, `friendship_status_id`, `confirmed_at`, `created_at`, `updated_at`) VALUES (34, 30, 2, '2012-05-30 09:14:31', '2020-05-06 15:40:04', '2021-04-25 23:39:20');
INSERT INTO `friendship` (`user_id`, `friend_id`, `friendship_status_id`, `confirmed_at`, `created_at`, `updated_at`) VALUES (34, 62, 1, '2013-12-30 09:59:35', '2014-07-27 10:24:48', '2021-05-01 00:30:11');
INSERT INTO `friendship` (`user_id`, `friend_id`, `friendship_status_id`, `confirmed_at`, `created_at`, `updated_at`) VALUES (35, 23, 2, '2011-09-28 06:10:29', '2020-02-14 00:34:51', '2017-03-14 00:19:05');
INSERT INTO `friendship` (`user_id`, `friend_id`, `friendship_status_id`, `confirmed_at`, `created_at`, `updated_at`) VALUES (35, 44, 3, '2018-08-10 22:27:57', '2011-11-21 18:37:32', '2020-05-17 01:19:15');
INSERT INTO `friendship` (`user_id`, `friend_id`, `friendship_status_id`, `confirmed_at`, `created_at`, `updated_at`) VALUES (36, 12, 3, '2018-01-03 08:27:50', '2013-05-03 18:34:11', '2012-02-10 18:06:20');
INSERT INTO `friendship` (`user_id`, `friend_id`, `friendship_status_id`, `confirmed_at`, `created_at`, `updated_at`) VALUES (36, 69, 1, '2020-09-14 18:34:08', '2017-07-02 03:09:29', '2020-08-12 05:45:15');
INSERT INTO `friendship` (`user_id`, `friend_id`, `friendship_status_id`, `confirmed_at`, `created_at`, `updated_at`) VALUES (37, 78, 1, '2011-12-19 01:13:49', '2019-11-09 04:00:04', '2016-11-18 15:15:44');
INSERT INTO `friendship` (`user_id`, `friend_id`, `friendship_status_id`, `confirmed_at`, `created_at`, `updated_at`) VALUES (37, 95, 2, '2018-12-08 11:26:14', '2015-03-21 12:17:22', '2017-10-08 16:33:01');
INSERT INTO `friendship` (`user_id`, `friend_id`, `friendship_status_id`, `confirmed_at`, `created_at`, `updated_at`) VALUES (38, 74, 3, '2011-09-22 18:11:42', '2014-01-14 19:50:20', '2017-01-24 13:04:11');
INSERT INTO `friendship` (`user_id`, `friend_id`, `friendship_status_id`, `confirmed_at`, `created_at`, `updated_at`) VALUES (38, 80, 2, '2021-04-13 07:06:07', '2012-08-17 12:14:19', '2019-06-05 06:27:58');
INSERT INTO `friendship` (`user_id`, `friend_id`, `friendship_status_id`, `confirmed_at`, `created_at`, `updated_at`) VALUES (39, 14, 1, '2017-01-09 04:02:30', '2018-08-26 05:43:16', '2014-07-29 21:15:22');
INSERT INTO `friendship` (`user_id`, `friend_id`, `friendship_status_id`, `confirmed_at`, `created_at`, `updated_at`) VALUES (39, 59, 3, '2017-01-12 14:15:20', '2014-07-05 23:02:20', '2015-05-04 07:47:34');
INSERT INTO `friendship` (`user_id`, `friend_id`, `friendship_status_id`, `confirmed_at`, `created_at`, `updated_at`) VALUES (40, 14, 2, '2020-01-12 21:21:21', '2019-09-18 19:07:06', '2017-01-23 18:25:56');
INSERT INTO `friendship` (`user_id`, `friend_id`, `friendship_status_id`, `confirmed_at`, `created_at`, `updated_at`) VALUES (40, 44, 1, '2019-08-02 17:52:03', '2017-02-21 15:19:40', '2015-11-09 07:00:19');
INSERT INTO `friendship` (`user_id`, `friend_id`, `friendship_status_id`, `confirmed_at`, `created_at`, `updated_at`) VALUES (41, 29, 2, '2017-07-05 12:59:30', '2015-02-09 23:27:09', '2020-05-13 00:21:12');
INSERT INTO `friendship` (`user_id`, `friend_id`, `friendship_status_id`, `confirmed_at`, `created_at`, `updated_at`) VALUES (41, 46, 3, '2018-09-26 01:19:04', '2020-10-20 04:14:30', '2018-10-12 15:00:32');
INSERT INTO `friendship` (`user_id`, `friend_id`, `friendship_status_id`, `confirmed_at`, `created_at`, `updated_at`) VALUES (42, 26, 1, '2014-03-04 04:23:04', '2018-01-10 01:13:18', '2020-09-11 16:27:24');
INSERT INTO `friendship` (`user_id`, `friend_id`, `friendship_status_id`, `confirmed_at`, `created_at`, `updated_at`) VALUES (42, 49, 3, '2016-02-18 12:53:00', '2012-07-22 04:39:08', '2012-06-08 20:35:45');
INSERT INTO `friendship` (`user_id`, `friend_id`, `friendship_status_id`, `confirmed_at`, `created_at`, `updated_at`) VALUES (43, 14, 2, '2014-05-31 03:24:04', '2015-07-08 19:05:14', '2012-07-08 23:20:39');
INSERT INTO `friendship` (`user_id`, `friend_id`, `friendship_status_id`, `confirmed_at`, `created_at`, `updated_at`) VALUES (43, 39, 1, '2014-12-05 05:22:25', '2017-11-06 14:36:15', '2014-10-23 18:16:05');
INSERT INTO `friendship` (`user_id`, `friend_id`, `friendship_status_id`, `confirmed_at`, `created_at`, `updated_at`) VALUES (44, 22, 3, '2012-03-08 04:48:22', '2016-06-09 15:24:48', '2017-10-29 08:04:20');
INSERT INTO `friendship` (`user_id`, `friend_id`, `friendship_status_id`, `confirmed_at`, `created_at`, `updated_at`) VALUES (44, 44, 2, '2016-08-08 13:36:53', '2015-05-20 12:22:19', '2011-11-13 13:34:50');
INSERT INTO `friendship` (`user_id`, `friend_id`, `friendship_status_id`, `confirmed_at`, `created_at`, `updated_at`) VALUES (45, 27, 1, '2021-01-05 15:27:38', '2016-09-23 21:53:30', '2013-07-04 00:34:59');
INSERT INTO `friendship` (`user_id`, `friend_id`, `friendship_status_id`, `confirmed_at`, `created_at`, `updated_at`) VALUES (45, 61, 3, '2017-05-11 11:07:51', '2021-04-27 21:35:04', '2012-12-30 13:38:31');
INSERT INTO `friendship` (`user_id`, `friend_id`, `friendship_status_id`, `confirmed_at`, `created_at`, `updated_at`) VALUES (46, 13, 2, '2015-07-11 17:10:43', '2016-11-11 06:57:05', '2019-08-31 21:02:39');
INSERT INTO `friendship` (`user_id`, `friend_id`, `friendship_status_id`, `confirmed_at`, `created_at`, `updated_at`) VALUES (46, 54, 1, '2019-08-30 09:50:42', '2017-12-27 20:52:29', '2020-05-14 14:53:47');
INSERT INTO `friendship` (`user_id`, `friend_id`, `friendship_status_id`, `confirmed_at`, `created_at`, `updated_at`) VALUES (47, 32, 3, '2014-06-13 16:17:38', '2019-09-22 03:16:53', '2014-03-31 02:07:40');
INSERT INTO `friendship` (`user_id`, `friend_id`, `friendship_status_id`, `confirmed_at`, `created_at`, `updated_at`) VALUES (47, 51, 2, '2021-02-10 01:19:47', '2019-03-26 21:53:41', '2017-06-07 12:34:42');
INSERT INTO `friendship` (`user_id`, `friend_id`, `friendship_status_id`, `confirmed_at`, `created_at`, `updated_at`) VALUES (48, 1, 3, '2019-07-19 19:07:45', '2016-09-16 02:55:48', '2016-09-21 18:13:47');
INSERT INTO `friendship` (`user_id`, `friend_id`, `friendship_status_id`, `confirmed_at`, `created_at`, `updated_at`) VALUES (48, 82, 1, '2019-08-28 03:21:04', '2014-04-21 02:53:35', '2017-08-28 18:01:52');
INSERT INTO `friendship` (`user_id`, `friend_id`, `friendship_status_id`, `confirmed_at`, `created_at`, `updated_at`) VALUES (49, 37, 2, '2018-05-01 05:39:34', '2014-12-08 01:29:51', '2011-12-28 12:13:14');
INSERT INTO `friendship` (`user_id`, `friend_id`, `friendship_status_id`, `confirmed_at`, `created_at`, `updated_at`) VALUES (49, 59, 1, '2020-07-08 06:50:26', '2012-09-13 09:10:35', '2016-08-08 04:39:18');
INSERT INTO `friendship` (`user_id`, `friend_id`, `friendship_status_id`, `confirmed_at`, `created_at`, `updated_at`) VALUES (50, 11, 3, '2019-02-01 11:13:47', '2012-03-21 10:08:09', '2012-09-06 16:39:01');
INSERT INTO `friendship` (`user_id`, `friend_id`, `friendship_status_id`, `confirmed_at`, `created_at`, `updated_at`) VALUES (50, 76, 2, '2019-12-23 18:53:22', '2014-03-13 04:11:59', '2014-03-03 08:43:07');
INSERT INTO `friendship` (`user_id`, `friend_id`, `friendship_status_id`, `confirmed_at`, `created_at`, `updated_at`) VALUES (51, 31, 1, '2014-02-02 00:05:25', '2011-07-17 09:37:59', '2014-11-29 19:18:08');
INSERT INTO `friendship` (`user_id`, `friend_id`, `friendship_status_id`, `confirmed_at`, `created_at`, `updated_at`) VALUES (51, 98, 3, '2012-11-15 11:58:54', '2016-10-24 09:49:24', '2013-08-13 16:17:30');
INSERT INTO `friendship` (`user_id`, `friend_id`, `friendship_status_id`, `confirmed_at`, `created_at`, `updated_at`) VALUES (52, 25, 1, '2020-02-19 20:09:44', '2013-08-24 17:45:07', '2015-07-26 12:13:39');
INSERT INTO `friendship` (`user_id`, `friend_id`, `friendship_status_id`, `confirmed_at`, `created_at`, `updated_at`) VALUES (52, 71, 2, '2013-02-04 21:00:52', '2012-01-23 13:43:27', '2017-10-29 21:25:05');
INSERT INTO `friendship` (`user_id`, `friend_id`, `friendship_status_id`, `confirmed_at`, `created_at`, `updated_at`) VALUES (53, 13, 2, '2016-09-13 02:26:38', '2015-04-24 11:56:41', '2015-12-30 07:56:02');
INSERT INTO `friendship` (`user_id`, `friend_id`, `friendship_status_id`, `confirmed_at`, `created_at`, `updated_at`) VALUES (53, 77, 3, '2014-12-05 00:48:40', '2014-01-16 23:52:25', '2014-07-01 04:33:45');
INSERT INTO `friendship` (`user_id`, `friend_id`, `friendship_status_id`, `confirmed_at`, `created_at`, `updated_at`) VALUES (54, 50, 3, '2014-03-02 20:16:25', '2020-02-27 10:52:23', '2016-10-20 18:17:04');
INSERT INTO `friendship` (`user_id`, `friend_id`, `friendship_status_id`, `confirmed_at`, `created_at`, `updated_at`) VALUES (54, 80, 1, '2012-05-19 17:28:55', '2013-04-17 08:32:39', '2012-07-09 06:30:57');
INSERT INTO `friendship` (`user_id`, `friend_id`, `friendship_status_id`, `confirmed_at`, `created_at`, `updated_at`) VALUES (55, 6, 2, '2012-09-21 09:28:49', '2015-02-13 18:16:17', '2017-06-27 08:49:30');
INSERT INTO `friendship` (`user_id`, `friend_id`, `friendship_status_id`, `confirmed_at`, `created_at`, `updated_at`) VALUES (55, 77, 1, '2015-07-16 01:31:46', '2018-06-06 07:42:27', '2016-01-01 20:14:54');
INSERT INTO `friendship` (`user_id`, `friend_id`, `friendship_status_id`, `confirmed_at`, `created_at`, `updated_at`) VALUES (56, 2, 2, '2017-05-10 04:33:05', '2020-09-19 16:38:50', '2018-06-13 06:12:18');
INSERT INTO `friendship` (`user_id`, `friend_id`, `friendship_status_id`, `confirmed_at`, `created_at`, `updated_at`) VALUES (56, 23, 3, '2019-09-18 17:05:25', '2016-04-07 03:52:08', '2012-02-22 18:50:19');
INSERT INTO `friendship` (`user_id`, `friend_id`, `friendship_status_id`, `confirmed_at`, `created_at`, `updated_at`) VALUES (57, 33, 3, '2021-04-30 20:42:15', '2015-05-27 19:39:15', '2016-07-05 16:07:02');
INSERT INTO `friendship` (`user_id`, `friend_id`, `friendship_status_id`, `confirmed_at`, `created_at`, `updated_at`) VALUES (57, 62, 1, '2020-02-29 13:31:46', '2021-03-09 00:46:00', '2016-02-04 22:50:10');
INSERT INTO `friendship` (`user_id`, `friend_id`, `friendship_status_id`, `confirmed_at`, `created_at`, `updated_at`) VALUES (58, 40, 2, '2016-02-20 03:27:20', '2019-06-13 04:52:33', '2018-10-27 11:56:39');
INSERT INTO `friendship` (`user_id`, `friend_id`, `friendship_status_id`, `confirmed_at`, `created_at`, `updated_at`) VALUES (58, 98, 1, '2013-09-19 11:13:35', '2020-06-01 03:25:58', '2019-07-21 16:30:00');
INSERT INTO `friendship` (`user_id`, `friend_id`, `friendship_status_id`, `confirmed_at`, `created_at`, `updated_at`) VALUES (59, 2, 2, '2019-05-06 03:53:59', '2020-10-25 22:05:09', '2011-05-23 17:52:35');
INSERT INTO `friendship` (`user_id`, `friend_id`, `friendship_status_id`, `confirmed_at`, `created_at`, `updated_at`) VALUES (59, 97, 3, '2015-08-23 19:44:43', '2021-03-08 10:18:44', '2018-04-09 02:10:56');
INSERT INTO `friendship` (`user_id`, `friend_id`, `friendship_status_id`, `confirmed_at`, `created_at`, `updated_at`) VALUES (60, 47, 3, '2020-10-19 15:52:12', '2016-04-24 05:39:14', '2012-02-22 02:25:30');
INSERT INTO `friendship` (`user_id`, `friend_id`, `friendship_status_id`, `confirmed_at`, `created_at`, `updated_at`) VALUES (60, 51, 1, '2012-07-19 14:13:16', '2014-03-02 04:24:59', '2016-08-29 10:31:08');
INSERT INTO `friendship` (`user_id`, `friend_id`, `friendship_status_id`, `confirmed_at`, `created_at`, `updated_at`) VALUES (61, 74, 2, '2012-01-28 01:24:52', '2019-01-17 12:30:31', '2016-09-15 01:47:01');
INSERT INTO `friendship` (`user_id`, `friend_id`, `friendship_status_id`, `confirmed_at`, `created_at`, `updated_at`) VALUES (61, 97, 1, '2012-08-14 05:33:40', '2020-03-24 06:38:56', '2013-07-29 22:09:57');
INSERT INTO `friendship` (`user_id`, `friend_id`, `friendship_status_id`, `confirmed_at`, `created_at`, `updated_at`) VALUES (62, 65, 3, '2020-07-23 21:09:31', '2016-11-26 14:30:00', '2016-05-05 06:19:09');
INSERT INTO `friendship` (`user_id`, `friend_id`, `friendship_status_id`, `confirmed_at`, `created_at`, `updated_at`) VALUES (62, 71, 2, '2019-04-23 06:38:06', '2013-07-12 18:33:58', '2018-10-13 22:25:50');
INSERT INTO `friendship` (`user_id`, `friend_id`, `friendship_status_id`, `confirmed_at`, `created_at`, `updated_at`) VALUES (63, 60, 1, '2020-02-18 18:49:47', '2014-04-20 09:32:46', '2013-02-16 06:07:06');
INSERT INTO `friendship` (`user_id`, `friend_id`, `friendship_status_id`, `confirmed_at`, `created_at`, `updated_at`) VALUES (63, 61, 3, '2019-06-21 08:26:18', '2017-12-13 18:17:59', '2015-12-21 08:44:27');
INSERT INTO `friendship` (`user_id`, `friend_id`, `friendship_status_id`, `confirmed_at`, `created_at`, `updated_at`) VALUES (64, 3, 2, '2014-06-16 07:08:41', '2020-11-22 11:49:46', '2016-12-15 15:15:35');
INSERT INTO `friendship` (`user_id`, `friend_id`, `friendship_status_id`, `confirmed_at`, `created_at`, `updated_at`) VALUES (64, 40, 1, '2019-02-28 02:26:28', '2013-01-12 00:42:00', '2015-07-08 09:27:22');
INSERT INTO `friendship` (`user_id`, `friend_id`, `friendship_status_id`, `confirmed_at`, `created_at`, `updated_at`) VALUES (65, 13, 3, '2019-05-07 08:29:12', '2014-03-18 08:48:38', '2020-08-25 23:33:31');
INSERT INTO `friendship` (`user_id`, `friend_id`, `friendship_status_id`, `confirmed_at`, `created_at`, `updated_at`) VALUES (65, 20, 2, '2018-12-25 05:32:23', '2015-03-01 08:23:38', '2011-09-03 02:19:33');
INSERT INTO `friendship` (`user_id`, `friend_id`, `friendship_status_id`, `confirmed_at`, `created_at`, `updated_at`) VALUES (66, 25, 1, '2020-03-06 08:47:38', '2016-11-13 14:04:27', '2012-02-22 17:57:22');
INSERT INTO `friendship` (`user_id`, `friend_id`, `friendship_status_id`, `confirmed_at`, `created_at`, `updated_at`) VALUES (66, 71, 3, '2014-12-26 02:24:48', '2016-04-15 13:10:47', '2021-02-22 16:14:03');
INSERT INTO `friendship` (`user_id`, `friend_id`, `friendship_status_id`, `confirmed_at`, `created_at`, `updated_at`) VALUES (67, 13, 2, '2012-05-26 16:20:22', '2019-02-21 20:31:30', '2016-10-20 00:10:38');
INSERT INTO `friendship` (`user_id`, `friend_id`, `friendship_status_id`, `confirmed_at`, `created_at`, `updated_at`) VALUES (67, 84, 1, '2017-04-04 21:59:18', '2013-04-02 14:38:31', '2020-06-26 20:03:15');
INSERT INTO `friendship` (`user_id`, `friend_id`, `friendship_status_id`, `confirmed_at`, `created_at`, `updated_at`) VALUES (68, 28, 3, '2012-07-23 11:24:05', '2014-07-16 01:25:45', '2013-02-25 19:04:10');
INSERT INTO `friendship` (`user_id`, `friend_id`, `friendship_status_id`, `confirmed_at`, `created_at`, `updated_at`) VALUES (68, 57, 2, '2016-03-26 11:40:13', '2019-04-25 04:46:57', '2011-12-20 05:15:12');
INSERT INTO `friendship` (`user_id`, `friend_id`, `friendship_status_id`, `confirmed_at`, `created_at`, `updated_at`) VALUES (69, 41, 1, '2019-06-19 18:56:00', '2020-11-28 04:08:01', '2013-05-05 10:58:09');
INSERT INTO `friendship` (`user_id`, `friend_id`, `friendship_status_id`, `confirmed_at`, `created_at`, `updated_at`) VALUES (69, 46, 3, '2014-02-04 01:01:35', '2012-06-27 15:46:16', '2019-08-06 15:45:20');
INSERT INTO `friendship` (`user_id`, `friend_id`, `friendship_status_id`, `confirmed_at`, `created_at`, `updated_at`) VALUES (70, 24, 1, '2011-11-12 06:03:06', '2015-03-11 04:57:34', '2012-12-22 21:48:44');
INSERT INTO `friendship` (`user_id`, `friend_id`, `friendship_status_id`, `confirmed_at`, `created_at`, `updated_at`) VALUES (70, 89, 2, '2011-08-12 07:00:16', '2021-02-11 19:46:51', '2017-10-22 09:58:25');
INSERT INTO `friendship` (`user_id`, `friend_id`, `friendship_status_id`, `confirmed_at`, `created_at`, `updated_at`) VALUES (71, 53, 2, '2018-07-03 02:58:24', '2018-04-02 16:35:27', '2017-12-16 15:08:52');
INSERT INTO `friendship` (`user_id`, `friend_id`, `friendship_status_id`, `confirmed_at`, `created_at`, `updated_at`) VALUES (71, 57, 3, '2017-06-24 20:50:59', '2016-02-16 09:51:14', '2016-04-19 03:16:47');
INSERT INTO `friendship` (`user_id`, `friend_id`, `friendship_status_id`, `confirmed_at`, `created_at`, `updated_at`) VALUES (72, 24, 1, '2016-02-24 02:04:54', '2017-10-28 09:43:10', '2015-01-07 17:08:16');
INSERT INTO `friendship` (`user_id`, `friend_id`, `friendship_status_id`, `confirmed_at`, `created_at`, `updated_at`) VALUES (72, 89, 3, '2015-05-12 23:20:28', '2013-09-23 02:45:32', '2018-06-08 01:28:15');
INSERT INTO `friendship` (`user_id`, `friend_id`, `friendship_status_id`, `confirmed_at`, `created_at`, `updated_at`) VALUES (73, 63, 2, '2015-09-02 01:29:17', '2011-09-23 19:33:26', '2011-09-14 02:33:24');
INSERT INTO `friendship` (`user_id`, `friend_id`, `friendship_status_id`, `confirmed_at`, `created_at`, `updated_at`) VALUES (73, 72, 1, '2018-10-31 19:25:25', '2016-05-12 09:23:31', '2019-10-19 19:27:07');
INSERT INTO `friendship` (`user_id`, `friend_id`, `friendship_status_id`, `confirmed_at`, `created_at`, `updated_at`) VALUES (74, 93, 2, '2014-08-29 16:10:36', '2019-05-09 15:17:32', '2018-04-07 19:20:42');
INSERT INTO `friendship` (`user_id`, `friend_id`, `friendship_status_id`, `confirmed_at`, `created_at`, `updated_at`) VALUES (74, 95, 3, '2019-01-30 06:52:19', '2015-10-20 07:13:02', '2020-01-31 04:49:00');
INSERT INTO `friendship` (`user_id`, `friend_id`, `friendship_status_id`, `confirmed_at`, `created_at`, `updated_at`) VALUES (75, 6, 3, '2015-01-08 21:29:37', '2014-07-17 06:42:28', '2015-03-15 00:01:25');
INSERT INTO `friendship` (`user_id`, `friend_id`, `friendship_status_id`, `confirmed_at`, `created_at`, `updated_at`) VALUES (75, 84, 1, '2011-11-05 05:57:34', '2015-12-25 04:49:01', '2019-07-21 07:00:59');
INSERT INTO `friendship` (`user_id`, `friend_id`, `friendship_status_id`, `confirmed_at`, `created_at`, `updated_at`) VALUES (76, 55, 1, '2018-02-28 07:47:34', '2019-01-11 10:03:58', '2015-02-25 17:48:06');
INSERT INTO `friendship` (`user_id`, `friend_id`, `friendship_status_id`, `confirmed_at`, `created_at`, `updated_at`) VALUES (76, 63, 2, '2014-09-29 21:16:01', '2018-06-26 09:52:22', '2013-11-30 03:05:49');
INSERT INTO `friendship` (`user_id`, `friend_id`, `friendship_status_id`, `confirmed_at`, `created_at`, `updated_at`) VALUES (77, 31, 2, '2017-05-24 10:30:37', '2012-04-01 12:00:44', '2014-04-09 06:24:44');
INSERT INTO `friendship` (`user_id`, `friend_id`, `friendship_status_id`, `confirmed_at`, `created_at`, `updated_at`) VALUES (77, 55, 3, '2011-10-05 13:31:43', '2017-07-09 05:38:47', '2014-08-03 05:44:07');
INSERT INTO `friendship` (`user_id`, `friend_id`, `friendship_status_id`, `confirmed_at`, `created_at`, `updated_at`) VALUES (78, 50, 3, '2014-06-15 08:22:29', '2013-09-08 14:01:14', '2015-03-04 13:59:31');
INSERT INTO `friendship` (`user_id`, `friend_id`, `friendship_status_id`, `confirmed_at`, `created_at`, `updated_at`) VALUES (78, 81, 1, '2013-01-08 01:58:02', '2014-10-15 11:54:47', '2017-03-02 12:10:47');
INSERT INTO `friendship` (`user_id`, `friend_id`, `friendship_status_id`, `confirmed_at`, `created_at`, `updated_at`) VALUES (79, 14, 2, '2019-02-16 17:28:23', '2019-06-11 17:28:51', '2020-08-15 06:08:07');
INSERT INTO `friendship` (`user_id`, `friend_id`, `friendship_status_id`, `confirmed_at`, `created_at`, `updated_at`) VALUES (79, 47, 1, '2019-03-31 17:19:12', '2015-06-18 20:53:55', '2012-07-31 23:16:35');
INSERT INTO `friendship` (`user_id`, `friend_id`, `friendship_status_id`, `confirmed_at`, `created_at`, `updated_at`) VALUES (80, 71, 3, '2019-10-07 10:47:03', '2016-04-30 13:12:36', '2017-10-26 02:35:39');
INSERT INTO `friendship` (`user_id`, `friend_id`, `friendship_status_id`, `confirmed_at`, `created_at`, `updated_at`) VALUES (80, 96, 2, '2014-04-05 09:13:41', '2015-06-09 04:18:37', '2012-07-10 19:03:37');
INSERT INTO `friendship` (`user_id`, `friend_id`, `friendship_status_id`, `confirmed_at`, `created_at`, `updated_at`) VALUES (81, 33, 3, '2020-01-14 06:33:08', '2013-05-24 06:51:27', '2013-07-04 20:03:07');
INSERT INTO `friendship` (`user_id`, `friend_id`, `friendship_status_id`, `confirmed_at`, `created_at`, `updated_at`) VALUES (81, 78, 1, '2015-07-28 01:24:34', '2020-08-11 09:57:01', '2019-01-08 19:22:59');
INSERT INTO `friendship` (`user_id`, `friend_id`, `friendship_status_id`, `confirmed_at`, `created_at`, `updated_at`) VALUES (82, 52, 1, '2015-06-10 21:57:31', '2014-10-17 01:50:08', '2016-07-20 20:06:35');
INSERT INTO `friendship` (`user_id`, `friend_id`, `friendship_status_id`, `confirmed_at`, `created_at`, `updated_at`) VALUES (82, 73, 2, '2018-09-24 08:44:09', '2015-11-24 15:19:15', '2014-01-08 09:29:51');
INSERT INTO `friendship` (`user_id`, `friend_id`, `friendship_status_id`, `confirmed_at`, `created_at`, `updated_at`) VALUES (83, 5, 2, '2019-01-24 22:31:52', '2019-02-09 10:55:23', '2014-08-24 13:38:53');
INSERT INTO `friendship` (`user_id`, `friend_id`, `friendship_status_id`, `confirmed_at`, `created_at`, `updated_at`) VALUES (83, 97, 3, '2017-12-08 20:29:41', '2015-01-24 16:01:06', '2011-06-12 09:39:30');
INSERT INTO `friendship` (`user_id`, `friend_id`, `friendship_status_id`, `confirmed_at`, `created_at`, `updated_at`) VALUES (84, 53, 1, '2016-10-01 08:31:52', '2016-10-25 16:42:49', '2013-07-25 11:22:13');
INSERT INTO `friendship` (`user_id`, `friend_id`, `friendship_status_id`, `confirmed_at`, `created_at`, `updated_at`) VALUES (84, 54, 3, '2012-12-26 18:06:01', '2014-03-22 22:51:23', '2021-01-26 07:42:55');
INSERT INTO `friendship` (`user_id`, `friend_id`, `friendship_status_id`, `confirmed_at`, `created_at`, `updated_at`) VALUES (85, 42, 1, '2016-08-24 20:41:09', '2014-12-27 06:09:25', '2016-11-25 04:33:06');
INSERT INTO `friendship` (`user_id`, `friend_id`, `friendship_status_id`, `confirmed_at`, `created_at`, `updated_at`) VALUES (85, 74, 2, '2014-02-11 07:28:54', '2020-11-02 06:40:40', '2012-07-15 22:14:34');
INSERT INTO `friendship` (`user_id`, `friend_id`, `friendship_status_id`, `confirmed_at`, `created_at`, `updated_at`) VALUES (86, 12, 2, '2014-11-13 11:49:01', '2016-02-24 00:32:12', '2017-09-21 01:17:07');
INSERT INTO `friendship` (`user_id`, `friend_id`, `friendship_status_id`, `confirmed_at`, `created_at`, `updated_at`) VALUES (86, 76, 3, '2018-09-06 21:49:43', '2015-01-07 16:34:00', '2017-01-16 02:23:57');
INSERT INTO `friendship` (`user_id`, `friend_id`, `friendship_status_id`, `confirmed_at`, `created_at`, `updated_at`) VALUES (87, 15, 1, '2012-10-15 11:33:46', '2011-12-12 19:47:55', '2012-12-28 16:17:58');
INSERT INTO `friendship` (`user_id`, `friend_id`, `friendship_status_id`, `confirmed_at`, `created_at`, `updated_at`) VALUES (87, 84, 3, '2019-06-01 18:50:30', '2012-02-10 02:06:19', '2016-05-30 19:41:31');
INSERT INTO `friendship` (`user_id`, `friend_id`, `friendship_status_id`, `confirmed_at`, `created_at`, `updated_at`) VALUES (88, 1, 2, '2016-06-04 01:55:55', '2017-08-03 13:19:49', '2014-05-08 07:12:14');
INSERT INTO `friendship` (`user_id`, `friend_id`, `friendship_status_id`, `confirmed_at`, `created_at`, `updated_at`) VALUES (88, 88, 1, '2012-11-07 00:44:56', '2018-05-13 17:52:56', '2019-11-12 22:22:11');
INSERT INTO `friendship` (`user_id`, `friend_id`, `friendship_status_id`, `confirmed_at`, `created_at`, `updated_at`) VALUES (89, 31, 2, '2013-08-10 21:05:19', '2017-02-03 02:06:41', '2011-08-23 01:08:05');
INSERT INTO `friendship` (`user_id`, `friend_id`, `friendship_status_id`, `confirmed_at`, `created_at`, `updated_at`) VALUES (89, 85, 3, '2012-01-08 12:57:24', '2016-01-19 02:14:21', '2021-05-03 11:05:22');
INSERT INTO `friendship` (`user_id`, `friend_id`, `friendship_status_id`, `confirmed_at`, `created_at`, `updated_at`) VALUES (90, 31, 3, '2017-08-24 23:58:54', '2019-12-29 01:26:59', '2013-05-13 06:45:59');
INSERT INTO `friendship` (`user_id`, `friend_id`, `friendship_status_id`, `confirmed_at`, `created_at`, `updated_at`) VALUES (90, 34, 1, '2011-10-20 15:18:53', '2013-01-07 13:20:23', '2017-06-30 16:59:15');
INSERT INTO `friendship` (`user_id`, `friend_id`, `friendship_status_id`, `confirmed_at`, `created_at`, `updated_at`) VALUES (91, 37, 1, '2020-04-20 04:14:03', '2013-06-25 09:08:50', '2019-03-08 01:11:29');
INSERT INTO `friendship` (`user_id`, `friend_id`, `friendship_status_id`, `confirmed_at`, `created_at`, `updated_at`) VALUES (91, 64, 2, '2012-11-30 10:31:58', '2016-02-13 09:47:31', '2013-03-07 13:53:07');
INSERT INTO `friendship` (`user_id`, `friend_id`, `friendship_status_id`, `confirmed_at`, `created_at`, `updated_at`) VALUES (92, 71, 3, '2012-12-26 07:55:14', '2020-11-20 12:09:35', '2014-01-24 21:33:14');
INSERT INTO `friendship` (`user_id`, `friend_id`, `friendship_status_id`, `confirmed_at`, `created_at`, `updated_at`) VALUES (92, 76, 2, '2018-09-21 10:44:42', '2021-03-20 12:08:03', '2019-01-04 11:10:21');
INSERT INTO `friendship` (`user_id`, `friend_id`, `friendship_status_id`, `confirmed_at`, `created_at`, `updated_at`) VALUES (93, 16, 1, '2015-12-13 02:14:24', '2013-02-15 15:15:30', '2019-12-02 02:46:39');
INSERT INTO `friendship` (`user_id`, `friend_id`, `friendship_status_id`, `confirmed_at`, `created_at`, `updated_at`) VALUES (93, 39, 3, '2020-10-10 04:25:32', '2014-08-12 09:33:22', '2021-04-02 18:06:34');
INSERT INTO `friendship` (`user_id`, `friend_id`, `friendship_status_id`, `confirmed_at`, `created_at`, `updated_at`) VALUES (94, 12, 1, '2015-07-14 00:42:52', '2012-01-31 16:25:49', '2013-12-24 09:48:21');
INSERT INTO `friendship` (`user_id`, `friend_id`, `friendship_status_id`, `confirmed_at`, `created_at`, `updated_at`) VALUES (94, 59, 2, '2020-10-29 07:55:42', '2015-10-14 16:46:30', '2019-07-22 04:21:48');
INSERT INTO `friendship` (`user_id`, `friend_id`, `friendship_status_id`, `confirmed_at`, `created_at`, `updated_at`) VALUES (95, 29, 2, '2014-03-05 10:51:16', '2017-02-06 13:39:25', '2019-07-27 17:40:43');
INSERT INTO `friendship` (`user_id`, `friend_id`, `friendship_status_id`, `confirmed_at`, `created_at`, `updated_at`) VALUES (95, 49, 3, '2020-05-04 12:59:38', '2016-09-30 11:48:16', '2020-05-24 11:52:22');
INSERT INTO `friendship` (`user_id`, `friend_id`, `friendship_status_id`, `confirmed_at`, `created_at`, `updated_at`) VALUES (96, 24, 3, '2019-07-28 11:46:43', '2018-06-24 01:45:41', '2013-02-07 22:50:02');
INSERT INTO `friendship` (`user_id`, `friend_id`, `friendship_status_id`, `confirmed_at`, `created_at`, `updated_at`) VALUES (96, 77, 1, '2017-05-28 03:24:02', '2018-09-07 01:35:48', '2014-11-09 09:45:27');
INSERT INTO `friendship` (`user_id`, `friend_id`, `friendship_status_id`, `confirmed_at`, `created_at`, `updated_at`) VALUES (97, 12, 1, '2014-05-17 16:05:07', '2016-01-29 00:54:33', '2020-07-05 20:38:54');
INSERT INTO `friendship` (`user_id`, `friend_id`, `friendship_status_id`, `confirmed_at`, `created_at`, `updated_at`) VALUES (97, 53, 2, '2016-05-18 06:18:26', '2020-02-26 16:02:35', '2019-01-30 01:29:20');
INSERT INTO `friendship` (`user_id`, `friend_id`, `friendship_status_id`, `confirmed_at`, `created_at`, `updated_at`) VALUES (98, 9, 3, '2021-02-03 13:32:16', '2012-05-15 10:35:39', '2013-05-25 16:12:07');
INSERT INTO `friendship` (`user_id`, `friend_id`, `friendship_status_id`, `confirmed_at`, `created_at`, `updated_at`) VALUES (98, 17, 2, '2012-07-16 06:36:22', '2015-02-22 17:30:47', '2011-12-09 18:58:33');
INSERT INTO `friendship` (`user_id`, `friend_id`, `friendship_status_id`, `confirmed_at`, `created_at`, `updated_at`) VALUES (99, 30, 1, '2021-04-24 16:52:48', '2013-01-30 20:58:23', '2020-02-24 06:13:20');
INSERT INTO `friendship` (`user_id`, `friend_id`, `friendship_status_id`, `confirmed_at`, `created_at`, `updated_at`) VALUES (99, 39, 3, '2019-03-18 16:06:57', '2014-05-27 17:13:05', '2021-02-20 08:46:18');
INSERT INTO `friendship` (`user_id`, `friend_id`, `friendship_status_id`, `confirmed_at`, `created_at`, `updated_at`) VALUES (100, 81, 1, '2018-03-08 13:07:26', '2015-12-14 11:09:13', '2012-08-19 11:16:59');
INSERT INTO `friendship` (`user_id`, `friend_id`, `friendship_status_id`, `confirmed_at`, `created_at`, `updated_at`) VALUES (100, 97, 2, '2016-01-27 18:38:55', '2013-02-05 04:51:07', '2015-04-29 09:45:43');


#
# TABLE STRUCTURE FOR: friendship_statuses
#

DROP TABLE IF EXISTS `friendship_statuses`;

CREATE TABLE `friendship_statuses` (
  `id` int(10) unsigned NOT NULL AUTO_INCREMENT COMMENT 'Идентификатор строки',
  `name` varchar(25) COLLATE utf8mb4_unicode_ci NOT NULL COMMENT 'Название статуса',
  `created_at` datetime DEFAULT current_timestamp() COMMENT 'Время создания строки',
  `updated_at` datetime DEFAULT current_timestamp() ON UPDATE current_timestamp() COMMENT 'Время обновления строки',
  PRIMARY KEY (`id`),
  UNIQUE KEY `name` (`name`)
) ENGINE=InnoDB AUTO_INCREMENT=4 DEFAULT CHARSET=utf8mb4 COLLATE=utf8mb4_unicode_ci COMMENT='Статусы дружбы';

INSERT INTO `friendship_statuses` (`id`, `name`, `created_at`, `updated_at`) VALUES (1, ' Rejected', '2020-04-16 09:57:52', '2016-04-27 13:27:51');
INSERT INTO `friendship_statuses` (`id`, `name`, `created_at`, `updated_at`) VALUES (2, ' Requested', '2013-05-12 00:16:49', '2020-09-06 03:58:58');
INSERT INTO `friendship_statuses` (`id`, `name`, `created_at`, `updated_at`) VALUES (3, 'Confirmed', '2020-09-29 07:06:31', '2013-01-22 08:30:10');


#
# TABLE STRUCTURE FOR: games
#

DROP TABLE IF EXISTS `games`;

CREATE TABLE `games` (
  `id` int(10) unsigned NOT NULL AUTO_INCREMENT COMMENT 'Идентификатор строки',
  `name` varchar(100) COLLATE utf8mb4_unicode_ci NOT NULL COMMENT 'Имя игры',
  `author_id` int(10) unsigned NOT NULL COMMENT 'Автор игры',
  `genre_id` int(10) unsigned NOT NULL COMMENT 'Жанр игры',
  `cost` int(11) NOT NULL COMMENT 'Цена',
  `created_at` datetime DEFAULT current_timestamp() COMMENT 'Дата выпуски игры',
  `updated_at` datetime DEFAULT current_timestamp() ON UPDATE current_timestamp() COMMENT 'Время обновления строки',
  PRIMARY KEY (`id`),
  UNIQUE KEY `name` (`name`)
) ENGINE=InnoDB AUTO_INCREMENT=51 DEFAULT CHARSET=utf8mb4 COLLATE=utf8mb4_unicode_ci COMMENT='игры';

INSERT INTO `games` (`id`, `name`, `author_id`, `genre_id`, `cost`, `created_at`, `updated_at`) VALUES (1, 'aperiam', 1, 1, 1998, '2014-10-26 13:13:27', '2020-04-15 21:45:22');
INSERT INTO `games` (`id`, `name`, `author_id`, `genre_id`, `cost`, `created_at`, `updated_at`) VALUES (2, 'atque', 2, 2, 3250, '2020-09-29 02:06:46', '2013-05-30 16:20:40');
INSERT INTO `games` (`id`, `name`, `author_id`, `genre_id`, `cost`, `created_at`, `updated_at`) VALUES (3, 'deserunt', 3, 3, 85, '2017-12-25 16:02:45', '2016-12-20 20:10:46');
INSERT INTO `games` (`id`, `name`, `author_id`, `genre_id`, `cost`, `created_at`, `updated_at`) VALUES (4, 'deleniti', 4, 4, 4572, '2011-06-18 11:37:52', '2011-07-09 07:32:55');
INSERT INTO `games` (`id`, `name`, `author_id`, `genre_id`, `cost`, `created_at`, `updated_at`) VALUES (5, 'dignissimos', 5, 5, 122784834, '2014-07-14 15:00:15', '2014-12-26 06:08:06');
INSERT INTO `games` (`id`, `name`, `author_id`, `genre_id`, `cost`, `created_at`, `updated_at`) VALUES (6, 'non', 6, 6, 66, '2020-01-04 22:43:54', '2013-02-17 15:03:28');
INSERT INTO `games` (`id`, `name`, `author_id`, `genre_id`, `cost`, `created_at`, `updated_at`) VALUES (7, 'molestias', 7, 7, 447711, '2015-12-30 11:52:42', '2018-05-10 07:05:12');
INSERT INTO `games` (`id`, `name`, `author_id`, `genre_id`, `cost`, `created_at`, `updated_at`) VALUES (8, 'quasi', 8, 1, 34487405, '2018-08-17 03:36:53', '2015-02-24 15:28:11');
INSERT INTO `games` (`id`, `name`, `author_id`, `genre_id`, `cost`, `created_at`, `updated_at`) VALUES (9, 'numquam', 9, 2, 87, '2014-05-12 05:00:29', '2012-01-23 02:34:41');
INSERT INTO `games` (`id`, `name`, `author_id`, `genre_id`, `cost`, `created_at`, `updated_at`) VALUES (10, 'omnis', 10, 3, 45, '2013-07-06 00:50:02', '2020-01-19 15:37:44');
INSERT INTO `games` (`id`, `name`, `author_id`, `genre_id`, `cost`, `created_at`, `updated_at`) VALUES (11, 'laboriosam', 1, 4, 749, '2019-05-02 07:10:02', '2016-07-26 00:08:46');
INSERT INTO `games` (`id`, `name`, `author_id`, `genre_id`, `cost`, `created_at`, `updated_at`) VALUES (12, 'consequatur', 2, 5, 96319, '2019-10-17 19:50:16', '2019-03-16 06:30:15');
INSERT INTO `games` (`id`, `name`, `author_id`, `genre_id`, `cost`, `created_at`, `updated_at`) VALUES (13, 'id', 3, 6, 91, '2017-10-04 03:37:20', '2020-08-02 05:22:58');
INSERT INTO `games` (`id`, `name`, `author_id`, `genre_id`, `cost`, `created_at`, `updated_at`) VALUES (14, 'nihil', 4, 7, 77, '2011-10-17 20:13:59', '2014-01-21 14:05:06');
INSERT INTO `games` (`id`, `name`, `author_id`, `genre_id`, `cost`, `created_at`, `updated_at`) VALUES (15, 'dolor', 5, 1, 55, '2017-02-06 23:25:38', '2013-04-28 22:18:26');
INSERT INTO `games` (`id`, `name`, `author_id`, `genre_id`, `cost`, `created_at`, `updated_at`) VALUES (16, 'dolorum', 6, 2, 36875784, '2012-07-09 01:55:12', '2013-06-19 03:15:55');
INSERT INTO `games` (`id`, `name`, `author_id`, `genre_id`, `cost`, `created_at`, `updated_at`) VALUES (17, 'cum', 7, 3, 22, '2020-05-23 01:04:34', '2015-11-04 12:08:11');
INSERT INTO `games` (`id`, `name`, `author_id`, `genre_id`, `cost`, `created_at`, `updated_at`) VALUES (18, 'assumenda', 8, 4, 289, '2011-10-27 09:37:26', '2017-02-27 04:27:00');
INSERT INTO `games` (`id`, `name`, `author_id`, `genre_id`, `cost`, `created_at`, `updated_at`) VALUES (19, 'officiis', 9, 5, 1869, '2019-06-02 12:09:45', '2019-06-30 00:28:03');
INSERT INTO `games` (`id`, `name`, `author_id`, `genre_id`, `cost`, `created_at`, `updated_at`) VALUES (20, 'fuga', 10, 6, 11608, '2015-01-31 06:06:05', '2016-11-24 00:26:46');
INSERT INTO `games` (`id`, `name`, `author_id`, `genre_id`, `cost`, `created_at`, `updated_at`) VALUES (21, 'sunt', 1, 7, 87, '2014-12-10 11:17:37', '2020-08-02 04:50:45');
INSERT INTO `games` (`id`, `name`, `author_id`, `genre_id`, `cost`, `created_at`, `updated_at`) VALUES (22, 'sed', 2, 1, 474759, '2020-01-30 06:59:44', '2013-02-20 01:19:57');
INSERT INTO `games` (`id`, `name`, `author_id`, `genre_id`, `cost`, `created_at`, `updated_at`) VALUES (23, 'enim', 3, 2, 19735, '2016-06-23 02:17:45', '2019-12-29 05:16:34');
INSERT INTO `games` (`id`, `name`, `author_id`, `genre_id`, `cost`, `created_at`, `updated_at`) VALUES (24, 'et', 4, 3, 431, '2015-09-02 08:29:50', '2018-02-04 23:56:35');
INSERT INTO `games` (`id`, `name`, `author_id`, `genre_id`, `cost`, `created_at`, `updated_at`) VALUES (25, 'qui', 5, 4, 39734, '2014-10-02 09:36:20', '2017-11-02 11:21:45');
INSERT INTO `games` (`id`, `name`, `author_id`, `genre_id`, `cost`, `created_at`, `updated_at`) VALUES (26, 'soluta', 6, 5, 87879142, '2020-01-27 04:39:59', '2014-07-13 08:56:52');
INSERT INTO `games` (`id`, `name`, `author_id`, `genre_id`, `cost`, `created_at`, `updated_at`) VALUES (27, 'minus', 7, 6, 36, '2018-03-21 01:13:45', '2016-02-18 09:55:58');
INSERT INTO `games` (`id`, `name`, `author_id`, `genre_id`, `cost`, `created_at`, `updated_at`) VALUES (28, 'quidem', 8, 7, 92, '2013-07-18 19:09:34', '2012-04-26 00:15:07');
INSERT INTO `games` (`id`, `name`, `author_id`, `genre_id`, `cost`, `created_at`, `updated_at`) VALUES (29, 'est', 9, 1, 165878, '2016-01-11 15:13:16', '2012-11-28 10:56:20');
INSERT INTO `games` (`id`, `name`, `author_id`, `genre_id`, `cost`, `created_at`, `updated_at`) VALUES (30, 'autem', 10, 2, 4178, '2019-06-21 07:23:07', '2011-11-28 06:12:41');
INSERT INTO `games` (`id`, `name`, `author_id`, `genre_id`, `cost`, `created_at`, `updated_at`) VALUES (31, 'earum', 1, 3, 1573792, '2011-06-10 09:12:03', '2015-08-10 21:01:50');
INSERT INTO `games` (`id`, `name`, `author_id`, `genre_id`, `cost`, `created_at`, `updated_at`) VALUES (32, 'laudantium', 2, 4, 49, '2017-09-02 02:42:21', '2015-10-02 09:36:49');
INSERT INTO `games` (`id`, `name`, `author_id`, `genre_id`, `cost`, `created_at`, `updated_at`) VALUES (33, 'culpa', 3, 5, 16684, '2016-09-24 06:41:54', '2017-05-08 02:08:01');
INSERT INTO `games` (`id`, `name`, `author_id`, `genre_id`, `cost`, `created_at`, `updated_at`) VALUES (34, 'temporibus', 4, 6, 79, '2019-11-04 07:40:59', '2012-11-04 09:22:16');
INSERT INTO `games` (`id`, `name`, `author_id`, `genre_id`, `cost`, `created_at`, `updated_at`) VALUES (35, 'ex', 5, 7, 88, '2020-08-24 00:24:10', '2020-11-26 04:16:55');
INSERT INTO `games` (`id`, `name`, `author_id`, `genre_id`, `cost`, `created_at`, `updated_at`) VALUES (36, 'rem', 6, 1, 757901, '2020-11-18 19:19:00', '2017-03-05 12:25:54');
INSERT INTO `games` (`id`, `name`, `author_id`, `genre_id`, `cost`, `created_at`, `updated_at`) VALUES (37, 'doloribus', 7, 2, 1885, '2015-04-13 21:57:50', '2020-04-04 20:04:42');
INSERT INTO `games` (`id`, `name`, `author_id`, `genre_id`, `cost`, `created_at`, `updated_at`) VALUES (38, 'quo', 8, 3, 4343372, '2015-07-19 02:08:23', '2013-05-28 05:02:03');
INSERT INTO `games` (`id`, `name`, `author_id`, `genre_id`, `cost`, `created_at`, `updated_at`) VALUES (39, 'nulla', 9, 4, 89, '2018-04-27 21:28:25', '2014-08-20 07:12:37');
INSERT INTO `games` (`id`, `name`, `author_id`, `genre_id`, `cost`, `created_at`, `updated_at`) VALUES (40, 'ea', 10, 5, 437, '2018-03-06 11:58:50', '2020-07-26 10:56:46');
INSERT INTO `games` (`id`, `name`, `author_id`, `genre_id`, `cost`, `created_at`, `updated_at`) VALUES (41, 'fugit', 1, 6, 469107914, '2011-09-26 12:43:57', '2017-01-09 20:07:22');
INSERT INTO `games` (`id`, `name`, `author_id`, `genre_id`, `cost`, `created_at`, `updated_at`) VALUES (42, 'consequuntur', 2, 7, 252475992, '2020-03-05 03:57:44', '2018-06-03 08:21:42');
INSERT INTO `games` (`id`, `name`, `author_id`, `genre_id`, `cost`, `created_at`, `updated_at`) VALUES (43, 'incidunt', 3, 1, 221155, '2020-08-29 08:11:54', '2020-01-16 21:07:48');
INSERT INTO `games` (`id`, `name`, `author_id`, `genre_id`, `cost`, `created_at`, `updated_at`) VALUES (44, 'suscipit', 4, 2, 8503, '2012-05-26 08:02:15', '2019-07-07 08:53:48');
INSERT INTO `games` (`id`, `name`, `author_id`, `genre_id`, `cost`, `created_at`, `updated_at`) VALUES (45, 'error', 5, 3, 24, '2015-04-09 15:53:11', '2015-04-20 11:08:10');
INSERT INTO `games` (`id`, `name`, `author_id`, `genre_id`, `cost`, `created_at`, `updated_at`) VALUES (46, 'praesentium', 6, 4, 492672, '2018-01-11 20:52:01', '2014-09-04 11:12:57');
INSERT INTO `games` (`id`, `name`, `author_id`, `genre_id`, `cost`, `created_at`, `updated_at`) VALUES (47, 'ducimus', 7, 5, 90, '2020-08-12 18:41:17', '2013-05-15 01:03:26');
INSERT INTO `games` (`id`, `name`, `author_id`, `genre_id`, `cost`, `created_at`, `updated_at`) VALUES (48, 'dicta', 8, 6, 40, '2021-02-20 23:27:30', '2017-12-24 05:02:24');
INSERT INTO `games` (`id`, `name`, `author_id`, `genre_id`, `cost`, `created_at`, `updated_at`) VALUES (49, 'debitis', 9, 7, 2162, '2011-11-05 04:30:56', '2011-07-03 22:45:54');
INSERT INTO `games` (`id`, `name`, `author_id`, `genre_id`, `cost`, `created_at`, `updated_at`) VALUES (50, 'iste', 10, 1, 27628587, '2017-05-09 23:20:31', '2019-04-24 11:17:05');


#
# TABLE STRUCTURE FOR: genres
#

DROP TABLE IF EXISTS `genres`;

CREATE TABLE `genres` (
  `id` int(10) unsigned NOT NULL AUTO_INCREMENT COMMENT 'Идентификатор строки',
  `name` varchar(25) COLLATE utf8mb4_unicode_ci NOT NULL COMMENT 'Жанр игры',
  `created_at` datetime DEFAULT current_timestamp() COMMENT 'Время создания строки',
  `updated_at` datetime DEFAULT current_timestamp() ON UPDATE current_timestamp() COMMENT 'Время обновления строки',
  PRIMARY KEY (`id`),
  UNIQUE KEY `name` (`name`)
) ENGINE=InnoDB AUTO_INCREMENT=8 DEFAULT CHARSET=utf8mb4 COLLATE=utf8mb4_unicode_ci COMMENT='Жанр';

INSERT INTO `genres` (`id`, `name`, `created_at`, `updated_at`) VALUES (1, ' Racing', '2013-09-09 03:02:48', '2020-05-25 03:07:56');
INSERT INTO `genres` (`id`, `name`, `created_at`, `updated_at`) VALUES (2, ' Sport', '2017-05-16 19:58:59', '2013-03-13 15:58:31');
INSERT INTO `genres` (`id`, `name`, `created_at`, `updated_at`) VALUES (3, ' Fighting', '2019-08-05 15:54:26', '2017-04-23 20:19:11');
INSERT INTO `genres` (`id`, `name`, `created_at`, `updated_at`) VALUES (4, ' Puzzle', '2014-09-03 10:42:25', '2016-04-21 20:42:43');
INSERT INTO `genres` (`id`, `name`, `created_at`, `updated_at`) VALUES (5, ' Strategy', '2018-11-03 20:14:36', '2013-10-27 06:35:48');
INSERT INTO `genres` (`id`, `name`, `created_at`, `updated_at`) VALUES (6, 'Action', '2016-10-13 09:22:07', '2018-06-17 04:26:04');
INSERT INTO `genres` (`id`, `name`, `created_at`, `updated_at`) VALUES (7, ' Adventure', '2017-01-10 16:51:29', '2015-11-21 07:27:16');


#
# TABLE STRUCTURE FOR: likes
#

DROP TABLE IF EXISTS `likes`;

CREATE TABLE `likes` (
  `id` int(10) unsigned NOT NULL AUTO_INCREMENT,
  `user_id` int(10) unsigned NOT NULL COMMENT 'Ссылка на автор like',
  `target_type` enum('screenshots','games') COLLATE utf8mb4_unicode_ci NOT NULL COMMENT 'В таблицу target_type',
  `target_id` int(10) unsigned NOT NULL COMMENT 'id в таблице target_type',
  `created_at` datetime DEFAULT current_timestamp() COMMENT 'Время создания строки',
  PRIMARY KEY (`id`)
) ENGINE=InnoDB AUTO_INCREMENT=301 DEFAULT CHARSET=utf8mb4 COLLATE=utf8mb4_unicode_ci COMMENT='Likes table';

INSERT INTO `likes` (`id`, `user_id`, `target_type`, `target_id`, `created_at`) VALUES (1, 1, 'games', 37, '2017-12-21 13:52:42');
INSERT INTO `likes` (`id`, `user_id`, `target_type`, `target_id`, `created_at`) VALUES (2, 2, 'screenshots', 91, '2018-02-16 09:33:48');
INSERT INTO `likes` (`id`, `user_id`, `target_type`, `target_id`, `created_at`) VALUES (3, 3, 'games', 68, '2012-04-12 07:46:25');
INSERT INTO `likes` (`id`, `user_id`, `target_type`, `target_id`, `created_at`) VALUES (4, 4, 'screenshots', 36, '2019-07-11 23:48:14');
INSERT INTO `likes` (`id`, `user_id`, `target_type`, `target_id`, `created_at`) VALUES (5, 5, 'games', 78, '2011-05-31 21:00:50');
INSERT INTO `likes` (`id`, `user_id`, `target_type`, `target_id`, `created_at`) VALUES (6, 6, 'screenshots', 12, '2016-07-01 19:02:15');
INSERT INTO `likes` (`id`, `user_id`, `target_type`, `target_id`, `created_at`) VALUES (7, 7, 'games', 97, '2012-05-21 23:06:09');
INSERT INTO `likes` (`id`, `user_id`, `target_type`, `target_id`, `created_at`) VALUES (8, 8, 'games', 185, '2016-05-05 16:06:30');
INSERT INTO `likes` (`id`, `user_id`, `target_type`, `target_id`, `created_at`) VALUES (9, 9, 'games', 65, '2016-11-24 07:59:09');
INSERT INTO `likes` (`id`, `user_id`, `target_type`, `target_id`, `created_at`) VALUES (10, 10, 'games', 33, '2018-08-09 01:10:35');
INSERT INTO `likes` (`id`, `user_id`, `target_type`, `target_id`, `created_at`) VALUES (11, 11, 'games', 4, '2019-02-02 17:54:54');
INSERT INTO `likes` (`id`, `user_id`, `target_type`, `target_id`, `created_at`) VALUES (12, 12, 'games', 99, '2011-10-10 01:16:30');
INSERT INTO `likes` (`id`, `user_id`, `target_type`, `target_id`, `created_at`) VALUES (13, 13, 'screenshots', 199, '2017-02-06 19:18:06');
INSERT INTO `likes` (`id`, `user_id`, `target_type`, `target_id`, `created_at`) VALUES (14, 14, 'games', 168, '2018-03-08 16:08:20');
INSERT INTO `likes` (`id`, `user_id`, `target_type`, `target_id`, `created_at`) VALUES (15, 15, 'games', 152, '2011-06-09 21:02:56');
INSERT INTO `likes` (`id`, `user_id`, `target_type`, `target_id`, `created_at`) VALUES (16, 16, 'screenshots', 95, '2017-05-02 11:18:12');
INSERT INTO `likes` (`id`, `user_id`, `target_type`, `target_id`, `created_at`) VALUES (17, 17, 'games', 37, '2020-09-17 00:46:27');
INSERT INTO `likes` (`id`, `user_id`, `target_type`, `target_id`, `created_at`) VALUES (18, 18, 'screenshots', 155, '2019-09-21 05:46:11');
INSERT INTO `likes` (`id`, `user_id`, `target_type`, `target_id`, `created_at`) VALUES (19, 19, 'games', 18, '2019-03-22 20:56:50');
INSERT INTO `likes` (`id`, `user_id`, `target_type`, `target_id`, `created_at`) VALUES (20, 20, 'screenshots', 164, '2021-02-25 02:43:56');
INSERT INTO `likes` (`id`, `user_id`, `target_type`, `target_id`, `created_at`) VALUES (21, 21, 'games', 162, '2013-06-12 02:21:47');
INSERT INTO `likes` (`id`, `user_id`, `target_type`, `target_id`, `created_at`) VALUES (22, 22, 'games', 188, '2015-12-04 02:23:02');
INSERT INTO `likes` (`id`, `user_id`, `target_type`, `target_id`, `created_at`) VALUES (23, 23, 'screenshots', 154, '2016-12-28 13:30:51');
INSERT INTO `likes` (`id`, `user_id`, `target_type`, `target_id`, `created_at`) VALUES (24, 24, 'screenshots', 78, '2019-06-27 03:56:18');
INSERT INTO `likes` (`id`, `user_id`, `target_type`, `target_id`, `created_at`) VALUES (25, 25, 'screenshots', 63, '2019-04-27 09:23:17');
INSERT INTO `likes` (`id`, `user_id`, `target_type`, `target_id`, `created_at`) VALUES (26, 26, 'games', 184, '2014-06-26 15:03:22');
INSERT INTO `likes` (`id`, `user_id`, `target_type`, `target_id`, `created_at`) VALUES (27, 27, 'screenshots', 69, '2013-10-03 12:33:06');
INSERT INTO `likes` (`id`, `user_id`, `target_type`, `target_id`, `created_at`) VALUES (28, 28, 'games', 185, '2015-04-22 21:59:08');
INSERT INTO `likes` (`id`, `user_id`, `target_type`, `target_id`, `created_at`) VALUES (29, 29, 'games', 54, '2015-10-27 10:31:48');
INSERT INTO `likes` (`id`, `user_id`, `target_type`, `target_id`, `created_at`) VALUES (30, 30, 'screenshots', 44, '2021-01-26 02:14:47');
INSERT INTO `likes` (`id`, `user_id`, `target_type`, `target_id`, `created_at`) VALUES (31, 31, 'games', 91, '2012-05-18 00:29:47');
INSERT INTO `likes` (`id`, `user_id`, `target_type`, `target_id`, `created_at`) VALUES (32, 32, 'games', 91, '2018-03-11 04:09:02');
INSERT INTO `likes` (`id`, `user_id`, `target_type`, `target_id`, `created_at`) VALUES (33, 33, 'screenshots', 197, '2015-08-11 16:55:57');
INSERT INTO `likes` (`id`, `user_id`, `target_type`, `target_id`, `created_at`) VALUES (34, 34, 'games', 1, '2019-03-15 00:46:06');
INSERT INTO `likes` (`id`, `user_id`, `target_type`, `target_id`, `created_at`) VALUES (35, 35, 'games', 7, '2021-04-08 20:49:11');
INSERT INTO `likes` (`id`, `user_id`, `target_type`, `target_id`, `created_at`) VALUES (36, 36, 'games', 88, '2015-06-20 05:04:47');
INSERT INTO `likes` (`id`, `user_id`, `target_type`, `target_id`, `created_at`) VALUES (37, 37, 'games', 110, '2016-02-19 01:15:31');
INSERT INTO `likes` (`id`, `user_id`, `target_type`, `target_id`, `created_at`) VALUES (38, 38, 'games', 129, '2013-11-04 16:38:30');
INSERT INTO `likes` (`id`, `user_id`, `target_type`, `target_id`, `created_at`) VALUES (39, 39, 'games', 15, '2019-12-27 06:34:16');
INSERT INTO `likes` (`id`, `user_id`, `target_type`, `target_id`, `created_at`) VALUES (40, 40, 'screenshots', 62, '2017-03-12 01:36:45');
INSERT INTO `likes` (`id`, `user_id`, `target_type`, `target_id`, `created_at`) VALUES (41, 41, 'screenshots', 190, '2014-11-14 16:44:30');
INSERT INTO `likes` (`id`, `user_id`, `target_type`, `target_id`, `created_at`) VALUES (42, 42, 'games', 175, '2017-12-11 09:41:41');
INSERT INTO `likes` (`id`, `user_id`, `target_type`, `target_id`, `created_at`) VALUES (43, 43, 'screenshots', 71, '2012-09-11 17:11:42');
INSERT INTO `likes` (`id`, `user_id`, `target_type`, `target_id`, `created_at`) VALUES (44, 44, 'games', 56, '2020-01-07 02:18:57');
INSERT INTO `likes` (`id`, `user_id`, `target_type`, `target_id`, `created_at`) VALUES (45, 45, 'games', 112, '2013-05-26 06:20:50');
INSERT INTO `likes` (`id`, `user_id`, `target_type`, `target_id`, `created_at`) VALUES (46, 46, 'screenshots', 122, '2012-10-10 06:35:38');
INSERT INTO `likes` (`id`, `user_id`, `target_type`, `target_id`, `created_at`) VALUES (47, 47, 'games', 107, '2016-12-09 21:51:44');
INSERT INTO `likes` (`id`, `user_id`, `target_type`, `target_id`, `created_at`) VALUES (48, 48, 'games', 125, '2020-12-20 14:54:47');
INSERT INTO `likes` (`id`, `user_id`, `target_type`, `target_id`, `created_at`) VALUES (49, 49, 'screenshots', 1, '2016-10-14 05:30:40');
INSERT INTO `likes` (`id`, `user_id`, `target_type`, `target_id`, `created_at`) VALUES (50, 50, 'games', 183, '2016-01-26 05:00:10');
INSERT INTO `likes` (`id`, `user_id`, `target_type`, `target_id`, `created_at`) VALUES (51, 51, 'games', 161, '2018-02-19 21:14:08');
INSERT INTO `likes` (`id`, `user_id`, `target_type`, `target_id`, `created_at`) VALUES (52, 52, 'games', 25, '2011-09-11 22:17:31');
INSERT INTO `likes` (`id`, `user_id`, `target_type`, `target_id`, `created_at`) VALUES (53, 53, 'games', 49, '2011-08-26 04:36:12');
INSERT INTO `likes` (`id`, `user_id`, `target_type`, `target_id`, `created_at`) VALUES (54, 54, 'games', 118, '2014-08-07 14:28:55');
INSERT INTO `likes` (`id`, `user_id`, `target_type`, `target_id`, `created_at`) VALUES (55, 55, 'screenshots', 176, '2011-05-28 17:37:33');
INSERT INTO `likes` (`id`, `user_id`, `target_type`, `target_id`, `created_at`) VALUES (56, 56, 'screenshots', 146, '2011-08-07 20:37:02');
INSERT INTO `likes` (`id`, `user_id`, `target_type`, `target_id`, `created_at`) VALUES (57, 57, 'games', 81, '2013-11-09 06:55:42');
INSERT INTO `likes` (`id`, `user_id`, `target_type`, `target_id`, `created_at`) VALUES (58, 58, 'screenshots', 64, '2013-09-26 06:32:53');
INSERT INTO `likes` (`id`, `user_id`, `target_type`, `target_id`, `created_at`) VALUES (59, 59, 'screenshots', 1, '2021-03-29 09:15:23');
INSERT INTO `likes` (`id`, `user_id`, `target_type`, `target_id`, `created_at`) VALUES (60, 60, 'games', 82, '2017-07-29 17:13:25');
INSERT INTO `likes` (`id`, `user_id`, `target_type`, `target_id`, `created_at`) VALUES (61, 61, 'games', 36, '2014-12-19 17:44:06');
INSERT INTO `likes` (`id`, `user_id`, `target_type`, `target_id`, `created_at`) VALUES (62, 62, 'screenshots', 6, '2019-01-27 06:35:24');
INSERT INTO `likes` (`id`, `user_id`, `target_type`, `target_id`, `created_at`) VALUES (63, 63, 'games', 88, '2015-11-29 01:21:00');
INSERT INTO `likes` (`id`, `user_id`, `target_type`, `target_id`, `created_at`) VALUES (64, 64, 'screenshots', 146, '2011-08-12 07:54:55');
INSERT INTO `likes` (`id`, `user_id`, `target_type`, `target_id`, `created_at`) VALUES (65, 65, 'games', 174, '2017-10-07 11:31:41');
INSERT INTO `likes` (`id`, `user_id`, `target_type`, `target_id`, `created_at`) VALUES (66, 66, 'games', 197, '2019-10-08 22:56:47');
INSERT INTO `likes` (`id`, `user_id`, `target_type`, `target_id`, `created_at`) VALUES (67, 67, 'screenshots', 52, '2014-06-01 16:17:26');
INSERT INTO `likes` (`id`, `user_id`, `target_type`, `target_id`, `created_at`) VALUES (68, 68, 'games', 156, '2016-05-03 21:16:13');
INSERT INTO `likes` (`id`, `user_id`, `target_type`, `target_id`, `created_at`) VALUES (69, 69, 'screenshots', 173, '2018-05-30 06:26:43');
INSERT INTO `likes` (`id`, `user_id`, `target_type`, `target_id`, `created_at`) VALUES (70, 70, 'screenshots', 57, '2020-10-31 13:46:49');
INSERT INTO `likes` (`id`, `user_id`, `target_type`, `target_id`, `created_at`) VALUES (71, 71, 'screenshots', 151, '2012-12-12 22:12:44');
INSERT INTO `likes` (`id`, `user_id`, `target_type`, `target_id`, `created_at`) VALUES (72, 72, 'games', 159, '2013-07-08 00:55:30');
INSERT INTO `likes` (`id`, `user_id`, `target_type`, `target_id`, `created_at`) VALUES (73, 73, 'screenshots', 101, '2015-03-28 03:28:44');
INSERT INTO `likes` (`id`, `user_id`, `target_type`, `target_id`, `created_at`) VALUES (74, 74, 'games', 115, '2013-07-23 01:57:25');
INSERT INTO `likes` (`id`, `user_id`, `target_type`, `target_id`, `created_at`) VALUES (75, 75, 'games', 140, '2015-06-22 07:00:52');
INSERT INTO `likes` (`id`, `user_id`, `target_type`, `target_id`, `created_at`) VALUES (76, 76, 'games', 99, '2011-09-09 14:09:30');
INSERT INTO `likes` (`id`, `user_id`, `target_type`, `target_id`, `created_at`) VALUES (77, 77, 'games', 94, '2011-09-04 08:18:34');
INSERT INTO `likes` (`id`, `user_id`, `target_type`, `target_id`, `created_at`) VALUES (78, 78, 'games', 47, '2014-01-01 04:17:18');
INSERT INTO `likes` (`id`, `user_id`, `target_type`, `target_id`, `created_at`) VALUES (79, 79, 'screenshots', 159, '2013-01-01 19:27:46');
INSERT INTO `likes` (`id`, `user_id`, `target_type`, `target_id`, `created_at`) VALUES (80, 80, 'screenshots', 110, '2016-04-20 09:23:08');
INSERT INTO `likes` (`id`, `user_id`, `target_type`, `target_id`, `created_at`) VALUES (81, 81, 'screenshots', 85, '2017-10-23 03:18:39');
INSERT INTO `likes` (`id`, `user_id`, `target_type`, `target_id`, `created_at`) VALUES (82, 82, 'screenshots', 124, '2015-03-18 17:52:14');
INSERT INTO `likes` (`id`, `user_id`, `target_type`, `target_id`, `created_at`) VALUES (83, 83, 'games', 12, '2012-07-04 21:37:30');
INSERT INTO `likes` (`id`, `user_id`, `target_type`, `target_id`, `created_at`) VALUES (84, 84, 'screenshots', 82, '2012-08-08 20:58:36');
INSERT INTO `likes` (`id`, `user_id`, `target_type`, `target_id`, `created_at`) VALUES (85, 85, 'screenshots', 86, '2014-10-28 01:07:38');
INSERT INTO `likes` (`id`, `user_id`, `target_type`, `target_id`, `created_at`) VALUES (86, 86, 'screenshots', 77, '2019-05-26 02:15:08');
INSERT INTO `likes` (`id`, `user_id`, `target_type`, `target_id`, `created_at`) VALUES (87, 87, 'games', 74, '2017-02-25 05:53:14');
INSERT INTO `likes` (`id`, `user_id`, `target_type`, `target_id`, `created_at`) VALUES (88, 88, 'games', 135, '2018-04-26 12:38:52');
INSERT INTO `likes` (`id`, `user_id`, `target_type`, `target_id`, `created_at`) VALUES (89, 89, 'games', 106, '2011-08-09 10:32:45');
INSERT INTO `likes` (`id`, `user_id`, `target_type`, `target_id`, `created_at`) VALUES (90, 90, 'games', 50, '2015-07-22 02:17:56');
INSERT INTO `likes` (`id`, `user_id`, `target_type`, `target_id`, `created_at`) VALUES (91, 91, 'games', 42, '2020-07-29 21:04:43');
INSERT INTO `likes` (`id`, `user_id`, `target_type`, `target_id`, `created_at`) VALUES (92, 92, 'games', 52, '2015-04-02 12:20:48');
INSERT INTO `likes` (`id`, `user_id`, `target_type`, `target_id`, `created_at`) VALUES (93, 93, 'screenshots', 2, '2013-11-11 22:46:12');
INSERT INTO `likes` (`id`, `user_id`, `target_type`, `target_id`, `created_at`) VALUES (94, 94, 'screenshots', 117, '2020-04-22 14:26:35');
INSERT INTO `likes` (`id`, `user_id`, `target_type`, `target_id`, `created_at`) VALUES (95, 95, 'screenshots', 155, '2017-08-23 04:57:36');
INSERT INTO `likes` (`id`, `user_id`, `target_type`, `target_id`, `created_at`) VALUES (96, 96, 'games', 41, '2020-09-08 01:57:59');
INSERT INTO `likes` (`id`, `user_id`, `target_type`, `target_id`, `created_at`) VALUES (97, 97, 'screenshots', 100, '2018-10-07 20:42:33');
INSERT INTO `likes` (`id`, `user_id`, `target_type`, `target_id`, `created_at`) VALUES (98, 98, 'games', 52, '2019-12-29 04:01:46');
INSERT INTO `likes` (`id`, `user_id`, `target_type`, `target_id`, `created_at`) VALUES (99, 99, 'games', 85, '2021-03-18 05:09:05');
INSERT INTO `likes` (`id`, `user_id`, `target_type`, `target_id`, `created_at`) VALUES (100, 100, 'games', 162, '2019-10-15 23:14:37');
INSERT INTO `likes` (`id`, `user_id`, `target_type`, `target_id`, `created_at`) VALUES (101, 1, 'screenshots', 137, '2015-06-22 01:32:21');
INSERT INTO `likes` (`id`, `user_id`, `target_type`, `target_id`, `created_at`) VALUES (102, 2, 'screenshots', 195, '2019-10-16 21:01:36');
INSERT INTO `likes` (`id`, `user_id`, `target_type`, `target_id`, `created_at`) VALUES (103, 3, 'screenshots', 15, '2014-02-09 23:21:34');
INSERT INTO `likes` (`id`, `user_id`, `target_type`, `target_id`, `created_at`) VALUES (104, 4, 'games', 185, '2012-05-12 13:05:48');
INSERT INTO `likes` (`id`, `user_id`, `target_type`, `target_id`, `created_at`) VALUES (105, 5, 'games', 183, '2012-09-26 01:32:58');
INSERT INTO `likes` (`id`, `user_id`, `target_type`, `target_id`, `created_at`) VALUES (106, 6, 'games', 45, '2020-10-12 06:57:00');
INSERT INTO `likes` (`id`, `user_id`, `target_type`, `target_id`, `created_at`) VALUES (107, 7, 'screenshots', 41, '2019-03-17 21:55:22');
INSERT INTO `likes` (`id`, `user_id`, `target_type`, `target_id`, `created_at`) VALUES (108, 8, 'screenshots', 41, '2019-02-22 01:13:28');
INSERT INTO `likes` (`id`, `user_id`, `target_type`, `target_id`, `created_at`) VALUES (109, 9, 'screenshots', 110, '2012-06-17 16:37:12');
INSERT INTO `likes` (`id`, `user_id`, `target_type`, `target_id`, `created_at`) VALUES (110, 10, 'games', 39, '2018-01-02 08:45:30');
INSERT INTO `likes` (`id`, `user_id`, `target_type`, `target_id`, `created_at`) VALUES (111, 11, 'screenshots', 24, '2015-06-07 13:32:36');
INSERT INTO `likes` (`id`, `user_id`, `target_type`, `target_id`, `created_at`) VALUES (112, 12, 'games', 188, '2013-02-17 20:19:01');
INSERT INTO `likes` (`id`, `user_id`, `target_type`, `target_id`, `created_at`) VALUES (113, 13, 'screenshots', 86, '2012-10-08 06:03:18');
INSERT INTO `likes` (`id`, `user_id`, `target_type`, `target_id`, `created_at`) VALUES (114, 14, 'games', 15, '2013-12-11 13:48:46');
INSERT INTO `likes` (`id`, `user_id`, `target_type`, `target_id`, `created_at`) VALUES (115, 15, 'screenshots', 112, '2013-01-31 06:07:40');
INSERT INTO `likes` (`id`, `user_id`, `target_type`, `target_id`, `created_at`) VALUES (116, 16, 'screenshots', 116, '2012-05-03 02:27:04');
INSERT INTO `likes` (`id`, `user_id`, `target_type`, `target_id`, `created_at`) VALUES (117, 17, 'games', 134, '2013-01-14 06:55:07');
INSERT INTO `likes` (`id`, `user_id`, `target_type`, `target_id`, `created_at`) VALUES (118, 18, 'screenshots', 133, '2016-08-08 14:55:21');
INSERT INTO `likes` (`id`, `user_id`, `target_type`, `target_id`, `created_at`) VALUES (119, 19, 'screenshots', 70, '2016-03-23 02:37:22');
INSERT INTO `likes` (`id`, `user_id`, `target_type`, `target_id`, `created_at`) VALUES (120, 20, 'screenshots', 92, '2013-02-19 15:02:35');
INSERT INTO `likes` (`id`, `user_id`, `target_type`, `target_id`, `created_at`) VALUES (121, 21, 'games', 58, '2012-01-31 13:08:44');
INSERT INTO `likes` (`id`, `user_id`, `target_type`, `target_id`, `created_at`) VALUES (122, 22, 'games', 117, '2015-12-13 19:17:24');
INSERT INTO `likes` (`id`, `user_id`, `target_type`, `target_id`, `created_at`) VALUES (123, 23, 'screenshots', 85, '2011-11-14 20:08:12');
INSERT INTO `likes` (`id`, `user_id`, `target_type`, `target_id`, `created_at`) VALUES (124, 24, 'games', 173, '2020-06-29 15:32:31');
INSERT INTO `likes` (`id`, `user_id`, `target_type`, `target_id`, `created_at`) VALUES (125, 25, 'games', 153, '2015-04-12 22:19:43');
INSERT INTO `likes` (`id`, `user_id`, `target_type`, `target_id`, `created_at`) VALUES (126, 26, 'screenshots', 10, '2020-02-12 01:57:24');
INSERT INTO `likes` (`id`, `user_id`, `target_type`, `target_id`, `created_at`) VALUES (127, 27, 'games', 24, '2015-05-21 22:22:12');
INSERT INTO `likes` (`id`, `user_id`, `target_type`, `target_id`, `created_at`) VALUES (128, 28, 'games', 28, '2016-06-05 18:07:50');
INSERT INTO `likes` (`id`, `user_id`, `target_type`, `target_id`, `created_at`) VALUES (129, 29, 'screenshots', 42, '2015-09-22 03:44:41');
INSERT INTO `likes` (`id`, `user_id`, `target_type`, `target_id`, `created_at`) VALUES (130, 30, 'screenshots', 45, '2012-05-14 04:48:39');
INSERT INTO `likes` (`id`, `user_id`, `target_type`, `target_id`, `created_at`) VALUES (131, 31, 'screenshots', 32, '2013-07-15 10:02:01');
INSERT INTO `likes` (`id`, `user_id`, `target_type`, `target_id`, `created_at`) VALUES (132, 32, 'screenshots', 123, '2018-01-22 13:07:40');
INSERT INTO `likes` (`id`, `user_id`, `target_type`, `target_id`, `created_at`) VALUES (133, 33, 'screenshots', 68, '2016-04-06 13:23:38');
INSERT INTO `likes` (`id`, `user_id`, `target_type`, `target_id`, `created_at`) VALUES (134, 34, 'screenshots', 71, '2014-12-06 13:23:38');
INSERT INTO `likes` (`id`, `user_id`, `target_type`, `target_id`, `created_at`) VALUES (135, 35, 'screenshots', 183, '2021-05-05 13:15:44');
INSERT INTO `likes` (`id`, `user_id`, `target_type`, `target_id`, `created_at`) VALUES (136, 36, 'screenshots', 79, '2013-11-17 01:59:45');
INSERT INTO `likes` (`id`, `user_id`, `target_type`, `target_id`, `created_at`) VALUES (137, 37, 'screenshots', 55, '2012-12-01 18:44:00');
INSERT INTO `likes` (`id`, `user_id`, `target_type`, `target_id`, `created_at`) VALUES (138, 38, 'games', 76, '2019-11-11 07:51:02');
INSERT INTO `likes` (`id`, `user_id`, `target_type`, `target_id`, `created_at`) VALUES (139, 39, 'screenshots', 136, '2017-10-31 09:00:03');
INSERT INTO `likes` (`id`, `user_id`, `target_type`, `target_id`, `created_at`) VALUES (140, 40, 'screenshots', 70, '2021-01-25 15:57:47');
INSERT INTO `likes` (`id`, `user_id`, `target_type`, `target_id`, `created_at`) VALUES (141, 41, 'games', 185, '2019-10-09 16:31:35');
INSERT INTO `likes` (`id`, `user_id`, `target_type`, `target_id`, `created_at`) VALUES (142, 42, 'games', 182, '2015-05-05 08:35:32');
INSERT INTO `likes` (`id`, `user_id`, `target_type`, `target_id`, `created_at`) VALUES (143, 43, 'games', 19, '2013-05-31 05:06:23');
INSERT INTO `likes` (`id`, `user_id`, `target_type`, `target_id`, `created_at`) VALUES (144, 44, 'games', 17, '2016-06-06 13:14:25');
INSERT INTO `likes` (`id`, `user_id`, `target_type`, `target_id`, `created_at`) VALUES (145, 45, 'screenshots', 74, '2014-05-22 14:36:28');
INSERT INTO `likes` (`id`, `user_id`, `target_type`, `target_id`, `created_at`) VALUES (146, 46, 'screenshots', 140, '2021-01-22 23:19:37');
INSERT INTO `likes` (`id`, `user_id`, `target_type`, `target_id`, `created_at`) VALUES (147, 47, 'screenshots', 27, '2019-07-19 02:18:21');
INSERT INTO `likes` (`id`, `user_id`, `target_type`, `target_id`, `created_at`) VALUES (148, 48, 'screenshots', 185, '2018-04-19 18:31:47');
INSERT INTO `likes` (`id`, `user_id`, `target_type`, `target_id`, `created_at`) VALUES (149, 49, 'games', 22, '2015-11-12 14:03:01');
INSERT INTO `likes` (`id`, `user_id`, `target_type`, `target_id`, `created_at`) VALUES (150, 50, 'screenshots', 134, '2021-03-26 16:01:28');
INSERT INTO `likes` (`id`, `user_id`, `target_type`, `target_id`, `created_at`) VALUES (151, 51, 'games', 1, '2019-08-31 09:10:49');
INSERT INTO `likes` (`id`, `user_id`, `target_type`, `target_id`, `created_at`) VALUES (152, 52, 'games', 116, '2018-01-29 14:10:58');
INSERT INTO `likes` (`id`, `user_id`, `target_type`, `target_id`, `created_at`) VALUES (153, 53, 'games', 133, '2017-03-26 15:24:51');
INSERT INTO `likes` (`id`, `user_id`, `target_type`, `target_id`, `created_at`) VALUES (154, 54, 'screenshots', 124, '2012-12-13 14:05:31');
INSERT INTO `likes` (`id`, `user_id`, `target_type`, `target_id`, `created_at`) VALUES (155, 55, 'screenshots', 189, '2011-09-19 22:46:49');
INSERT INTO `likes` (`id`, `user_id`, `target_type`, `target_id`, `created_at`) VALUES (156, 56, 'screenshots', 136, '2012-09-08 10:21:00');
INSERT INTO `likes` (`id`, `user_id`, `target_type`, `target_id`, `created_at`) VALUES (157, 57, 'games', 52, '2018-05-16 12:32:42');
INSERT INTO `likes` (`id`, `user_id`, `target_type`, `target_id`, `created_at`) VALUES (158, 58, 'games', 131, '2019-01-06 21:07:23');
INSERT INTO `likes` (`id`, `user_id`, `target_type`, `target_id`, `created_at`) VALUES (159, 59, 'screenshots', 35, '2020-10-28 06:54:28');
INSERT INTO `likes` (`id`, `user_id`, `target_type`, `target_id`, `created_at`) VALUES (160, 60, 'games', 158, '2012-08-04 22:35:02');
INSERT INTO `likes` (`id`, `user_id`, `target_type`, `target_id`, `created_at`) VALUES (161, 61, 'screenshots', 184, '2017-01-26 23:04:19');
INSERT INTO `likes` (`id`, `user_id`, `target_type`, `target_id`, `created_at`) VALUES (162, 62, 'screenshots', 184, '2018-02-18 17:31:24');
INSERT INTO `likes` (`id`, `user_id`, `target_type`, `target_id`, `created_at`) VALUES (163, 63, 'games', 16, '2019-03-10 06:42:14');
INSERT INTO `likes` (`id`, `user_id`, `target_type`, `target_id`, `created_at`) VALUES (164, 64, 'screenshots', 107, '2018-06-12 07:18:41');
INSERT INTO `likes` (`id`, `user_id`, `target_type`, `target_id`, `created_at`) VALUES (165, 65, 'screenshots', 32, '2016-08-01 18:41:17');
INSERT INTO `likes` (`id`, `user_id`, `target_type`, `target_id`, `created_at`) VALUES (166, 66, 'games', 85, '2012-06-23 08:03:24');
INSERT INTO `likes` (`id`, `user_id`, `target_type`, `target_id`, `created_at`) VALUES (167, 67, 'games', 60, '2012-06-16 21:34:45');
INSERT INTO `likes` (`id`, `user_id`, `target_type`, `target_id`, `created_at`) VALUES (168, 68, 'games', 57, '2019-04-23 12:42:42');
INSERT INTO `likes` (`id`, `user_id`, `target_type`, `target_id`, `created_at`) VALUES (169, 69, 'screenshots', 122, '2013-04-24 04:07:13');
INSERT INTO `likes` (`id`, `user_id`, `target_type`, `target_id`, `created_at`) VALUES (170, 70, 'games', 170, '2019-11-20 09:15:26');
INSERT INTO `likes` (`id`, `user_id`, `target_type`, `target_id`, `created_at`) VALUES (171, 71, 'games', 21, '2020-11-09 20:25:43');
INSERT INTO `likes` (`id`, `user_id`, `target_type`, `target_id`, `created_at`) VALUES (172, 72, 'screenshots', 59, '2021-05-18 02:33:21');
INSERT INTO `likes` (`id`, `user_id`, `target_type`, `target_id`, `created_at`) VALUES (173, 73, 'games', 173, '2015-10-23 03:42:40');
INSERT INTO `likes` (`id`, `user_id`, `target_type`, `target_id`, `created_at`) VALUES (174, 74, 'games', 18, '2020-10-02 10:29:59');
INSERT INTO `likes` (`id`, `user_id`, `target_type`, `target_id`, `created_at`) VALUES (175, 75, 'screenshots', 157, '2017-06-02 23:46:27');
INSERT INTO `likes` (`id`, `user_id`, `target_type`, `target_id`, `created_at`) VALUES (176, 76, 'screenshots', 96, '2012-10-15 16:06:43');
INSERT INTO `likes` (`id`, `user_id`, `target_type`, `target_id`, `created_at`) VALUES (177, 77, 'screenshots', 174, '2013-08-16 04:22:23');
INSERT INTO `likes` (`id`, `user_id`, `target_type`, `target_id`, `created_at`) VALUES (178, 78, 'games', 154, '2012-02-27 21:01:44');
INSERT INTO `likes` (`id`, `user_id`, `target_type`, `target_id`, `created_at`) VALUES (179, 79, 'games', 158, '2019-10-26 15:59:33');
INSERT INTO `likes` (`id`, `user_id`, `target_type`, `target_id`, `created_at`) VALUES (180, 80, 'games', 75, '2019-03-31 12:54:38');
INSERT INTO `likes` (`id`, `user_id`, `target_type`, `target_id`, `created_at`) VALUES (181, 81, 'games', 137, '2018-12-22 10:07:27');
INSERT INTO `likes` (`id`, `user_id`, `target_type`, `target_id`, `created_at`) VALUES (182, 82, 'screenshots', 23, '2012-04-19 08:10:43');
INSERT INTO `likes` (`id`, `user_id`, `target_type`, `target_id`, `created_at`) VALUES (183, 83, 'games', 147, '2014-05-16 15:41:24');
INSERT INTO `likes` (`id`, `user_id`, `target_type`, `target_id`, `created_at`) VALUES (184, 84, 'games', 88, '2014-02-14 12:33:53');
INSERT INTO `likes` (`id`, `user_id`, `target_type`, `target_id`, `created_at`) VALUES (185, 85, 'games', 88, '2018-06-05 18:40:46');
INSERT INTO `likes` (`id`, `user_id`, `target_type`, `target_id`, `created_at`) VALUES (186, 86, 'screenshots', 69, '2019-04-18 07:25:50');
INSERT INTO `likes` (`id`, `user_id`, `target_type`, `target_id`, `created_at`) VALUES (187, 87, 'screenshots', 86, '2012-03-24 22:50:43');
INSERT INTO `likes` (`id`, `user_id`, `target_type`, `target_id`, `created_at`) VALUES (188, 88, 'games', 25, '2020-08-02 21:47:49');
INSERT INTO `likes` (`id`, `user_id`, `target_type`, `target_id`, `created_at`) VALUES (189, 89, 'screenshots', 61, '2020-08-04 23:45:03');
INSERT INTO `likes` (`id`, `user_id`, `target_type`, `target_id`, `created_at`) VALUES (190, 90, 'games', 50, '2012-09-22 17:04:07');
INSERT INTO `likes` (`id`, `user_id`, `target_type`, `target_id`, `created_at`) VALUES (191, 91, 'games', 102, '2016-05-14 11:24:01');
INSERT INTO `likes` (`id`, `user_id`, `target_type`, `target_id`, `created_at`) VALUES (192, 92, 'screenshots', 135, '2013-07-28 13:05:28');
INSERT INTO `likes` (`id`, `user_id`, `target_type`, `target_id`, `created_at`) VALUES (193, 93, 'games', 12, '2014-09-06 15:31:46');
INSERT INTO `likes` (`id`, `user_id`, `target_type`, `target_id`, `created_at`) VALUES (194, 94, 'screenshots', 93, '2012-03-12 19:35:07');
INSERT INTO `likes` (`id`, `user_id`, `target_type`, `target_id`, `created_at`) VALUES (195, 95, 'screenshots', 159, '2020-11-19 06:46:44');
INSERT INTO `likes` (`id`, `user_id`, `target_type`, `target_id`, `created_at`) VALUES (196, 96, 'screenshots', 72, '2011-11-12 17:58:33');
INSERT INTO `likes` (`id`, `user_id`, `target_type`, `target_id`, `created_at`) VALUES (197, 97, 'screenshots', 103, '2020-12-10 06:34:26');
INSERT INTO `likes` (`id`, `user_id`, `target_type`, `target_id`, `created_at`) VALUES (198, 98, 'games', 17, '2015-03-04 15:03:50');
INSERT INTO `likes` (`id`, `user_id`, `target_type`, `target_id`, `created_at`) VALUES (199, 99, 'games', 7, '2018-10-13 23:48:26');
INSERT INTO `likes` (`id`, `user_id`, `target_type`, `target_id`, `created_at`) VALUES (200, 100, 'screenshots', 73, '2015-07-12 17:35:06');
INSERT INTO `likes` (`id`, `user_id`, `target_type`, `target_id`, `created_at`) VALUES (201, 1, 'games', 2, '2013-06-19 04:06:47');
INSERT INTO `likes` (`id`, `user_id`, `target_type`, `target_id`, `created_at`) VALUES (202, 2, 'games', 52, '2012-04-22 13:37:28');
INSERT INTO `likes` (`id`, `user_id`, `target_type`, `target_id`, `created_at`) VALUES (203, 3, 'games', 114, '2015-06-12 10:12:18');
INSERT INTO `likes` (`id`, `user_id`, `target_type`, `target_id`, `created_at`) VALUES (204, 4, 'screenshots', 41, '2012-05-04 11:36:02');
INSERT INTO `likes` (`id`, `user_id`, `target_type`, `target_id`, `created_at`) VALUES (205, 5, 'games', 21, '2020-07-07 10:00:32');
INSERT INTO `likes` (`id`, `user_id`, `target_type`, `target_id`, `created_at`) VALUES (206, 6, 'games', 35, '2013-11-24 02:30:36');
INSERT INTO `likes` (`id`, `user_id`, `target_type`, `target_id`, `created_at`) VALUES (207, 7, 'screenshots', 30, '2011-11-26 22:48:34');
INSERT INTO `likes` (`id`, `user_id`, `target_type`, `target_id`, `created_at`) VALUES (208, 8, 'screenshots', 67, '2014-06-24 08:48:16');
INSERT INTO `likes` (`id`, `user_id`, `target_type`, `target_id`, `created_at`) VALUES (209, 9, 'screenshots', 26, '2020-07-02 02:12:57');
INSERT INTO `likes` (`id`, `user_id`, `target_type`, `target_id`, `created_at`) VALUES (210, 10, 'games', 77, '2019-11-22 21:04:09');
INSERT INTO `likes` (`id`, `user_id`, `target_type`, `target_id`, `created_at`) VALUES (211, 11, 'games', 17, '2013-03-09 10:48:30');
INSERT INTO `likes` (`id`, `user_id`, `target_type`, `target_id`, `created_at`) VALUES (212, 12, 'games', 111, '2019-08-18 11:24:30');
INSERT INTO `likes` (`id`, `user_id`, `target_type`, `target_id`, `created_at`) VALUES (213, 13, 'games', 20, '2018-02-07 12:53:05');
INSERT INTO `likes` (`id`, `user_id`, `target_type`, `target_id`, `created_at`) VALUES (214, 14, 'games', 95, '2019-11-06 13:59:50');
INSERT INTO `likes` (`id`, `user_id`, `target_type`, `target_id`, `created_at`) VALUES (215, 15, 'games', 117, '2012-12-28 07:29:37');
INSERT INTO `likes` (`id`, `user_id`, `target_type`, `target_id`, `created_at`) VALUES (216, 16, 'screenshots', 130, '2016-10-29 20:50:59');
INSERT INTO `likes` (`id`, `user_id`, `target_type`, `target_id`, `created_at`) VALUES (217, 17, 'games', 86, '2017-07-22 10:06:27');
INSERT INTO `likes` (`id`, `user_id`, `target_type`, `target_id`, `created_at`) VALUES (218, 18, 'screenshots', 199, '2012-08-18 16:34:50');
INSERT INTO `likes` (`id`, `user_id`, `target_type`, `target_id`, `created_at`) VALUES (219, 19, 'screenshots', 164, '2013-10-05 12:06:43');
INSERT INTO `likes` (`id`, `user_id`, `target_type`, `target_id`, `created_at`) VALUES (220, 20, 'games', 150, '2013-12-26 01:14:21');
INSERT INTO `likes` (`id`, `user_id`, `target_type`, `target_id`, `created_at`) VALUES (221, 21, 'games', 162, '2018-10-23 23:57:01');
INSERT INTO `likes` (`id`, `user_id`, `target_type`, `target_id`, `created_at`) VALUES (222, 22, 'games', 66, '2018-11-21 08:22:46');
INSERT INTO `likes` (`id`, `user_id`, `target_type`, `target_id`, `created_at`) VALUES (223, 23, 'games', 198, '2018-12-30 19:36:25');
INSERT INTO `likes` (`id`, `user_id`, `target_type`, `target_id`, `created_at`) VALUES (224, 24, 'games', 75, '2020-11-08 19:58:34');
INSERT INTO `likes` (`id`, `user_id`, `target_type`, `target_id`, `created_at`) VALUES (225, 25, 'games', 94, '2012-12-23 04:31:09');
INSERT INTO `likes` (`id`, `user_id`, `target_type`, `target_id`, `created_at`) VALUES (226, 26, 'games', 38, '2021-04-20 17:58:07');
INSERT INTO `likes` (`id`, `user_id`, `target_type`, `target_id`, `created_at`) VALUES (227, 27, 'games', 52, '2019-11-22 11:20:08');
INSERT INTO `likes` (`id`, `user_id`, `target_type`, `target_id`, `created_at`) VALUES (228, 28, 'screenshots', 19, '2014-09-16 02:40:16');
INSERT INTO `likes` (`id`, `user_id`, `target_type`, `target_id`, `created_at`) VALUES (229, 29, 'screenshots', 81, '2013-08-18 07:59:35');
INSERT INTO `likes` (`id`, `user_id`, `target_type`, `target_id`, `created_at`) VALUES (230, 30, 'games', 4, '2012-01-02 20:50:02');
INSERT INTO `likes` (`id`, `user_id`, `target_type`, `target_id`, `created_at`) VALUES (231, 31, 'screenshots', 95, '2011-06-07 12:25:50');
INSERT INTO `likes` (`id`, `user_id`, `target_type`, `target_id`, `created_at`) VALUES (232, 32, 'screenshots', 113, '2020-07-12 12:26:01');
INSERT INTO `likes` (`id`, `user_id`, `target_type`, `target_id`, `created_at`) VALUES (233, 33, 'screenshots', 89, '2020-11-06 05:43:08');
INSERT INTO `likes` (`id`, `user_id`, `target_type`, `target_id`, `created_at`) VALUES (234, 34, 'screenshots', 32, '2016-05-23 03:56:03');
INSERT INTO `likes` (`id`, `user_id`, `target_type`, `target_id`, `created_at`) VALUES (235, 35, 'screenshots', 128, '2018-04-24 13:08:00');
INSERT INTO `likes` (`id`, `user_id`, `target_type`, `target_id`, `created_at`) VALUES (236, 36, 'games', 161, '2013-12-08 14:08:41');
INSERT INTO `likes` (`id`, `user_id`, `target_type`, `target_id`, `created_at`) VALUES (237, 37, 'screenshots', 72, '2014-07-27 03:34:41');
INSERT INTO `likes` (`id`, `user_id`, `target_type`, `target_id`, `created_at`) VALUES (238, 38, 'games', 27, '2020-08-13 02:39:22');
INSERT INTO `likes` (`id`, `user_id`, `target_type`, `target_id`, `created_at`) VALUES (239, 39, 'screenshots', 61, '2011-12-10 12:03:43');
INSERT INTO `likes` (`id`, `user_id`, `target_type`, `target_id`, `created_at`) VALUES (240, 40, 'screenshots', 6, '2017-12-06 10:09:39');
INSERT INTO `likes` (`id`, `user_id`, `target_type`, `target_id`, `created_at`) VALUES (241, 41, 'games', 136, '2019-12-13 13:39:51');
INSERT INTO `likes` (`id`, `user_id`, `target_type`, `target_id`, `created_at`) VALUES (242, 42, 'screenshots', 23, '2011-12-04 09:54:00');
INSERT INTO `likes` (`id`, `user_id`, `target_type`, `target_id`, `created_at`) VALUES (243, 43, 'screenshots', 163, '2016-10-10 23:22:44');
INSERT INTO `likes` (`id`, `user_id`, `target_type`, `target_id`, `created_at`) VALUES (244, 44, 'screenshots', 191, '2013-12-01 02:41:53');
INSERT INTO `likes` (`id`, `user_id`, `target_type`, `target_id`, `created_at`) VALUES (245, 45, 'screenshots', 8, '2015-10-05 13:14:14');
INSERT INTO `likes` (`id`, `user_id`, `target_type`, `target_id`, `created_at`) VALUES (246, 46, 'screenshots', 1, '2017-04-12 02:06:37');
INSERT INTO `likes` (`id`, `user_id`, `target_type`, `target_id`, `created_at`) VALUES (247, 47, 'games', 80, '2020-02-15 21:24:28');
INSERT INTO `likes` (`id`, `user_id`, `target_type`, `target_id`, `created_at`) VALUES (248, 48, 'games', 2, '2013-07-08 09:38:18');
INSERT INTO `likes` (`id`, `user_id`, `target_type`, `target_id`, `created_at`) VALUES (249, 49, 'screenshots', 69, '2014-08-31 18:21:28');
INSERT INTO `likes` (`id`, `user_id`, `target_type`, `target_id`, `created_at`) VALUES (250, 50, 'screenshots', 77, '2019-05-03 01:53:08');
INSERT INTO `likes` (`id`, `user_id`, `target_type`, `target_id`, `created_at`) VALUES (251, 51, 'screenshots', 95, '2016-05-16 06:36:09');
INSERT INTO `likes` (`id`, `user_id`, `target_type`, `target_id`, `created_at`) VALUES (252, 52, 'screenshots', 195, '2016-04-30 15:39:11');
INSERT INTO `likes` (`id`, `user_id`, `target_type`, `target_id`, `created_at`) VALUES (253, 53, 'games', 70, '2018-04-26 18:11:53');
INSERT INTO `likes` (`id`, `user_id`, `target_type`, `target_id`, `created_at`) VALUES (254, 54, 'screenshots', 62, '2013-01-15 13:39:32');
INSERT INTO `likes` (`id`, `user_id`, `target_type`, `target_id`, `created_at`) VALUES (255, 55, 'games', 34, '2019-05-12 12:24:42');
INSERT INTO `likes` (`id`, `user_id`, `target_type`, `target_id`, `created_at`) VALUES (256, 56, 'games', 188, '2016-01-03 12:28:50');
INSERT INTO `likes` (`id`, `user_id`, `target_type`, `target_id`, `created_at`) VALUES (257, 57, 'games', 191, '2012-11-05 16:06:42');
INSERT INTO `likes` (`id`, `user_id`, `target_type`, `target_id`, `created_at`) VALUES (258, 58, 'screenshots', 10, '2020-04-22 17:48:24');
INSERT INTO `likes` (`id`, `user_id`, `target_type`, `target_id`, `created_at`) VALUES (259, 59, 'screenshots', 36, '2018-05-03 01:41:41');
INSERT INTO `likes` (`id`, `user_id`, `target_type`, `target_id`, `created_at`) VALUES (260, 60, 'screenshots', 20, '2021-03-25 01:37:50');
INSERT INTO `likes` (`id`, `user_id`, `target_type`, `target_id`, `created_at`) VALUES (261, 61, 'games', 36, '2018-10-08 10:01:27');
INSERT INTO `likes` (`id`, `user_id`, `target_type`, `target_id`, `created_at`) VALUES (262, 62, 'games', 85, '2011-09-21 13:47:29');
INSERT INTO `likes` (`id`, `user_id`, `target_type`, `target_id`, `created_at`) VALUES (263, 63, 'screenshots', 54, '2016-06-26 11:21:52');
INSERT INTO `likes` (`id`, `user_id`, `target_type`, `target_id`, `created_at`) VALUES (264, 64, 'screenshots', 159, '2020-05-07 18:12:22');
INSERT INTO `likes` (`id`, `user_id`, `target_type`, `target_id`, `created_at`) VALUES (265, 65, 'games', 6, '2017-10-13 21:07:02');
INSERT INTO `likes` (`id`, `user_id`, `target_type`, `target_id`, `created_at`) VALUES (266, 66, 'screenshots', 138, '2019-04-05 00:05:59');
INSERT INTO `likes` (`id`, `user_id`, `target_type`, `target_id`, `created_at`) VALUES (267, 67, 'screenshots', 30, '2014-08-19 06:27:19');
INSERT INTO `likes` (`id`, `user_id`, `target_type`, `target_id`, `created_at`) VALUES (268, 68, 'games', 40, '2012-08-11 10:25:26');
INSERT INTO `likes` (`id`, `user_id`, `target_type`, `target_id`, `created_at`) VALUES (269, 69, 'screenshots', 196, '2016-03-25 07:34:31');
INSERT INTO `likes` (`id`, `user_id`, `target_type`, `target_id`, `created_at`) VALUES (270, 70, 'screenshots', 135, '2017-07-27 17:18:16');
INSERT INTO `likes` (`id`, `user_id`, `target_type`, `target_id`, `created_at`) VALUES (271, 71, 'games', 132, '2016-11-01 22:18:26');
INSERT INTO `likes` (`id`, `user_id`, `target_type`, `target_id`, `created_at`) VALUES (272, 72, 'games', 200, '2015-04-21 10:27:10');
INSERT INTO `likes` (`id`, `user_id`, `target_type`, `target_id`, `created_at`) VALUES (273, 73, 'screenshots', 107, '2011-10-11 06:57:27');
INSERT INTO `likes` (`id`, `user_id`, `target_type`, `target_id`, `created_at`) VALUES (274, 74, 'games', 69, '2014-06-11 01:43:37');
INSERT INTO `likes` (`id`, `user_id`, `target_type`, `target_id`, `created_at`) VALUES (275, 75, 'games', 87, '2012-08-31 04:41:14');
INSERT INTO `likes` (`id`, `user_id`, `target_type`, `target_id`, `created_at`) VALUES (276, 76, 'games', 171, '2018-04-24 08:54:45');
INSERT INTO `likes` (`id`, `user_id`, `target_type`, `target_id`, `created_at`) VALUES (277, 77, 'screenshots', 15, '2018-04-08 10:51:06');
INSERT INTO `likes` (`id`, `user_id`, `target_type`, `target_id`, `created_at`) VALUES (278, 78, 'games', 121, '2012-06-01 21:25:12');
INSERT INTO `likes` (`id`, `user_id`, `target_type`, `target_id`, `created_at`) VALUES (279, 79, 'games', 72, '2019-10-13 16:00:23');
INSERT INTO `likes` (`id`, `user_id`, `target_type`, `target_id`, `created_at`) VALUES (280, 80, 'screenshots', 17, '2017-12-17 07:33:41');
INSERT INTO `likes` (`id`, `user_id`, `target_type`, `target_id`, `created_at`) VALUES (281, 81, 'games', 10, '2014-12-22 10:44:46');
INSERT INTO `likes` (`id`, `user_id`, `target_type`, `target_id`, `created_at`) VALUES (282, 82, 'games', 105, '2013-07-12 11:16:18');
INSERT INTO `likes` (`id`, `user_id`, `target_type`, `target_id`, `created_at`) VALUES (283, 83, 'screenshots', 181, '2013-12-25 09:35:56');
INSERT INTO `likes` (`id`, `user_id`, `target_type`, `target_id`, `created_at`) VALUES (284, 84, 'games', 163, '2018-05-14 21:39:58');
INSERT INTO `likes` (`id`, `user_id`, `target_type`, `target_id`, `created_at`) VALUES (285, 85, 'games', 178, '2018-05-25 23:40:44');
INSERT INTO `likes` (`id`, `user_id`, `target_type`, `target_id`, `created_at`) VALUES (286, 86, 'screenshots', 123, '2016-09-13 04:59:24');
INSERT INTO `likes` (`id`, `user_id`, `target_type`, `target_id`, `created_at`) VALUES (287, 87, 'screenshots', 196, '2020-06-19 21:08:31');
INSERT INTO `likes` (`id`, `user_id`, `target_type`, `target_id`, `created_at`) VALUES (288, 88, 'games', 34, '2011-06-09 05:26:06');
INSERT INTO `likes` (`id`, `user_id`, `target_type`, `target_id`, `created_at`) VALUES (289, 89, 'screenshots', 147, '2016-01-06 12:58:39');
INSERT INTO `likes` (`id`, `user_id`, `target_type`, `target_id`, `created_at`) VALUES (290, 90, 'screenshots', 157, '2011-09-30 01:10:29');
INSERT INTO `likes` (`id`, `user_id`, `target_type`, `target_id`, `created_at`) VALUES (291, 91, 'games', 54, '2015-08-29 07:08:04');
INSERT INTO `likes` (`id`, `user_id`, `target_type`, `target_id`, `created_at`) VALUES (292, 92, 'screenshots', 84, '2021-01-22 16:57:51');
INSERT INTO `likes` (`id`, `user_id`, `target_type`, `target_id`, `created_at`) VALUES (293, 93, 'games', 169, '2014-03-15 08:32:55');
INSERT INTO `likes` (`id`, `user_id`, `target_type`, `target_id`, `created_at`) VALUES (294, 94, 'screenshots', 199, '2013-07-05 08:35:15');
INSERT INTO `likes` (`id`, `user_id`, `target_type`, `target_id`, `created_at`) VALUES (295, 95, 'games', 5, '2016-02-15 12:10:33');
INSERT INTO `likes` (`id`, `user_id`, `target_type`, `target_id`, `created_at`) VALUES (296, 96, 'games', 156, '2011-08-04 06:03:55');
INSERT INTO `likes` (`id`, `user_id`, `target_type`, `target_id`, `created_at`) VALUES (297, 97, 'games', 53, '2013-08-13 16:49:38');
INSERT INTO `likes` (`id`, `user_id`, `target_type`, `target_id`, `created_at`) VALUES (298, 98, 'screenshots', 131, '2013-03-30 18:04:34');
INSERT INTO `likes` (`id`, `user_id`, `target_type`, `target_id`, `created_at`) VALUES (299, 99, 'screenshots', 20, '2017-06-29 08:47:29');
INSERT INTO `likes` (`id`, `user_id`, `target_type`, `target_id`, `created_at`) VALUES (300, 100, 'screenshots', 107, '2014-03-11 17:31:10');


#
# TABLE STRUCTURE FOR: messages
#

DROP TABLE IF EXISTS `messages`;

CREATE TABLE `messages` (
  `id` int(10) unsigned NOT NULL AUTO_INCREMENT COMMENT 'Идентификатор строки',
  `from_user_id` int(10) unsigned NOT NULL COMMENT 'Ссылка на отправителя сообщения',
  `to_user_id` int(10) unsigned NOT NULL COMMENT 'Ссылка на получателя сообщения',
  `body` text COLLATE utf8mb4_unicode_ci NOT NULL COMMENT 'Текст сообщения',
  `is_important` tinyint(1) DEFAULT NULL COMMENT 'Признак важности',
  `is_delivered` tinyint(1) DEFAULT NULL COMMENT 'Признак доставки',
  `created_at` datetime DEFAULT current_timestamp() COMMENT 'Время создания строки',
  PRIMARY KEY (`id`)
) ENGINE=InnoDB AUTO_INCREMENT=201 DEFAULT CHARSET=utf8mb4 COLLATE=utf8mb4_unicode_ci COMMENT='Сообщения';

INSERT INTO `messages` (`id`, `from_user_id`, `to_user_id`, `body`, `is_important`, `is_delivered`, `created_at`) VALUES (1, 1, 55, 'Reprehenderit quasi sequi deserunt. Fuga dolorum quo ipsum sit. Et ipsam ducimus dolores quia. Voluptates non recusandae corrupti quibusdam quisquam quaerat soluta neque.', 0, 0, '2017-03-19 21:14:37');
INSERT INTO `messages` (`id`, `from_user_id`, `to_user_id`, `body`, `is_important`, `is_delivered`, `created_at`) VALUES (2, 2, 84, 'Impedit perspiciatis aut ducimus delectus iure molestias ut. Numquam ea eum sint pariatur similique. Distinctio iste possimus temporibus iusto enim.', 1, 0, '2012-08-10 08:33:35');
INSERT INTO `messages` (`id`, `from_user_id`, `to_user_id`, `body`, `is_important`, `is_delivered`, `created_at`) VALUES (3, 3, 100, 'Veritatis saepe sed pariatur tempora dolorem nam ea impedit. Architecto sed repellat qui sapiente perspiciatis harum et. Incidunt sunt consequatur quod repudiandae ut aut quibusdam.', 1, 0, '2015-07-28 16:12:39');
INSERT INTO `messages` (`id`, `from_user_id`, `to_user_id`, `body`, `is_important`, `is_delivered`, `created_at`) VALUES (4, 4, 75, 'Quisquam distinctio dicta et. Molestias ut culpa provident asperiores. Voluptatem rerum consequuntur maxime est hic.', 1, 0, '2016-07-28 12:58:35');
INSERT INTO `messages` (`id`, `from_user_id`, `to_user_id`, `body`, `is_important`, `is_delivered`, `created_at`) VALUES (5, 5, 23, 'Nisi exercitationem assumenda explicabo magnam aspernatur ipsa nam. Vel harum eum ipsam ducimus in et aut. Dolor iure reprehenderit et ullam. Eveniet debitis provident quo molestiae quae.', 1, 0, '2020-08-18 10:13:35');
INSERT INTO `messages` (`id`, `from_user_id`, `to_user_id`, `body`, `is_important`, `is_delivered`, `created_at`) VALUES (6, 6, 25, 'Dolorem dicta consequuntur facere minus. Asperiores enim quaerat occaecati voluptatem veritatis voluptas. Consequatur dolorem voluptatem consectetur velit omnis vel sit.', 0, 1, '2014-05-16 09:22:27');
INSERT INTO `messages` (`id`, `from_user_id`, `to_user_id`, `body`, `is_important`, `is_delivered`, `created_at`) VALUES (7, 7, 52, 'Sed aut rem perspiciatis ducimus ad quis. Iste non eligendi sint corrupti. Id eius nesciunt officiis deserunt. Sint consequatur qui nam et exercitationem quia.', 0, 0, '2019-01-20 14:36:38');
INSERT INTO `messages` (`id`, `from_user_id`, `to_user_id`, `body`, `is_important`, `is_delivered`, `created_at`) VALUES (8, 8, 67, 'Nihil omnis optio ipsam. Reprehenderit et et possimus accusantium odit dolor rerum. Esse amet aut sint quod vel. Natus excepturi harum consectetur ducimus aut illum.', 0, 1, '2020-09-13 10:27:40');
INSERT INTO `messages` (`id`, `from_user_id`, `to_user_id`, `body`, `is_important`, `is_delivered`, `created_at`) VALUES (9, 9, 52, 'Et eaque adipisci reiciendis ipsa id. Sed odit quia enim veniam. Distinctio totam dolores quo corrupti qui aut voluptate. Occaecati laborum sed ullam esse provident dolor sunt.', 1, 0, '2017-12-03 18:01:53');
INSERT INTO `messages` (`id`, `from_user_id`, `to_user_id`, `body`, `is_important`, `is_delivered`, `created_at`) VALUES (10, 10, 96, 'Saepe sunt nemo itaque culpa commodi cum. Ea et eos quo sunt nesciunt ab. Soluta magni reprehenderit nostrum est qui. Vero perspiciatis beatae illum.', 1, 0, '2014-12-09 23:34:54');
INSERT INTO `messages` (`id`, `from_user_id`, `to_user_id`, `body`, `is_important`, `is_delivered`, `created_at`) VALUES (11, 11, 7, 'Vitae dolor impedit impedit eos. Quae iste earum commodi. Libero vero et et et. Maxime dignissimos facilis hic culpa labore dolorem.', 0, 0, '2020-02-15 00:26:05');
INSERT INTO `messages` (`id`, `from_user_id`, `to_user_id`, `body`, `is_important`, `is_delivered`, `created_at`) VALUES (12, 12, 98, 'Aut molestias ab dignissimos. Blanditiis nobis itaque fugit alias enim quidem voluptatem. Velit quam iusto eligendi eos suscipit vero qui. Possimus ea nemo et qui.', 1, 0, '2016-12-15 21:10:20');
INSERT INTO `messages` (`id`, `from_user_id`, `to_user_id`, `body`, `is_important`, `is_delivered`, `created_at`) VALUES (13, 13, 23, 'Voluptatem voluptatibus facere iure ut unde quo. Cupiditate ut non est voluptatem laudantium sit incidunt possimus. Sit et non consequatur repudiandae.', 1, 0, '2011-08-26 09:55:16');
INSERT INTO `messages` (`id`, `from_user_id`, `to_user_id`, `body`, `is_important`, `is_delivered`, `created_at`) VALUES (14, 14, 26, 'Ullam tempore voluptatum perspiciatis ex aliquam. Cupiditate et dolore in quibusdam nisi. Excepturi ut quo officiis. Dolores necessitatibus reiciendis mollitia et quisquam voluptatibus omnis totam.', 1, 0, '2020-06-04 21:13:10');
INSERT INTO `messages` (`id`, `from_user_id`, `to_user_id`, `body`, `is_important`, `is_delivered`, `created_at`) VALUES (15, 15, 22, 'Sapiente magni ab debitis quis quam. Dolor quos alias fugit recusandae et. Qui aut animi quisquam voluptates tenetur rerum. Natus ut et dolor.', 0, 1, '2013-10-19 21:10:05');
INSERT INTO `messages` (`id`, `from_user_id`, `to_user_id`, `body`, `is_important`, `is_delivered`, `created_at`) VALUES (16, 16, 35, 'Saepe sint atque dolore voluptatem. Quos et aut quae. Ut voluptatibus corrupti esse rerum. Eius enim incidunt necessitatibus nam. Blanditiis nihil error ipsa esse adipisci.', 1, 0, '2013-07-13 17:19:23');
INSERT INTO `messages` (`id`, `from_user_id`, `to_user_id`, `body`, `is_important`, `is_delivered`, `created_at`) VALUES (17, 17, 75, 'Omnis sunt eos quidem eius molestiae nisi. Error nesciunt velit sint aut quis aut. Sapiente quia voluptatem molestias provident soluta.', 1, 1, '2020-09-30 06:38:33');
INSERT INTO `messages` (`id`, `from_user_id`, `to_user_id`, `body`, `is_important`, `is_delivered`, `created_at`) VALUES (18, 18, 3, 'Rem doloremque expedita et eaque quidem sit aliquid voluptates. Consequatur modi sit labore enim perspiciatis atque eaque. Quia harum culpa dolore excepturi.', 1, 1, '2015-03-04 00:17:47');
INSERT INTO `messages` (`id`, `from_user_id`, `to_user_id`, `body`, `is_important`, `is_delivered`, `created_at`) VALUES (19, 19, 75, 'Rerum quis voluptates possimus at est asperiores. Illum velit sit omnis sunt fugit aut labore quo. Tenetur laboriosam et corporis voluptas.', 1, 0, '2020-04-22 12:16:53');
INSERT INTO `messages` (`id`, `from_user_id`, `to_user_id`, `body`, `is_important`, `is_delivered`, `created_at`) VALUES (20, 20, 84, 'Adipisci placeat et asperiores aspernatur. Sint at aut maiores ipsa. Eum id molestiae voluptatem eligendi minima similique itaque.', 1, 1, '2015-01-22 22:22:23');
INSERT INTO `messages` (`id`, `from_user_id`, `to_user_id`, `body`, `is_important`, `is_delivered`, `created_at`) VALUES (21, 21, 53, 'Ex iusto saepe explicabo qui quia at. Ab tempore amet aut eius laboriosam voluptas. Et maxime quis qui omnis maiores iusto voluptatem. Eligendi et sint facere vitae.', 0, 0, '2012-05-14 22:09:00');
INSERT INTO `messages` (`id`, `from_user_id`, `to_user_id`, `body`, `is_important`, `is_delivered`, `created_at`) VALUES (22, 22, 94, 'Id et velit fugiat odit aspernatur. Laudantium fugiat ullam quae qui culpa et repellat. Minus et omnis omnis debitis odit dignissimos et. Accusamus deserunt quam quia fuga nesciunt.', 1, 1, '2015-08-19 12:00:01');
INSERT INTO `messages` (`id`, `from_user_id`, `to_user_id`, `body`, `is_important`, `is_delivered`, `created_at`) VALUES (23, 23, 47, 'Magnam provident cumque dolorem possimus. Nihil est quam ipsam esse omnis et esse iusto. Sed doloribus deserunt corporis ducimus.', 0, 1, '2020-05-01 07:47:58');
INSERT INTO `messages` (`id`, `from_user_id`, `to_user_id`, `body`, `is_important`, `is_delivered`, `created_at`) VALUES (24, 24, 11, 'Expedita ea delectus in voluptas. Molestiae sed eum necessitatibus. Quod ducimus ducimus dolor ipsa quos vero.', 1, 0, '2018-01-29 20:39:00');
INSERT INTO `messages` (`id`, `from_user_id`, `to_user_id`, `body`, `is_important`, `is_delivered`, `created_at`) VALUES (25, 25, 37, 'Ut id temporibus aut inventore iusto vero quia aut. Veritatis porro sit et itaque quis occaecati reprehenderit. Voluptatum sunt saepe cum ullam maiores.', 1, 1, '2021-02-10 13:28:53');
INSERT INTO `messages` (`id`, `from_user_id`, `to_user_id`, `body`, `is_important`, `is_delivered`, `created_at`) VALUES (26, 26, 48, 'Aut omnis qui illum ut ad iste incidunt. Eos distinctio exercitationem incidunt sint ut qui nesciunt id. Sed temporibus assumenda tenetur. Est sit optio ut sed odio recusandae odio et.', 1, 0, '2012-09-14 22:33:53');
INSERT INTO `messages` (`id`, `from_user_id`, `to_user_id`, `body`, `is_important`, `is_delivered`, `created_at`) VALUES (27, 27, 29, 'Accusantium inventore dolor sequi nam. Ipsa omnis laborum et perspiciatis temporibus dicta laboriosam. Error aut consequatur ut sunt ratione vel. Numquam assumenda quia et commodi et sit est.', 1, 0, '2014-01-16 21:41:44');
INSERT INTO `messages` (`id`, `from_user_id`, `to_user_id`, `body`, `is_important`, `is_delivered`, `created_at`) VALUES (28, 28, 35, 'Omnis reprehenderit libero quae in illo. Animi deleniti ratione qui et. Consequatur amet a tempora id. Sequi voluptas dicta eius quo cumque.', 1, 1, '2011-11-24 17:04:31');
INSERT INTO `messages` (`id`, `from_user_id`, `to_user_id`, `body`, `is_important`, `is_delivered`, `created_at`) VALUES (29, 29, 41, 'Voluptatem aperiam nam non assumenda laudantium. Dolor omnis rerum aliquam non. Fugiat distinctio autem quia quo qui necessitatibus est enim.', 0, 1, '2019-12-05 22:11:25');
INSERT INTO `messages` (`id`, `from_user_id`, `to_user_id`, `body`, `is_important`, `is_delivered`, `created_at`) VALUES (30, 30, 32, 'Eveniet velit dignissimos quia tenetur quidem a. Consectetur placeat cupiditate voluptates suscipit. Labore aut molestiae accusantium eum.', 1, 1, '2018-02-02 06:24:43');
INSERT INTO `messages` (`id`, `from_user_id`, `to_user_id`, `body`, `is_important`, `is_delivered`, `created_at`) VALUES (31, 31, 29, 'Corporis voluptatem facere odit aliquam. Eos ipsam perferendis natus consequatur. Totam et et aspernatur atque.', 1, 1, '2016-08-01 21:40:38');
INSERT INTO `messages` (`id`, `from_user_id`, `to_user_id`, `body`, `is_important`, `is_delivered`, `created_at`) VALUES (32, 32, 79, 'Accusantium tempore ut voluptatem eveniet. Enim non deleniti unde officiis totam rerum. Asperiores fuga ut quisquam reprehenderit. Quas corporis qui sunt aperiam tempora dolor commodi.', 0, 0, '2017-03-31 19:28:00');
INSERT INTO `messages` (`id`, `from_user_id`, `to_user_id`, `body`, `is_important`, `is_delivered`, `created_at`) VALUES (33, 33, 80, 'Et provident eaque quia dolorem similique. Dolorem molestiae sit vero iste in. Eum nihil veritatis quos. Unde quia qui doloremque magnam facere magnam autem.', 0, 1, '2012-07-07 20:00:28');
INSERT INTO `messages` (`id`, `from_user_id`, `to_user_id`, `body`, `is_important`, `is_delivered`, `created_at`) VALUES (34, 34, 90, 'Et corporis aut itaque nihil. Sint velit in ut. Itaque culpa qui nihil quia quo eos officiis.', 0, 1, '2018-12-15 19:27:20');
INSERT INTO `messages` (`id`, `from_user_id`, `to_user_id`, `body`, `is_important`, `is_delivered`, `created_at`) VALUES (35, 35, 41, 'Rerum labore dolor quos doloribus nobis. Magnam et excepturi nobis qui eligendi distinctio. Tempore rerum quia minima maiores. Sit dolor iusto sit dolorem autem debitis.', 1, 1, '2021-02-14 18:01:12');
INSERT INTO `messages` (`id`, `from_user_id`, `to_user_id`, `body`, `is_important`, `is_delivered`, `created_at`) VALUES (36, 36, 85, 'Voluptas maxime omnis incidunt fugit distinctio. Excepturi necessitatibus non non est praesentium quae maxime et. Animi est occaecati quo. Voluptas minus temporibus in eveniet.', 1, 0, '2012-08-01 15:43:31');
INSERT INTO `messages` (`id`, `from_user_id`, `to_user_id`, `body`, `is_important`, `is_delivered`, `created_at`) VALUES (37, 37, 90, 'Quia quia tempora autem omnis non repellendus. Vel doloremque laboriosam iste dolorum harum nemo fugit. Ea culpa non possimus autem maxime aut rerum aut.', 0, 1, '2018-05-11 10:20:13');
INSERT INTO `messages` (`id`, `from_user_id`, `to_user_id`, `body`, `is_important`, `is_delivered`, `created_at`) VALUES (38, 38, 61, 'Qui omnis error voluptatum at optio magnam. Sint vel enim ipsa odio quia corrupti vero. Repellendus qui qui ea. Corrupti mollitia quis expedita soluta et quia.', 0, 1, '2019-04-25 12:27:58');
INSERT INTO `messages` (`id`, `from_user_id`, `to_user_id`, `body`, `is_important`, `is_delivered`, `created_at`) VALUES (39, 39, 97, 'Eaque porro eos voluptatibus odit sint dolorem doloribus. Delectus eius molestias cumque voluptatem. Id inventore dolor exercitationem sunt hic.', 1, 1, '2011-10-22 17:35:11');
INSERT INTO `messages` (`id`, `from_user_id`, `to_user_id`, `body`, `is_important`, `is_delivered`, `created_at`) VALUES (40, 40, 39, 'Odit ratione quia molestiae illum dolorum. Quia delectus et est explicabo assumenda quisquam adipisci et. Magnam adipisci perferendis voluptas ut dolores.', 0, 1, '2018-01-13 04:22:43');
INSERT INTO `messages` (`id`, `from_user_id`, `to_user_id`, `body`, `is_important`, `is_delivered`, `created_at`) VALUES (41, 41, 5, 'Non qui ut iure asperiores dignissimos. Quae sed est enim qui. Consequatur neque enim quo a labore. Numquam et esse voluptatibus est ipsam est neque.', 1, 0, '2019-11-09 05:52:15');
INSERT INTO `messages` (`id`, `from_user_id`, `to_user_id`, `body`, `is_important`, `is_delivered`, `created_at`) VALUES (42, 42, 67, 'Tempore est accusamus magni sapiente sit beatae. Ratione hic omnis et sint ipsam ducimus. Mollitia laboriosam qui quibusdam vel sint cupiditate reprehenderit.', 0, 0, '2018-03-20 23:23:29');
INSERT INTO `messages` (`id`, `from_user_id`, `to_user_id`, `body`, `is_important`, `is_delivered`, `created_at`) VALUES (43, 43, 22, 'Nostrum eveniet unde deserunt ad doloribus. Minus ea nisi iusto aut dicta non aut repudiandae. Sit sit labore aut voluptatibus id illo nobis. Maiores natus laudantium in.', 1, 1, '2018-06-29 22:43:29');
INSERT INTO `messages` (`id`, `from_user_id`, `to_user_id`, `body`, `is_important`, `is_delivered`, `created_at`) VALUES (44, 44, 75, 'Voluptatem optio officia et sapiente temporibus voluptates. Unde tenetur vel doloribus dolorem. Occaecati voluptatem at et vero. Error pariatur aliquam magnam.', 1, 1, '2017-10-12 02:20:31');
INSERT INTO `messages` (`id`, `from_user_id`, `to_user_id`, `body`, `is_important`, `is_delivered`, `created_at`) VALUES (45, 45, 52, 'Eligendi voluptatem officia mollitia culpa inventore eaque. Doloremque in autem similique ea omnis neque. Ad et incidunt amet dolor consequuntur non repudiandae.', 1, 0, '2011-12-23 07:08:30');
INSERT INTO `messages` (`id`, `from_user_id`, `to_user_id`, `body`, `is_important`, `is_delivered`, `created_at`) VALUES (46, 46, 57, 'Ut est eum odio explicabo quae nobis et ipsam. Vitae modi consectetur aut saepe consequatur sed. Ut facilis dolor qui asperiores repellat.', 1, 0, '2012-12-11 19:34:40');
INSERT INTO `messages` (`id`, `from_user_id`, `to_user_id`, `body`, `is_important`, `is_delivered`, `created_at`) VALUES (47, 47, 64, 'Quis necessitatibus nisi aut. Ducimus nulla reprehenderit quod nisi tenetur et et ea. Ut porro sint odio porro.', 0, 0, '2012-09-20 04:19:54');
INSERT INTO `messages` (`id`, `from_user_id`, `to_user_id`, `body`, `is_important`, `is_delivered`, `created_at`) VALUES (48, 48, 87, 'Totam dolorem animi labore id. Perspiciatis consequatur eaque eaque et. Aut et qui sed eligendi voluptatibus natus et. Consequatur dolorem autem possimus corrupti et praesentium.', 1, 1, '2018-07-02 01:23:54');
INSERT INTO `messages` (`id`, `from_user_id`, `to_user_id`, `body`, `is_important`, `is_delivered`, `created_at`) VALUES (49, 49, 45, 'Facere asperiores vel omnis voluptatem quia tempore. At autem iste dolor animi est pariatur cum. Tempora molestiae necessitatibus ut.', 0, 0, '2012-04-20 10:52:59');
INSERT INTO `messages` (`id`, `from_user_id`, `to_user_id`, `body`, `is_important`, `is_delivered`, `created_at`) VALUES (50, 50, 28, 'Dolor voluptatem consequuntur consequatur. Dignissimos laboriosam aut nostrum aut. Omnis deleniti culpa cupiditate aut reprehenderit et.', 0, 0, '2016-01-22 15:31:38');
INSERT INTO `messages` (`id`, `from_user_id`, `to_user_id`, `body`, `is_important`, `is_delivered`, `created_at`) VALUES (51, 51, 58, 'Et tempore rerum totam omnis assumenda nihil voluptas. Quae nam qui sequi quia quos. Veritatis illum voluptatem provident temporibus occaecati nihil ratione quia.', 0, 1, '2017-08-12 07:29:01');
INSERT INTO `messages` (`id`, `from_user_id`, `to_user_id`, `body`, `is_important`, `is_delivered`, `created_at`) VALUES (52, 52, 8, 'Vero temporibus minima ut unde odit quo et. Molestiae deserunt quod voluptatem consectetur facilis voluptatem qui. Officiis facilis sed perferendis vitae ea veritatis.', 0, 0, '2012-04-01 03:59:42');
INSERT INTO `messages` (`id`, `from_user_id`, `to_user_id`, `body`, `is_important`, `is_delivered`, `created_at`) VALUES (53, 53, 61, 'Laboriosam omnis qui adipisci ea sit. Corrupti quas et sed eum voluptatem consectetur est. Voluptates impedit accusamus ut est ut aut qui.', 0, 0, '2015-01-02 08:12:48');
INSERT INTO `messages` (`id`, `from_user_id`, `to_user_id`, `body`, `is_important`, `is_delivered`, `created_at`) VALUES (54, 54, 84, 'Sunt tempore non et ea odio minima. Perferendis et a accusantium debitis autem incidunt consequuntur. Neque quasi dolor ad cumque optio et sunt. Inventore et nisi voluptatem dignissimos.', 1, 0, '2020-08-01 19:31:15');
INSERT INTO `messages` (`id`, `from_user_id`, `to_user_id`, `body`, `is_important`, `is_delivered`, `created_at`) VALUES (55, 55, 30, 'Consequuntur quibusdam ipsam pariatur consequuntur dolor. Voluptatem et fugit sed tempore et. Est quis fugiat id ut. Iusto a possimus neque omnis aut nemo et blanditiis.', 1, 0, '2016-07-18 08:50:20');
INSERT INTO `messages` (`id`, `from_user_id`, `to_user_id`, `body`, `is_important`, `is_delivered`, `created_at`) VALUES (56, 56, 77, 'Laborum voluptatem nesciunt et debitis est ea. Maxime ratione et aperiam deserunt molestiae. Incidunt accusamus similique ullam dolore cum. Neque quod mollitia odio inventore.', 0, 1, '2015-05-07 01:06:27');
INSERT INTO `messages` (`id`, `from_user_id`, `to_user_id`, `body`, `is_important`, `is_delivered`, `created_at`) VALUES (57, 57, 55, 'Dolor et officia nihil aut vitae vitae modi autem. Qui ipsam soluta quae odit voluptas commodi quod. Atque eaque laudantium distinctio nobis iusto fugit qui ut.', 1, 1, '2016-02-17 15:24:52');
INSERT INTO `messages` (`id`, `from_user_id`, `to_user_id`, `body`, `is_important`, `is_delivered`, `created_at`) VALUES (58, 58, 97, 'Corrupti a fugiat sunt eum libero voluptatibus ut. Delectus labore omnis commodi distinctio perferendis cupiditate. Ad ut animi minus enim necessitatibus.', 0, 1, '2014-10-02 08:18:50');
INSERT INTO `messages` (`id`, `from_user_id`, `to_user_id`, `body`, `is_important`, `is_delivered`, `created_at`) VALUES (59, 59, 33, 'Et necessitatibus delectus tempora aperiam sed ad. Asperiores explicabo voluptatem corrupti iste minus. Qui et voluptatibus in eveniet magni optio.', 0, 1, '2014-08-30 15:00:27');
INSERT INTO `messages` (`id`, `from_user_id`, `to_user_id`, `body`, `is_important`, `is_delivered`, `created_at`) VALUES (60, 60, 47, 'Sunt id sed sunt necessitatibus qui ea sint. Qui ipsum et alias quibusdam reprehenderit. Hic omnis deleniti facilis modi et ut illo. Qui iure sequi eveniet asperiores laborum quibusdam explicabo.', 1, 1, '2021-01-21 02:08:17');
INSERT INTO `messages` (`id`, `from_user_id`, `to_user_id`, `body`, `is_important`, `is_delivered`, `created_at`) VALUES (61, 61, 5, 'Nam numquam velit eius ut culpa. Animi sed sint saepe velit dolorem. Cum est enim quis similique ducimus. Beatae qui adipisci et voluptas voluptates voluptatem.', 1, 1, '2015-07-07 18:48:46');
INSERT INTO `messages` (`id`, `from_user_id`, `to_user_id`, `body`, `is_important`, `is_delivered`, `created_at`) VALUES (62, 62, 57, 'Fugiat pariatur qui explicabo id amet unde quisquam at. Dolore eos nesciunt iusto voluptas deserunt ratione velit. Est sunt similique illum et et occaecati deserunt.', 1, 1, '2018-02-23 12:45:12');
INSERT INTO `messages` (`id`, `from_user_id`, `to_user_id`, `body`, `is_important`, `is_delivered`, `created_at`) VALUES (63, 63, 62, 'Ut quia placeat nihil eum. Aspernatur quod exercitationem necessitatibus rerum. Dicta et est excepturi odio dicta.', 0, 0, '2019-02-10 19:36:49');
INSERT INTO `messages` (`id`, `from_user_id`, `to_user_id`, `body`, `is_important`, `is_delivered`, `created_at`) VALUES (64, 64, 61, 'Commodi ut id aut sit impedit aut. Sunt laboriosam iure corrupti et fugit animi possimus. Ullam ut laborum cupiditate error unde architecto. Non esse vel laboriosam architecto nesciunt.', 0, 1, '2019-10-01 09:54:11');
INSERT INTO `messages` (`id`, `from_user_id`, `to_user_id`, `body`, `is_important`, `is_delivered`, `created_at`) VALUES (65, 65, 32, 'Alias cumque deserunt cum dolor quod. Autem sit quisquam expedita qui corporis dolore. Enim quia qui pariatur nulla cumque voluptatem. Possimus veritatis dolorum a nihil reprehenderit ut non.', 0, 1, '2013-12-26 15:03:59');
INSERT INTO `messages` (`id`, `from_user_id`, `to_user_id`, `body`, `is_important`, `is_delivered`, `created_at`) VALUES (66, 66, 99, 'Dolores ea molestiae optio nesciunt. Voluptates minima et sapiente. Perspiciatis odit voluptas ea consectetur sed cum. Cum laudantium ipsa ipsam quisquam sequi nostrum ipsam.', 1, 1, '2017-10-20 15:23:43');
INSERT INTO `messages` (`id`, `from_user_id`, `to_user_id`, `body`, `is_important`, `is_delivered`, `created_at`) VALUES (67, 67, 87, 'Nostrum dolorum molestiae ut nulla. Pariatur hic rem quia facilis est molestias. Sequi et deserunt similique itaque ex et. Velit sed dolorem a nemo ex est velit.', 1, 1, '2011-07-15 14:47:39');
INSERT INTO `messages` (`id`, `from_user_id`, `to_user_id`, `body`, `is_important`, `is_delivered`, `created_at`) VALUES (68, 68, 38, 'Eum in aut est atque. Sunt et nulla incidunt impedit architecto. Molestias laborum asperiores corrupti debitis quibusdam aliquid error. Voluptas doloremque consequatur incidunt et omnis et esse.', 0, 0, '2019-04-01 05:45:08');
INSERT INTO `messages` (`id`, `from_user_id`, `to_user_id`, `body`, `is_important`, `is_delivered`, `created_at`) VALUES (69, 69, 40, 'Error aut iste incidunt occaecati. Temporibus eligendi blanditiis adipisci magnam dolorem recusandae nostrum.', 1, 1, '2019-05-23 17:50:27');
INSERT INTO `messages` (`id`, `from_user_id`, `to_user_id`, `body`, `is_important`, `is_delivered`, `created_at`) VALUES (70, 70, 47, 'Ea aliquam doloremque sit ipsum alias numquam. Qui ut officiis nulla incidunt est quis id. Saepe voluptatem dolores dolorum veniam nemo enim illo quo.', 0, 0, '2020-10-22 21:12:28');
INSERT INTO `messages` (`id`, `from_user_id`, `to_user_id`, `body`, `is_important`, `is_delivered`, `created_at`) VALUES (71, 71, 44, 'At impedit autem consequuntur et. Rem nisi veritatis necessitatibus repellendus porro. Esse dicta et in nostrum fugit beatae quis dignissimos.', 0, 0, '2021-04-01 07:02:49');
INSERT INTO `messages` (`id`, `from_user_id`, `to_user_id`, `body`, `is_important`, `is_delivered`, `created_at`) VALUES (72, 72, 55, 'Sint quis officia eos consequatur excepturi quasi quidem dolore. Magnam maiores at eos molestiae. Eos vel cum sint placeat. Harum non delectus doloremque culpa ratione doloribus.', 1, 1, '2015-11-17 13:03:36');
INSERT INTO `messages` (`id`, `from_user_id`, `to_user_id`, `body`, `is_important`, `is_delivered`, `created_at`) VALUES (73, 73, 97, 'Omnis culpa eligendi molestias assumenda sit laudantium id. Eum nemo dolorum architecto. Praesentium exercitationem qui nemo saepe.', 1, 0, '2020-02-14 11:37:29');
INSERT INTO `messages` (`id`, `from_user_id`, `to_user_id`, `body`, `is_important`, `is_delivered`, `created_at`) VALUES (74, 74, 52, 'Aut inventore error veniam et praesentium quas nobis. Possimus accusamus odit aspernatur quisquam. Aliquid eaque voluptatum omnis aut. Rerum vel aut quisquam ab doloribus minus laudantium.', 0, 1, '2018-12-17 09:37:13');
INSERT INTO `messages` (`id`, `from_user_id`, `to_user_id`, `body`, `is_important`, `is_delivered`, `created_at`) VALUES (75, 75, 69, 'Deserunt non error ut aut non. Molestias suscipit eos fugit distinctio eos voluptas sint. Quod animi sit sit ex et veniam quia. Quia non at dolores non.', 0, 0, '2011-10-08 19:21:32');
INSERT INTO `messages` (`id`, `from_user_id`, `to_user_id`, `body`, `is_important`, `is_delivered`, `created_at`) VALUES (76, 76, 39, 'Doloribus dolor recusandae et eveniet. Earum non minus sunt deleniti. Ut adipisci et et architecto.', 1, 1, '2019-02-24 05:34:21');
INSERT INTO `messages` (`id`, `from_user_id`, `to_user_id`, `body`, `is_important`, `is_delivered`, `created_at`) VALUES (77, 77, 21, 'Nam sed labore inventore incidunt temporibus pariatur laborum. Dolor accusamus explicabo omnis architecto cumque iure enim est. Sed sed earum sed aut mollitia ut tempora.', 1, 0, '2019-02-02 19:08:33');
INSERT INTO `messages` (`id`, `from_user_id`, `to_user_id`, `body`, `is_important`, `is_delivered`, `created_at`) VALUES (78, 78, 38, 'Et quia voluptatum sit eveniet. Aut ut eos architecto neque. Ut voluptatem occaecati magni atque.', 1, 0, '2019-03-02 00:09:39');
INSERT INTO `messages` (`id`, `from_user_id`, `to_user_id`, `body`, `is_important`, `is_delivered`, `created_at`) VALUES (79, 79, 35, 'Nostrum inventore occaecati ut velit. Ipsam qui ratione nobis perspiciatis et consequatur reiciendis. Aut est eius ut qui.', 1, 1, '2020-12-14 22:30:08');
INSERT INTO `messages` (`id`, `from_user_id`, `to_user_id`, `body`, `is_important`, `is_delivered`, `created_at`) VALUES (80, 80, 11, 'Deleniti beatae ducimus dolores iure dolores minus delectus. Est qui omnis cumque ratione sint cupiditate possimus quae. Reiciendis aut pariatur alias pariatur. Consectetur aut explicabo facere sunt.', 0, 1, '2020-04-22 14:56:33');
INSERT INTO `messages` (`id`, `from_user_id`, `to_user_id`, `body`, `is_important`, `is_delivered`, `created_at`) VALUES (81, 81, 99, 'Porro expedita soluta et et quidem velit voluptate. Expedita in ut repudiandae molestiae. Vitae ea voluptates perferendis itaque beatae sit occaecati.', 1, 0, '2021-02-22 12:35:41');
INSERT INTO `messages` (`id`, `from_user_id`, `to_user_id`, `body`, `is_important`, `is_delivered`, `created_at`) VALUES (82, 82, 86, 'Voluptates ipsa dolorem esse numquam quia amet et. Quo ducimus ut sunt. Quod minima quisquam iste iste.', 1, 0, '2018-05-11 04:46:28');
INSERT INTO `messages` (`id`, `from_user_id`, `to_user_id`, `body`, `is_important`, `is_delivered`, `created_at`) VALUES (83, 83, 77, 'Soluta temporibus praesentium omnis rerum dicta. Ab architecto vero eos tempora cum quos est odio. Et nobis quae occaecati praesentium ad nobis repellat. Ex perferendis nam repellat fuga voluptate.', 1, 1, '2018-05-21 15:05:48');
INSERT INTO `messages` (`id`, `from_user_id`, `to_user_id`, `body`, `is_important`, `is_delivered`, `created_at`) VALUES (84, 84, 30, 'Assumenda commodi qui officia repellendus. Accusamus fugiat sapiente id nesciunt qui. Labore excepturi architecto sed officiis qui dolorem deleniti. Sint fugiat aliquam sint et vel sequi vitae.', 0, 0, '2020-03-14 00:40:32');
INSERT INTO `messages` (`id`, `from_user_id`, `to_user_id`, `body`, `is_important`, `is_delivered`, `created_at`) VALUES (85, 85, 8, 'Dolor aut sed quia dolor voluptatibus non. Voluptatum esse aut facilis quia necessitatibus quo dignissimos et. Eaque vero expedita reprehenderit laborum nesciunt in.', 0, 0, '2012-10-24 09:32:20');
INSERT INTO `messages` (`id`, `from_user_id`, `to_user_id`, `body`, `is_important`, `is_delivered`, `created_at`) VALUES (86, 86, 6, 'Ea sit rem explicabo in facere voluptatibus illo. Ea vitae et quam. Minus natus et autem blanditiis. Magnam at qui quia tempora sunt voluptate reiciendis ut.', 0, 1, '2019-10-28 17:39:44');
INSERT INTO `messages` (`id`, `from_user_id`, `to_user_id`, `body`, `is_important`, `is_delivered`, `created_at`) VALUES (87, 87, 98, 'Nobis eum laboriosam itaque. Atque ut facere hic voluptatem molestiae optio nesciunt. Distinctio quidem accusamus tempora asperiores aut sunt cum sint.', 1, 0, '2015-11-16 02:15:47');
INSERT INTO `messages` (`id`, `from_user_id`, `to_user_id`, `body`, `is_important`, `is_delivered`, `created_at`) VALUES (88, 88, 22, 'Voluptas optio ad rerum aperiam officia aut veritatis. Commodi sed consequatur iure nihil et non.', 1, 0, '2018-01-31 18:29:19');
INSERT INTO `messages` (`id`, `from_user_id`, `to_user_id`, `body`, `is_important`, `is_delivered`, `created_at`) VALUES (89, 89, 78, 'Eaque voluptates dolores voluptatibus quisquam. Autem et blanditiis impedit eos. Saepe repellendus id voluptate iusto deleniti autem et. Temporibus at at id aperiam aut nesciunt at consequatur.', 0, 1, '2015-01-29 03:31:03');
INSERT INTO `messages` (`id`, `from_user_id`, `to_user_id`, `body`, `is_important`, `is_delivered`, `created_at`) VALUES (90, 90, 88, 'Magni accusantium nulla sit voluptatem reprehenderit voluptatem velit. Sit eveniet totam perferendis et voluptates doloremque quidem. Distinctio eum dignissimos eveniet consequuntur quaerat itaque.', 0, 0, '2012-07-29 09:35:19');
INSERT INTO `messages` (`id`, `from_user_id`, `to_user_id`, `body`, `is_important`, `is_delivered`, `created_at`) VALUES (91, 91, 100, 'Iusto neque in nihil et laborum id ut. Porro labore culpa praesentium voluptas minus quo incidunt voluptatem. Quia est consequatur molestiae repellendus amet vel aut deserunt.', 1, 0, '2016-11-04 08:07:30');
INSERT INTO `messages` (`id`, `from_user_id`, `to_user_id`, `body`, `is_important`, `is_delivered`, `created_at`) VALUES (92, 92, 1, 'Et maxime et eaque inventore occaecati nihil. Odio atque voluptatem modi non. Dolor laboriosam ut inventore rerum explicabo voluptates est. Vero dolore impedit natus similique illum et et nobis.', 0, 0, '2015-10-23 02:13:12');
INSERT INTO `messages` (`id`, `from_user_id`, `to_user_id`, `body`, `is_important`, `is_delivered`, `created_at`) VALUES (93, 93, 79, 'Aliquam rem ea officia non dolore perspiciatis. Corrupti vel et et.', 1, 1, '2015-02-08 23:57:02');
INSERT INTO `messages` (`id`, `from_user_id`, `to_user_id`, `body`, `is_important`, `is_delivered`, `created_at`) VALUES (94, 94, 49, 'Ut sint aut dolores et delectus pariatur. Ipsum harum consequatur rerum omnis earum. Est sunt repudiandae sed deserunt quas. Ea quo sequi corporis minus facilis. Neque praesentium fugiat aut ex fuga.', 0, 1, '2012-03-03 07:00:08');
INSERT INTO `messages` (`id`, `from_user_id`, `to_user_id`, `body`, `is_important`, `is_delivered`, `created_at`) VALUES (95, 95, 53, 'Aut doloremque cum minima eius deleniti temporibus aut. Commodi laboriosam quos rerum non voluptate quia. Incidunt repudiandae ea vitae ipsum aut.', 1, 1, '2012-03-02 15:19:49');
INSERT INTO `messages` (`id`, `from_user_id`, `to_user_id`, `body`, `is_important`, `is_delivered`, `created_at`) VALUES (96, 96, 29, 'Eveniet ut deleniti aliquam et atque. Occaecati nihil rem eos vel ut magni et. Et unde temporibus optio explicabo quis.', 0, 0, '2012-03-24 13:20:27');
INSERT INTO `messages` (`id`, `from_user_id`, `to_user_id`, `body`, `is_important`, `is_delivered`, `created_at`) VALUES (97, 97, 72, 'Eius ea voluptate ea eaque quod qui et. Aut deleniti veritatis nostrum ducimus rerum aperiam. Ullam blanditiis tempora ut occaecati perferendis deleniti. Commodi optio nisi atque.', 0, 0, '2012-09-29 05:16:38');
INSERT INTO `messages` (`id`, `from_user_id`, `to_user_id`, `body`, `is_important`, `is_delivered`, `created_at`) VALUES (98, 98, 23, 'Magni sapiente voluptas quia voluptatibus accusamus perspiciatis vel. Dolorum aut illum quia sequi magni error.', 0, 1, '2012-09-03 06:24:29');
INSERT INTO `messages` (`id`, `from_user_id`, `to_user_id`, `body`, `is_important`, `is_delivered`, `created_at`) VALUES (99, 99, 83, 'Voluptate rem distinctio dignissimos consequatur. Quae laborum laborum quod. Dolorum consequuntur molestiae suscipit labore totam.', 1, 0, '2018-01-25 15:34:03');
INSERT INTO `messages` (`id`, `from_user_id`, `to_user_id`, `body`, `is_important`, `is_delivered`, `created_at`) VALUES (100, 100, 86, 'Impedit est voluptatem ad. Asperiores consequatur sunt quas culpa minus blanditiis.', 0, 0, '2020-09-29 18:46:48');
INSERT INTO `messages` (`id`, `from_user_id`, `to_user_id`, `body`, `is_important`, `is_delivered`, `created_at`) VALUES (101, 1, 79, 'Voluptatem velit nesciunt natus aut dolor. Tempora aut eaque ex consectetur ex ipsam quis. Et placeat harum voluptates quidem placeat asperiores sit. Eos voluptate sit est quo aut.', 0, 1, '2017-03-03 02:30:55');
INSERT INTO `messages` (`id`, `from_user_id`, `to_user_id`, `body`, `is_important`, `is_delivered`, `created_at`) VALUES (102, 2, 12, 'Et ut magnam asperiores inventore corrupti voluptas aliquid. Esse inventore alias repudiandae rerum iusto dolorem eius dolorem. Modi perspiciatis amet alias.', 1, 0, '2011-10-02 04:57:15');
INSERT INTO `messages` (`id`, `from_user_id`, `to_user_id`, `body`, `is_important`, `is_delivered`, `created_at`) VALUES (103, 3, 96, 'Eaque eos voluptates animi eum. Repellendus autem quidem corporis illum. Dignissimos cupiditate ipsam rerum natus hic iusto sit. Dolorum qui quo quidem.', 0, 0, '2012-11-29 00:32:51');
INSERT INTO `messages` (`id`, `from_user_id`, `to_user_id`, `body`, `is_important`, `is_delivered`, `created_at`) VALUES (104, 4, 28, 'Odit culpa vel voluptate porro. A voluptas in quod. Nihil quod facere enim numquam enim.', 1, 1, '2018-07-22 02:44:14');
INSERT INTO `messages` (`id`, `from_user_id`, `to_user_id`, `body`, `is_important`, `is_delivered`, `created_at`) VALUES (105, 5, 9, 'Voluptas est et iste voluptates impedit ipsa a. Velit aliquid iste eligendi. Ea incidunt porro voluptas nisi aut sit soluta.\nAd harum ea id esse. Ad vitae dolor vero dignissimos id.', 0, 0, '2018-12-30 08:13:26');
INSERT INTO `messages` (`id`, `from_user_id`, `to_user_id`, `body`, `is_important`, `is_delivered`, `created_at`) VALUES (106, 6, 35, 'Aut voluptates in eligendi qui cum odit. Eligendi dolorem ab ratione enim et quasi est. Enim et quasi rerum.', 1, 0, '2014-01-14 05:24:45');
INSERT INTO `messages` (`id`, `from_user_id`, `to_user_id`, `body`, `is_important`, `is_delivered`, `created_at`) VALUES (107, 7, 81, 'Voluptatem ut cum voluptatem occaecati libero voluptatibus. Veritatis consectetur corporis qui quo officia voluptatem. Minus harum cupiditate ad. Voluptatum sed esse ut incidunt.', 0, 0, '2016-09-11 23:41:57');
INSERT INTO `messages` (`id`, `from_user_id`, `to_user_id`, `body`, `is_important`, `is_delivered`, `created_at`) VALUES (108, 8, 20, 'Dolorem neque sit ut at ut. Non est quos voluptas deleniti voluptatum et. Eveniet et repellendus nostrum pariatur hic voluptatem. Quae iusto mollitia enim dolores.', 0, 1, '2019-04-24 18:32:01');
INSERT INTO `messages` (`id`, `from_user_id`, `to_user_id`, `body`, `is_important`, `is_delivered`, `created_at`) VALUES (109, 9, 27, 'Eos temporibus nostrum praesentium ut omnis ipsa eum. Blanditiis reprehenderit magni architecto suscipit omnis autem. Debitis blanditiis mollitia deleniti iste. Quam ea sunt at suscipit dolorem qui.', 1, 1, '2014-03-18 13:11:30');
INSERT INTO `messages` (`id`, `from_user_id`, `to_user_id`, `body`, `is_important`, `is_delivered`, `created_at`) VALUES (110, 10, 55, 'Fugit dignissimos est aut reiciendis culpa eum voluptatem est. Id ut quis quibusdam non vel. Neque omnis quis et omnis ipsam. Quod blanditiis aliquam temporibus dicta.', 0, 0, '2018-10-30 10:38:25');
INSERT INTO `messages` (`id`, `from_user_id`, `to_user_id`, `body`, `is_important`, `is_delivered`, `created_at`) VALUES (111, 11, 85, 'Est voluptatibus et dolor ea. Quasi dolor odit quisquam a qui. Qui omnis qui et fugiat animi quas.', 1, 1, '2016-01-15 15:21:47');
INSERT INTO `messages` (`id`, `from_user_id`, `to_user_id`, `body`, `is_important`, `is_delivered`, `created_at`) VALUES (112, 12, 54, 'Ullam sit possimus accusamus ut laudantium. Cum est voluptatem reprehenderit natus vel ut. Ea est sed architecto est recusandae nulla. Libero sint est dolores voluptatem.', 0, 1, '2015-11-23 07:34:48');
INSERT INTO `messages` (`id`, `from_user_id`, `to_user_id`, `body`, `is_important`, `is_delivered`, `created_at`) VALUES (113, 13, 98, 'Et tenetur qui ut dignissimos cum. Amet magni incidunt earum ut tempore tempora sed. Non unde quaerat rerum minima quia. Fugiat beatae sunt sapiente est. Dolorem quo molestiae et iste consequatur.', 0, 0, '2020-07-04 12:35:14');
INSERT INTO `messages` (`id`, `from_user_id`, `to_user_id`, `body`, `is_important`, `is_delivered`, `created_at`) VALUES (114, 14, 29, 'Ut facere iure id. Ex aut facilis eaque officia. Adipisci accusamus esse sequi eligendi. Alias deserunt mollitia autem ex eos voluptatibus culpa.', 0, 0, '2019-05-14 03:58:23');
INSERT INTO `messages` (`id`, `from_user_id`, `to_user_id`, `body`, `is_important`, `is_delivered`, `created_at`) VALUES (115, 15, 8, 'Et neque aliquam magnam voluptatem eos beatae sunt. Maxime dolorem qui nam dolor. Inventore fugiat harum veniam provident iste.', 0, 0, '2012-02-13 18:30:37');
INSERT INTO `messages` (`id`, `from_user_id`, `to_user_id`, `body`, `is_important`, `is_delivered`, `created_at`) VALUES (116, 16, 2, 'Eum autem qui soluta nesciunt molestias dignissimos sit cum. Sit qui praesentium omnis. Sint amet distinctio quisquam non vero quia. Quos quisquam aut odio unde et mollitia.', 0, 1, '2019-02-08 20:19:26');
INSERT INTO `messages` (`id`, `from_user_id`, `to_user_id`, `body`, `is_important`, `is_delivered`, `created_at`) VALUES (117, 17, 63, 'Dolor ut doloremque quia doloribus a nesciunt quia. Adipisci consequatur optio facere rem. Explicabo sequi nostrum aut exercitationem qui qui voluptate.', 0, 1, '2019-04-28 16:20:55');
INSERT INTO `messages` (`id`, `from_user_id`, `to_user_id`, `body`, `is_important`, `is_delivered`, `created_at`) VALUES (118, 18, 40, 'Veniam excepturi officia quisquam modi tempora. Doloribus unde quo velit accusantium eos. Doloremque iure quia quae a dolor aut assumenda. Incidunt quis dolorem eos qui.', 0, 0, '2011-10-27 06:39:29');
INSERT INTO `messages` (`id`, `from_user_id`, `to_user_id`, `body`, `is_important`, `is_delivered`, `created_at`) VALUES (119, 19, 57, 'At modi illo qui debitis quo omnis. Sapiente ipsam saepe sed dicta voluptatum. Possimus cumque ea quo ut. Architecto odit veniam aut accusantium nemo voluptatibus magni.', 1, 1, '2012-06-03 05:19:49');
INSERT INTO `messages` (`id`, `from_user_id`, `to_user_id`, `body`, `is_important`, `is_delivered`, `created_at`) VALUES (120, 20, 73, 'Non est non sunt voluptatem aliquam corrupti. Quibusdam quos nihil praesentium hic laboriosam ipsa vel. Vero tempora ex dolore non aperiam.', 1, 0, '2017-10-04 21:57:39');
INSERT INTO `messages` (`id`, `from_user_id`, `to_user_id`, `body`, `is_important`, `is_delivered`, `created_at`) VALUES (121, 21, 64, 'Accusantium omnis officiis rerum omnis deserunt sit qui. Temporibus ex est qui mollitia rerum. Et odio ratione quas omnis id dignissimos. A occaecati et et labore quisquam ut quae soluta.', 0, 1, '2021-02-01 03:47:14');
INSERT INTO `messages` (`id`, `from_user_id`, `to_user_id`, `body`, `is_important`, `is_delivered`, `created_at`) VALUES (122, 22, 12, 'Mollitia eius eos dolores qui aliquid et. Dolor eum non fugiat necessitatibus architecto debitis. Officia omnis minima dolor. Nihil aliquam sed ut.', 0, 0, '2018-04-20 21:54:11');
INSERT INTO `messages` (`id`, `from_user_id`, `to_user_id`, `body`, `is_important`, `is_delivered`, `created_at`) VALUES (123, 23, 31, 'Quos atque nulla nihil tempore est ea ab. Officiis dolore et distinctio tempora vel dolorem vel aut. Quis quaerat doloremque incidunt voluptatem placeat.', 0, 0, '2014-06-17 04:33:06');
INSERT INTO `messages` (`id`, `from_user_id`, `to_user_id`, `body`, `is_important`, `is_delivered`, `created_at`) VALUES (124, 24, 82, 'Molestiae doloremque minima est eos. Officiis omnis animi consequuntur alias. Eligendi fugit libero quas velit molestiae recusandae vitae praesentium.', 0, 0, '2017-05-02 10:29:36');
INSERT INTO `messages` (`id`, `from_user_id`, `to_user_id`, `body`, `is_important`, `is_delivered`, `created_at`) VALUES (125, 25, 72, 'Ut sed officia illum odio quos recusandae perspiciatis. Ipsum ullam quia voluptas voluptas consectetur fuga. Aut labore dolor ut odio quibusdam reprehenderit vel.', 0, 1, '2020-02-07 04:58:46');
INSERT INTO `messages` (`id`, `from_user_id`, `to_user_id`, `body`, `is_important`, `is_delivered`, `created_at`) VALUES (126, 26, 31, 'Praesentium odio repellat fugiat sint quos. Sequi et odio iure. Voluptas omnis aspernatur quas ut.\nModi amet sunt maxime velit. Soluta quasi rerum qui dolor. Saepe ad modi ea est veniam velit.', 1, 1, '2017-12-12 12:36:42');
INSERT INTO `messages` (`id`, `from_user_id`, `to_user_id`, `body`, `is_important`, `is_delivered`, `created_at`) VALUES (127, 27, 85, 'Quo qui sit aut quis. Voluptas non sed vitae dolorem sint. Soluta porro voluptatem suscipit aut qui inventore enim. Itaque in nisi aperiam expedita.', 1, 1, '2018-07-02 10:17:49');
INSERT INTO `messages` (`id`, `from_user_id`, `to_user_id`, `body`, `is_important`, `is_delivered`, `created_at`) VALUES (128, 28, 8, 'Vel dolorem nemo ea. Dolorem voluptas error repudiandae totam voluptatibus.', 0, 0, '2017-02-17 00:47:15');
INSERT INTO `messages` (`id`, `from_user_id`, `to_user_id`, `body`, `is_important`, `is_delivered`, `created_at`) VALUES (129, 29, 4, 'Reiciendis eos officia similique est quia aut ratione. Similique laboriosam suscipit nulla inventore. Cupiditate nam quod corrupti vel. Corporis dolorum quam illo corrupti consequatur quis ab.', 1, 1, '2018-09-14 18:55:25');
INSERT INTO `messages` (`id`, `from_user_id`, `to_user_id`, `body`, `is_important`, `is_delivered`, `created_at`) VALUES (130, 30, 1, 'Nihil pariatur fuga minima et accusamus. Amet sunt cum autem amet eius architecto explicabo. Tenetur voluptatem qui aut suscipit.', 1, 1, '2018-02-16 21:24:52');
INSERT INTO `messages` (`id`, `from_user_id`, `to_user_id`, `body`, `is_important`, `is_delivered`, `created_at`) VALUES (131, 31, 64, 'Eius quibusdam voluptatem nobis eum provident earum illum. Sed assumenda qui eos incidunt minus. Maxime excepturi rerum est atque. Ut et sed rerum eius beatae.', 0, 1, '2018-02-09 23:05:31');
INSERT INTO `messages` (`id`, `from_user_id`, `to_user_id`, `body`, `is_important`, `is_delivered`, `created_at`) VALUES (132, 32, 74, 'Itaque provident adipisci rerum nesciunt temporibus officiis commodi. Officia tempore quis et eius in quidem sunt. Sit corrupti nisi ullam molestiae occaecati numquam quia.', 1, 1, '2019-09-22 21:28:19');
INSERT INTO `messages` (`id`, `from_user_id`, `to_user_id`, `body`, `is_important`, `is_delivered`, `created_at`) VALUES (133, 33, 30, 'Ipsam numquam necessitatibus aperiam est aspernatur. Ut ab nihil autem autem cupiditate. Reprehenderit voluptates odio earum tenetur.', 1, 1, '2014-08-01 21:09:45');
INSERT INTO `messages` (`id`, `from_user_id`, `to_user_id`, `body`, `is_important`, `is_delivered`, `created_at`) VALUES (134, 34, 39, 'Repudiandae corrupti mollitia accusantium quidem. Quasi maxime ipsam assumenda velit. Commodi tenetur aut dicta omnis voluptatem. Illo quas aut recusandae in et.', 1, 1, '2019-09-26 04:09:30');
INSERT INTO `messages` (`id`, `from_user_id`, `to_user_id`, `body`, `is_important`, `is_delivered`, `created_at`) VALUES (135, 35, 90, 'Aut ipsam earum quam et. Repudiandae ut magnam nihil et quis earum explicabo tempora. Debitis sit quam ut quia itaque velit officia. Sed eligendi sunt aut.', 0, 1, '2020-12-10 16:03:25');
INSERT INTO `messages` (`id`, `from_user_id`, `to_user_id`, `body`, `is_important`, `is_delivered`, `created_at`) VALUES (136, 36, 82, 'Id iste asperiores aspernatur quo molestiae dolor voluptatum harum. Eius exercitationem cupiditate temporibus omnis amet ea nemo. Est architecto excepturi quidem est minima.', 0, 1, '2015-09-08 02:32:08');
INSERT INTO `messages` (`id`, `from_user_id`, `to_user_id`, `body`, `is_important`, `is_delivered`, `created_at`) VALUES (137, 37, 5, 'Enim sunt eligendi eum dolor ut animi in. Iusto maiores aut deserunt a enim.', 1, 0, '2014-01-19 02:24:03');
INSERT INTO `messages` (`id`, `from_user_id`, `to_user_id`, `body`, `is_important`, `is_delivered`, `created_at`) VALUES (138, 38, 6, 'Rerum dolor explicabo veniam quaerat est tempora. Recusandae saepe tempore rem minus quaerat repudiandae. Aut corporis error perspiciatis et et. Recusandae magnam omnis sit.', 0, 1, '2011-09-22 14:03:31');
INSERT INTO `messages` (`id`, `from_user_id`, `to_user_id`, `body`, `is_important`, `is_delivered`, `created_at`) VALUES (139, 39, 60, 'Optio vitae architecto corporis. Voluptas consequatur quidem molestiae. Omnis velit ex ab possimus atque harum. Commodi fugiat a eum voluptates a. Facere et ex in ad enim doloremque cupiditate.', 0, 0, '2014-04-16 03:36:28');
INSERT INTO `messages` (`id`, `from_user_id`, `to_user_id`, `body`, `is_important`, `is_delivered`, `created_at`) VALUES (140, 40, 61, 'Magnam magni sit quod ea quod. Mollitia odit praesentium aspernatur nisi omnis aut quia repudiandae. Vero et omnis nam sunt fugit. Aspernatur voluptas voluptatem rerum maiores sit sed ea.', 0, 0, '2018-02-03 01:56:58');
INSERT INTO `messages` (`id`, `from_user_id`, `to_user_id`, `body`, `is_important`, `is_delivered`, `created_at`) VALUES (141, 41, 89, 'Asperiores distinctio numquam asperiores. Ut aliquid nesciunt blanditiis recusandae libero optio consequatur. Et ea saepe et sit reprehenderit dolor veritatis.', 0, 1, '2014-08-10 12:15:06');
INSERT INTO `messages` (`id`, `from_user_id`, `to_user_id`, `body`, `is_important`, `is_delivered`, `created_at`) VALUES (142, 42, 37, 'Est non quibusdam alias quibusdam velit ex. Distinctio rerum est consequatur ut omnis. Consectetur repellendus odio dolorum quo magnam quisquam. Sed blanditiis repellendus tempora ea sit.', 1, 0, '2014-09-07 13:12:17');
INSERT INTO `messages` (`id`, `from_user_id`, `to_user_id`, `body`, `is_important`, `is_delivered`, `created_at`) VALUES (143, 43, 16, 'Accusantium pariatur doloribus maxime est similique blanditiis. Incidunt dolorem vitae distinctio. Eum praesentium laboriosam quia inventore aliquam. Et provident et debitis velit debitis in.', 0, 1, '2011-11-06 14:41:35');
INSERT INTO `messages` (`id`, `from_user_id`, `to_user_id`, `body`, `is_important`, `is_delivered`, `created_at`) VALUES (144, 44, 56, 'Voluptatem nihil quos quibusdam odit commodi quidem voluptatem. Fugit a nihil culpa quia. Rerum qui nostrum enim quidem distinctio. Aliquid qui animi rem nesciunt quo non ducimus.', 0, 1, '2013-04-01 00:43:51');
INSERT INTO `messages` (`id`, `from_user_id`, `to_user_id`, `body`, `is_important`, `is_delivered`, `created_at`) VALUES (145, 45, 72, 'Soluta tempora expedita beatae. Quo reiciendis omnis rerum. Occaecati ad enim quae id. Delectus eum animi consequatur quaerat ratione sunt et velit.', 1, 1, '2014-12-31 23:57:01');
INSERT INTO `messages` (`id`, `from_user_id`, `to_user_id`, `body`, `is_important`, `is_delivered`, `created_at`) VALUES (146, 46, 54, 'Quo voluptatem eum eveniet ex laborum. Voluptatem voluptates fugit vero porro asperiores sint eaque rerum. At dolorem commodi et perferendis animi id dicta.', 0, 0, '2012-06-02 15:44:53');
INSERT INTO `messages` (`id`, `from_user_id`, `to_user_id`, `body`, `is_important`, `is_delivered`, `created_at`) VALUES (147, 47, 69, 'Et alias molestiae aut in. Quisquam aliquam nostrum similique nostrum qui eos. Deserunt ipsam incidunt porro velit et fuga qui.', 0, 1, '2013-02-13 12:47:18');
INSERT INTO `messages` (`id`, `from_user_id`, `to_user_id`, `body`, `is_important`, `is_delivered`, `created_at`) VALUES (148, 48, 44, 'Voluptatem consequatur sed est repudiandae nulla voluptatum ipsa. Nihil cumque aut autem error. Esse possimus delectus aliquid.\nBlanditiis non eos eum. Debitis architecto maxime provident et autem.', 1, 1, '2018-06-21 18:55:24');
INSERT INTO `messages` (`id`, `from_user_id`, `to_user_id`, `body`, `is_important`, `is_delivered`, `created_at`) VALUES (149, 49, 98, 'Ea ipsa ipsa autem veniam optio vel ducimus. Itaque cumque nesciunt qui impedit. Similique quisquam explicabo in harum sequi molestias.', 0, 0, '2019-05-23 23:45:19');
INSERT INTO `messages` (`id`, `from_user_id`, `to_user_id`, `body`, `is_important`, `is_delivered`, `created_at`) VALUES (150, 50, 34, 'Ut architecto neque quod distinctio quasi est. Iure velit amet qui ut. Enim aut qui aut dolor autem enim. Occaecati sunt eaque quibusdam.', 1, 0, '2020-10-15 03:43:13');
INSERT INTO `messages` (`id`, `from_user_id`, `to_user_id`, `body`, `is_important`, `is_delivered`, `created_at`) VALUES (151, 51, 27, 'Reiciendis libero tenetur quidem. Qui ut doloribus minima cumque quo labore. Maiores neque et blanditiis error.', 0, 0, '2017-08-14 13:46:57');
INSERT INTO `messages` (`id`, `from_user_id`, `to_user_id`, `body`, `is_important`, `is_delivered`, `created_at`) VALUES (152, 52, 31, 'Qui nulla reiciendis aut unde similique autem quibusdam. Quaerat saepe magni nulla cupiditate cupiditate. Nulla beatae nostrum asperiores sint aut voluptas itaque.', 0, 0, '2013-09-29 02:32:55');
INSERT INTO `messages` (`id`, `from_user_id`, `to_user_id`, `body`, `is_important`, `is_delivered`, `created_at`) VALUES (153, 53, 87, 'Quia velit perspiciatis quisquam eius dolorem. Qui voluptas sit quia ipsum eos dolores architecto rerum. Asperiores in illo reiciendis quo.', 1, 1, '2016-06-22 06:09:19');
INSERT INTO `messages` (`id`, `from_user_id`, `to_user_id`, `body`, `is_important`, `is_delivered`, `created_at`) VALUES (154, 54, 95, 'Sint consequatur ut sint sapiente aperiam voluptate recusandae. Qui odio et earum ad modi maxime reiciendis. Architecto molestias quia voluptatem accusantium sed et.', 1, 0, '2014-08-17 02:25:29');
INSERT INTO `messages` (`id`, `from_user_id`, `to_user_id`, `body`, `is_important`, `is_delivered`, `created_at`) VALUES (155, 55, 25, 'Voluptas provident quasi velit ad. Et consequatur voluptatem est. Voluptatum quidem a natus optio quasi ullam sed.', 1, 0, '2019-09-26 13:14:31');
INSERT INTO `messages` (`id`, `from_user_id`, `to_user_id`, `body`, `is_important`, `is_delivered`, `created_at`) VALUES (156, 56, 75, 'Ullam reprehenderit aspernatur eaque cupiditate vel. Repellat eos non incidunt sequi. Non et possimus at corporis.', 1, 0, '2012-09-28 15:29:48');
INSERT INTO `messages` (`id`, `from_user_id`, `to_user_id`, `body`, `is_important`, `is_delivered`, `created_at`) VALUES (157, 57, 41, 'Quis corporis sed quae ut quibusdam. Maxime consequatur aut et voluptas. Ipsum ut ut deserunt eligendi. Enim ad aut repellendus voluptatibus.', 1, 1, '2015-05-09 22:58:37');
INSERT INTO `messages` (`id`, `from_user_id`, `to_user_id`, `body`, `is_important`, `is_delivered`, `created_at`) VALUES (158, 58, 10, 'Maiores iure voluptatum itaque harum praesentium rem et magnam. Eveniet consequatur ab voluptatem beatae. Doloribus voluptatem ipsam ratione consequatur unde.', 0, 0, '2018-07-18 10:44:36');
INSERT INTO `messages` (`id`, `from_user_id`, `to_user_id`, `body`, `is_important`, `is_delivered`, `created_at`) VALUES (159, 59, 69, 'Non at omnis nihil qui non expedita saepe. Modi vel similique labore officia voluptas iste error.\nEt et voluptatem rerum possimus. Voluptas consequatur ut sit ut.', 0, 0, '2011-09-16 03:43:09');
INSERT INTO `messages` (`id`, `from_user_id`, `to_user_id`, `body`, `is_important`, `is_delivered`, `created_at`) VALUES (160, 60, 55, 'Aut velit sed in et. Sed asperiores qui ipsam qui labore iure vitae sunt.', 0, 1, '2012-07-26 08:50:01');
INSERT INTO `messages` (`id`, `from_user_id`, `to_user_id`, `body`, `is_important`, `is_delivered`, `created_at`) VALUES (161, 61, 78, 'Maiores natus sint omnis laudantium quia. Similique cumque possimus qui nam ad sunt facere. Sed odit ut enim in dolores. Corrupti id eum quod hic dolorem est quos.', 0, 1, '2020-05-21 12:49:11');
INSERT INTO `messages` (`id`, `from_user_id`, `to_user_id`, `body`, `is_important`, `is_delivered`, `created_at`) VALUES (162, 62, 58, 'Voluptatum neque odit dolorum. Animi dolores id modi tenetur quia. Eos assumenda est quo sit. Qui et cum qui tempore.', 1, 1, '2011-05-25 23:02:53');
INSERT INTO `messages` (`id`, `from_user_id`, `to_user_id`, `body`, `is_important`, `is_delivered`, `created_at`) VALUES (163, 63, 14, 'Qui vel deserunt repellendus ad consequatur. Voluptas id id ad et doloremque quasi eius. Sed animi possimus est adipisci. Eligendi ea animi non eaque et iusto.', 1, 1, '2012-11-18 02:51:23');
INSERT INTO `messages` (`id`, `from_user_id`, `to_user_id`, `body`, `is_important`, `is_delivered`, `created_at`) VALUES (164, 64, 50, 'Similique culpa id temporibus velit nesciunt. Magnam impedit consequuntur nulla.', 1, 0, '2014-11-04 18:00:20');
INSERT INTO `messages` (`id`, `from_user_id`, `to_user_id`, `body`, `is_important`, `is_delivered`, `created_at`) VALUES (165, 65, 65, 'Tempore dolores consequatur placeat. Qui velit asperiores aut excepturi aut. Repellat aspernatur amet nesciunt est.', 0, 0, '2017-11-17 12:38:57');
INSERT INTO `messages` (`id`, `from_user_id`, `to_user_id`, `body`, `is_important`, `is_delivered`, `created_at`) VALUES (166, 66, 90, 'Eaque ut nam repellat dolor cumque magni. Ipsam amet asperiores fugit rerum vero. Enim dolor unde tempore. Sed et est illum error impedit.', 1, 0, '2012-02-14 20:53:24');
INSERT INTO `messages` (`id`, `from_user_id`, `to_user_id`, `body`, `is_important`, `is_delivered`, `created_at`) VALUES (167, 67, 38, 'Labore vitae iure sunt et suscipit velit. Nihil molestias sit earum et nemo dolor. Ea a perspiciatis inventore.', 0, 1, '2017-05-12 07:33:58');
INSERT INTO `messages` (`id`, `from_user_id`, `to_user_id`, `body`, `is_important`, `is_delivered`, `created_at`) VALUES (168, 68, 60, 'Facere architecto qui error. Qui atque impedit iste. Unde omnis omnis sint ipsum non. Fugit explicabo est ipsam facere ut voluptatem impedit.', 0, 0, '2014-05-12 08:43:40');
INSERT INTO `messages` (`id`, `from_user_id`, `to_user_id`, `body`, `is_important`, `is_delivered`, `created_at`) VALUES (169, 69, 65, 'Sapiente modi soluta facilis voluptas architecto sit. Dolorum voluptates qui expedita tempora cumque quas. Qui delectus quos soluta suscipit qui et et.', 1, 0, '2018-03-15 08:07:47');
INSERT INTO `messages` (`id`, `from_user_id`, `to_user_id`, `body`, `is_important`, `is_delivered`, `created_at`) VALUES (170, 70, 2, 'Sint voluptas ipsa quo porro. Et facere ipsum exercitationem adipisci cupiditate sed voluptates. Et sapiente qui non ipsam molestiae.', 1, 1, '2019-07-03 23:10:30');
INSERT INTO `messages` (`id`, `from_user_id`, `to_user_id`, `body`, `is_important`, `is_delivered`, `created_at`) VALUES (171, 71, 77, 'Atque qui corporis dolore et. Autem qui excepturi accusantium. Aut rerum hic et in.', 1, 0, '2020-01-21 10:51:23');
INSERT INTO `messages` (`id`, `from_user_id`, `to_user_id`, `body`, `is_important`, `is_delivered`, `created_at`) VALUES (172, 72, 12, 'Et quisquam quia voluptatem molestiae sint. Id quo ipsum quasi. Eligendi molestias exercitationem molestias ut. In quia a ipsa ducimus ut est.', 1, 0, '2017-04-05 11:53:24');
INSERT INTO `messages` (`id`, `from_user_id`, `to_user_id`, `body`, `is_important`, `is_delivered`, `created_at`) VALUES (173, 73, 52, 'Et in beatae autem at qui temporibus quam cum. Molestiae quaerat officiis incidunt consequatur excepturi labore. Suscipit et distinctio nobis necessitatibus.', 0, 0, '2012-02-14 23:37:12');
INSERT INTO `messages` (`id`, `from_user_id`, `to_user_id`, `body`, `is_important`, `is_delivered`, `created_at`) VALUES (174, 74, 55, 'Quisquam et quo est omnis. Aut consequuntur cumque voluptatem unde mollitia. Labore qui saepe quibusdam suscipit.', 1, 1, '2018-02-18 16:47:01');
INSERT INTO `messages` (`id`, `from_user_id`, `to_user_id`, `body`, `is_important`, `is_delivered`, `created_at`) VALUES (175, 75, 18, 'Ut similique vel culpa sint. Nemo quo voluptatum neque nihil dolorum sit. Labore qui in velit et nihil.', 0, 0, '2016-11-10 16:49:35');
INSERT INTO `messages` (`id`, `from_user_id`, `to_user_id`, `body`, `is_important`, `is_delivered`, `created_at`) VALUES (176, 76, 55, 'Velit est quia ut id nesciunt. Ipsam perferendis occaecati veritatis doloremque. Asperiores consectetur illo illo perferendis hic et.', 1, 0, '2021-04-08 14:50:16');
INSERT INTO `messages` (`id`, `from_user_id`, `to_user_id`, `body`, `is_important`, `is_delivered`, `created_at`) VALUES (177, 77, 32, 'Harum qui et qui praesentium aliquam quas aspernatur. Delectus ad velit incidunt eos quibusdam provident est. Fuga odit delectus possimus mollitia. Non cupiditate corporis vel commodi quo.', 1, 0, '2019-08-15 23:19:18');
INSERT INTO `messages` (`id`, `from_user_id`, `to_user_id`, `body`, `is_important`, `is_delivered`, `created_at`) VALUES (178, 78, 51, 'Recusandae voluptate cumque quia sit inventore nesciunt voluptas. Dolore nam minus voluptatum facilis. Consectetur odit ex quaerat ex hic reiciendis.', 0, 1, '2017-04-12 09:19:19');
INSERT INTO `messages` (`id`, `from_user_id`, `to_user_id`, `body`, `is_important`, `is_delivered`, `created_at`) VALUES (179, 79, 63, 'Rem natus doloremque illo natus. Omnis quod ut ipsa doloribus consequuntur.', 1, 0, '2018-07-10 17:58:49');
INSERT INTO `messages` (`id`, `from_user_id`, `to_user_id`, `body`, `is_important`, `is_delivered`, `created_at`) VALUES (180, 80, 57, 'Ad eum minus qui doloribus et. Voluptates eos voluptatem voluptatum fugit quae ad veniam. Maxime sint qui ea minima in odio consequatur.', 1, 1, '2018-09-16 02:46:43');
INSERT INTO `messages` (`id`, `from_user_id`, `to_user_id`, `body`, `is_important`, `is_delivered`, `created_at`) VALUES (181, 81, 70, 'Nemo et sed necessitatibus rem nihil totam voluptas. Vero sit ut veniam ut voluptatem quas. Sit non eos quibusdam dolor. Dolore ratione qui hic dolores.', 1, 1, '2013-01-31 22:53:15');
INSERT INTO `messages` (`id`, `from_user_id`, `to_user_id`, `body`, `is_important`, `is_delivered`, `created_at`) VALUES (182, 82, 74, 'Corporis voluptatem suscipit dolor ea sit. Voluptatem voluptatem accusamus sed doloremque incidunt voluptas sed.', 1, 1, '2018-11-30 08:46:11');
INSERT INTO `messages` (`id`, `from_user_id`, `to_user_id`, `body`, `is_important`, `is_delivered`, `created_at`) VALUES (183, 83, 37, 'Et non architecto provident provident cumque harum quas eum. Ea aut veritatis velit fugit in doloremque. Mollitia ut inventore ut sint facere ab omnis.', 1, 1, '2011-12-16 08:20:53');
INSERT INTO `messages` (`id`, `from_user_id`, `to_user_id`, `body`, `is_important`, `is_delivered`, `created_at`) VALUES (184, 84, 51, 'Tempore et nemo architecto aut. Cupiditate et hic totam ut odio eos in. Dolorem soluta ut ut aut non reiciendis veniam. Est aperiam numquam ratione tempore.', 0, 0, '2016-09-01 12:03:58');
INSERT INTO `messages` (`id`, `from_user_id`, `to_user_id`, `body`, `is_important`, `is_delivered`, `created_at`) VALUES (185, 85, 53, 'Et quas commodi alias sit nesciunt labore. Et quas blanditiis et placeat enim animi. Officia non possimus modi quisquam sed accusamus autem corporis.', 1, 1, '2020-05-07 12:22:55');
INSERT INTO `messages` (`id`, `from_user_id`, `to_user_id`, `body`, `is_important`, `is_delivered`, `created_at`) VALUES (186, 86, 45, 'Aliquid eum et repudiandae quaerat sed qui maiores. Neque dolore iusto dolorem. Aliquid accusamus sit et sed sequi officia at. Delectus repudiandae quia omnis et.', 1, 1, '2019-06-12 20:15:37');
INSERT INTO `messages` (`id`, `from_user_id`, `to_user_id`, `body`, `is_important`, `is_delivered`, `created_at`) VALUES (187, 87, 79, 'Eos aperiam quibusdam iure id et omnis. Sed omnis quia facilis dolorem aut. Labore et consequatur sint est omnis dignissimos.', 0, 1, '2011-12-08 03:38:54');
INSERT INTO `messages` (`id`, `from_user_id`, `to_user_id`, `body`, `is_important`, `is_delivered`, `created_at`) VALUES (188, 88, 18, 'Cupiditate reiciendis voluptates asperiores consequuntur id. Soluta debitis ratione aut laudantium. Omnis soluta est id laborum id consequatur soluta veritatis.', 1, 0, '2019-02-03 20:07:13');
INSERT INTO `messages` (`id`, `from_user_id`, `to_user_id`, `body`, `is_important`, `is_delivered`, `created_at`) VALUES (189, 89, 19, 'Et tenetur repellendus iusto quia. Et quam vel totam facilis est. Laudantium quos quia accusantium officiis et eos ut ullam.', 0, 0, '2015-06-04 10:16:50');
INSERT INTO `messages` (`id`, `from_user_id`, `to_user_id`, `body`, `is_important`, `is_delivered`, `created_at`) VALUES (190, 90, 26, 'Expedita et sit consectetur voluptatem. Et ad nostrum et adipisci eum sit laboriosam qui. Facilis fuga natus id totam doloremque velit.', 0, 0, '2011-11-06 12:48:19');
INSERT INTO `messages` (`id`, `from_user_id`, `to_user_id`, `body`, `is_important`, `is_delivered`, `created_at`) VALUES (191, 91, 30, 'Quos quia qui non modi eligendi necessitatibus voluptatem. Est maiores aut voluptas. Tenetur asperiores voluptatem sit qui non illo cumque.', 1, 1, '2013-04-30 04:32:21');
INSERT INTO `messages` (`id`, `from_user_id`, `to_user_id`, `body`, `is_important`, `is_delivered`, `created_at`) VALUES (192, 92, 99, 'Ipsa nesciunt fugiat porro et ipsum sed. Inventore velit assumenda nesciunt voluptate voluptas unde. Numquam in ex pariatur omnis veniam et. Et numquam distinctio qui quia asperiores eaque.', 1, 0, '2013-06-14 13:30:56');
INSERT INTO `messages` (`id`, `from_user_id`, `to_user_id`, `body`, `is_important`, `is_delivered`, `created_at`) VALUES (193, 93, 100, 'Maiores vel et quaerat porro saepe id ut. Omnis aliquam assumenda placeat officiis est voluptatem. Ut nam sint aliquam inventore fuga.', 0, 0, '2012-06-13 22:28:58');
INSERT INTO `messages` (`id`, `from_user_id`, `to_user_id`, `body`, `is_important`, `is_delivered`, `created_at`) VALUES (194, 94, 69, 'Molestias odio accusantium id id. Quaerat suscipit quos ipsum. Dolor commodi omnis soluta eveniet ratione est aperiam nam. Veritatis explicabo iste sunt non quo non debitis.', 1, 0, '2021-04-19 03:35:08');
INSERT INTO `messages` (`id`, `from_user_id`, `to_user_id`, `body`, `is_important`, `is_delivered`, `created_at`) VALUES (195, 95, 3, 'Porro veniam quia aut laborum nihil aut est quia. Inventore at veritatis debitis nesciunt. Vel aut id saepe perferendis accusamus. Architecto adipisci ea eveniet dolorem sed.', 0, 0, '2011-07-11 23:26:18');
INSERT INTO `messages` (`id`, `from_user_id`, `to_user_id`, `body`, `is_important`, `is_delivered`, `created_at`) VALUES (196, 96, 26, 'Vero impedit quos autem illo. Ex consequuntur repellat enim. Totam minus minima quia nam ex qui.', 0, 1, '2011-06-30 09:49:40');
INSERT INTO `messages` (`id`, `from_user_id`, `to_user_id`, `body`, `is_important`, `is_delivered`, `created_at`) VALUES (197, 97, 86, 'Et tempore ullam et in nemo enim omnis. Omnis aperiam ab enim veniam ea velit cumque. Voluptatem aut earum sint rerum voluptates dignissimos iusto iusto.', 0, 1, '2020-06-19 18:22:52');
INSERT INTO `messages` (`id`, `from_user_id`, `to_user_id`, `body`, `is_important`, `is_delivered`, `created_at`) VALUES (198, 98, 70, 'Aliquid voluptatum vel minus cum. Asperiores eaque voluptatem quisquam et dicta. Sed aut quibusdam modi consequatur ex.', 0, 0, '2018-12-20 19:15:38');
INSERT INTO `messages` (`id`, `from_user_id`, `to_user_id`, `body`, `is_important`, `is_delivered`, `created_at`) VALUES (199, 99, 95, 'Quae vitae et corporis. Amet rerum voluptatem cum aliquid doloremque. Et voluptatem ut in est asperiores in.', 0, 1, '2020-12-23 12:45:23');
INSERT INTO `messages` (`id`, `from_user_id`, `to_user_id`, `body`, `is_important`, `is_delivered`, `created_at`) VALUES (200, 100, 9, 'Eum omnis quae eos id aliquid eos. Accusamus sit libero error ut.', 0, 1, '2014-09-13 04:07:29');


#
# TABLE STRUCTURE FOR: screenshots
#

DROP TABLE IF EXISTS `screenshots`;

CREATE TABLE `screenshots` (
  `id` int(10) unsigned NOT NULL AUTO_INCREMENT COMMENT 'Идентификатор строки',
  `user_id` int(10) unsigned NOT NULL COMMENT 'Ссылка на автор скрина',
  `filename` varchar(255) COLLATE utf8mb4_unicode_ci NOT NULL COMMENT 'Путь к файлу',
  `posts` text COLLATE utf8mb4_unicode_ci NOT NULL COMMENT 'Описание к скрину',
  `size` int(11) NOT NULL COMMENT 'Размер файла',
  `metadata` longtext CHARACTER SET utf8mb4 COLLATE utf8mb4_bin DEFAULT NULL COMMENT 'Метаданные файла' CHECK (json_valid(`metadata`)),
  `created_at` datetime DEFAULT current_timestamp() COMMENT 'Время создания строки',
  PRIMARY KEY (`id`)
) ENGINE=InnoDB AUTO_INCREMENT=201 DEFAULT CHARSET=utf8mb4 COLLATE=utf8mb4_unicode_ci COMMENT='Screenshoot';

INSERT INTO `screenshots` (`id`, `user_id`, `filename`, `posts`, `size`, `metadata`, `created_at`) VALUES (1, 1, 'doloribus', 'Voluptatum placeat cum asperiores sequi quo eos odio. Itaque ut et asperiores nam eaque eius. Sequi odio mollitia tempore voluptate quia sint. Deserunt aliquam voluptate omnis tenetur aliquam qui ut.', 6378, NULL, '2015-01-02 07:47:51');
INSERT INTO `screenshots` (`id`, `user_id`, `filename`, `posts`, `size`, `metadata`, `created_at`) VALUES (2, 2, 'debitis', 'Magnam consectetur veniam expedita quia unde molestiae et. Omnis tempora quod nihil atque nemo veniam. Earum iste cumque eveniet debitis nihil vel ut ut.', 9132, NULL, '2015-12-29 19:31:30');
INSERT INTO `screenshots` (`id`, `user_id`, `filename`, `posts`, `size`, `metadata`, `created_at`) VALUES (3, 3, 'ad', 'Quam et iure itaque fugit nulla velit. Aspernatur sed enim debitis quia. Ut porro minus perspiciatis.', 8694, NULL, '2016-09-17 07:04:47');
INSERT INTO `screenshots` (`id`, `user_id`, `filename`, `posts`, `size`, `metadata`, `created_at`) VALUES (4, 4, 'et', 'Dolores et itaque sed dolores deleniti omnis quo. Iste perferendis vel alias nihil dolorem numquam. Asperiores rerum magnam quidem praesentium harum. Excepturi esse minus nemo ducimus.', 3716, NULL, '2016-12-18 16:01:06');
INSERT INTO `screenshots` (`id`, `user_id`, `filename`, `posts`, `size`, `metadata`, `created_at`) VALUES (5, 5, 'dignissimos', 'Corporis animi porro corrupti enim. Ducimus at beatae expedita exercitationem distinctio. Animi a autem dignissimos. Qui et assumenda exercitationem.', 6272, NULL, '2013-07-13 06:41:43');
INSERT INTO `screenshots` (`id`, `user_id`, `filename`, `posts`, `size`, `metadata`, `created_at`) VALUES (6, 6, 'animi', 'Et libero ducimus dolor numquam ut inventore vel. Perspiciatis hic facere nesciunt architecto eius. Dolor tempore velit est iure qui.', 2966, NULL, '2014-01-02 02:09:18');
INSERT INTO `screenshots` (`id`, `user_id`, `filename`, `posts`, `size`, `metadata`, `created_at`) VALUES (7, 7, 'saepe', 'Qui deleniti dolores non aut ad eius. Enim ab consequatur ad sapiente officiis. Optio rerum optio eum et earum repudiandae.', 1500, NULL, '2016-05-02 21:54:59');
INSERT INTO `screenshots` (`id`, `user_id`, `filename`, `posts`, `size`, `metadata`, `created_at`) VALUES (8, 8, 'nostrum', 'Dolorum nostrum fuga hic doloribus qui eum. Quaerat quam laborum repudiandae ducimus quas assumenda non. Repudiandae quo et officia.', 6801, NULL, '2017-09-13 00:33:55');
INSERT INTO `screenshots` (`id`, `user_id`, `filename`, `posts`, `size`, `metadata`, `created_at`) VALUES (9, 9, 'quis', 'Rerum nulla ex veritatis autem ipsam consequatur cumque. Rerum recusandae natus dolor eum laudantium sit. Culpa dolor iure non sed.', 8841, NULL, '2018-03-11 19:16:08');
INSERT INTO `screenshots` (`id`, `user_id`, `filename`, `posts`, `size`, `metadata`, `created_at`) VALUES (10, 10, 'optio', 'Veniam voluptatem omnis et aliquid molestias temporibus voluptas. Ut itaque assumenda animi nemo temporibus. Aut aut qui occaecati veritatis. Placeat cum ratione est exercitationem.', 2639, NULL, '2012-05-07 09:32:11');
INSERT INTO `screenshots` (`id`, `user_id`, `filename`, `posts`, `size`, `metadata`, `created_at`) VALUES (11, 11, 'cupiditate', 'Ut itaque qui quasi voluptatem. Et qui necessitatibus et inventore consequuntur est. Rerum ut amet ab qui. Et corporis maxime eos dolorem velit debitis corrupti.', 8829, NULL, '2018-09-29 07:47:15');
INSERT INTO `screenshots` (`id`, `user_id`, `filename`, `posts`, `size`, `metadata`, `created_at`) VALUES (12, 12, 'omnis', 'Dolor sed voluptas velit. Suscipit quam voluptatem voluptate similique quis. Nisi voluptate facere enim sunt aliquam.', 6281, NULL, '2014-08-10 18:07:33');
INSERT INTO `screenshots` (`id`, `user_id`, `filename`, `posts`, `size`, `metadata`, `created_at`) VALUES (13, 13, 'eum', 'Est vitae autem aliquid suscipit et. Labore maxime possimus accusantium fugit veritatis aut qui. Sed necessitatibus non laudantium dolorem corporis minima. Ducimus aut necessitatibus quod.', 8994, NULL, '2012-09-04 03:02:12');
INSERT INTO `screenshots` (`id`, `user_id`, `filename`, `posts`, `size`, `metadata`, `created_at`) VALUES (14, 14, 'neque', 'Voluptatem eveniet suscipit similique numquam voluptatem quis. Dolores dolorem possimus et molestias asperiores. Voluptas nobis ad et blanditiis minima porro.', 6141, NULL, '2017-07-20 22:58:51');
INSERT INTO `screenshots` (`id`, `user_id`, `filename`, `posts`, `size`, `metadata`, `created_at`) VALUES (15, 15, 'omnis', 'Debitis similique consequuntur voluptas ut. Aut cum pariatur totam id eum quod autem. Mollitia inventore perspiciatis dolor est et mollitia. Ea voluptas tempore ducimus.', 1693, NULL, '2015-12-10 03:02:34');
INSERT INTO `screenshots` (`id`, `user_id`, `filename`, `posts`, `size`, `metadata`, `created_at`) VALUES (16, 16, 'eos', 'Hic ab excepturi occaecati nostrum a et est. Delectus expedita praesentium omnis quod non dolorem. Perferendis magnam cum qui aspernatur doloremque mollitia. Eveniet quasi ut ut et saepe qui.', 5074, NULL, '2013-11-12 20:14:39');
INSERT INTO `screenshots` (`id`, `user_id`, `filename`, `posts`, `size`, `metadata`, `created_at`) VALUES (17, 17, 'nam', 'Sit ipsam et maiores. Dignissimos et perspiciatis velit laudantium quasi porro et consequuntur. Dolor praesentium aut est consequuntur.', 8669, NULL, '2013-07-09 22:52:58');
INSERT INTO `screenshots` (`id`, `user_id`, `filename`, `posts`, `size`, `metadata`, `created_at`) VALUES (18, 18, 'quidem', 'Distinctio sunt dignissimos qui. Cumque iusto voluptatum repellendus magnam quas. Deserunt eligendi pariatur illum ipsa et non.', 9351, NULL, '2019-04-15 05:25:57');
INSERT INTO `screenshots` (`id`, `user_id`, `filename`, `posts`, `size`, `metadata`, `created_at`) VALUES (19, 19, 'earum', 'Iusto provident soluta quaerat reprehenderit. Voluptates quaerat asperiores eum. Quasi labore ratione omnis pariatur.', 6918, NULL, '2013-07-18 18:13:06');
INSERT INTO `screenshots` (`id`, `user_id`, `filename`, `posts`, `size`, `metadata`, `created_at`) VALUES (20, 20, 'nesciunt', 'Dolorem quas eum eligendi rem blanditiis atque asperiores. Ut maxime tempore ipsam. Esse quos est aliquam est voluptatem aut impedit. Eos quod commodi blanditiis vel aut dolorem dolorem aut.', 7441, NULL, '2016-10-02 21:43:00');
INSERT INTO `screenshots` (`id`, `user_id`, `filename`, `posts`, `size`, `metadata`, `created_at`) VALUES (21, 21, 'mollitia', 'Numquam modi sint illo voluptatem illum ab nam. Enim modi fugit nihil ad. Fugit ut velit tempore veritatis aut. Voluptatem quia et animi quasi.', 1831, NULL, '2012-04-04 09:17:09');
INSERT INTO `screenshots` (`id`, `user_id`, `filename`, `posts`, `size`, `metadata`, `created_at`) VALUES (22, 22, 'voluptas', 'Nobis magnam magni et rerum doloribus. Minus rem ut dolore quia qui omnis. Non corrupti tempora sequi pariatur. Natus similique consequatur nihil ut porro tenetur omnis.', 7832, NULL, '2016-11-07 06:49:20');
INSERT INTO `screenshots` (`id`, `user_id`, `filename`, `posts`, `size`, `metadata`, `created_at`) VALUES (23, 23, 'quis', 'Ut doloremque quo at dolor in aut aut. Minima explicabo dolorum voluptas nobis et sapiente nostrum provident. Nihil id aliquam ut.', 2451, NULL, '2018-11-03 02:07:06');
INSERT INTO `screenshots` (`id`, `user_id`, `filename`, `posts`, `size`, `metadata`, `created_at`) VALUES (24, 24, 'dicta', 'Non quis quos nam laborum velit cumque. Omnis voluptatem qui a eum. Sed dicta facere ex quo impedit aspernatur. Et rerum ducimus rem veniam minima et magni.', 3929, NULL, '2018-09-24 06:14:18');
INSERT INTO `screenshots` (`id`, `user_id`, `filename`, `posts`, `size`, `metadata`, `created_at`) VALUES (25, 25, 'quis', 'Voluptate et accusantium voluptatem. Et iusto vel recusandae eos. Quibusdam illo eveniet et minima ratione autem.', 8680, NULL, '2020-12-30 11:38:12');
INSERT INTO `screenshots` (`id`, `user_id`, `filename`, `posts`, `size`, `metadata`, `created_at`) VALUES (26, 26, 'aspernatur', 'Adipisci at et aliquid dignissimos. Occaecati ea deleniti dolore tempora. Quisquam consequatur nobis nobis aut sint fugit facere. Neque eaque reprehenderit voluptatem voluptatem repellat.', 2300, NULL, '2019-06-02 13:10:11');
INSERT INTO `screenshots` (`id`, `user_id`, `filename`, `posts`, `size`, `metadata`, `created_at`) VALUES (27, 27, 'praesentium', 'Omnis ipsam ut architecto omnis. Omnis excepturi consequuntur et impedit sint nulla eaque.\nUt accusantium minima quaerat molestiae. Nihil omnis vel et. Porro optio aut laboriosam dolor et.', 6728, NULL, '2017-09-12 11:58:33');
INSERT INTO `screenshots` (`id`, `user_id`, `filename`, `posts`, `size`, `metadata`, `created_at`) VALUES (28, 28, 'non', 'Voluptatem ut et blanditiis et consequatur suscipit consequatur. Quos amet odio ut voluptatem ex illo. Sed quia doloremque voluptatem accusamus et molestias.', 4850, NULL, '2016-06-30 06:09:51');
INSERT INTO `screenshots` (`id`, `user_id`, `filename`, `posts`, `size`, `metadata`, `created_at`) VALUES (29, 29, 'reiciendis', 'Maiores soluta eius provident amet. Nostrum consequatur corrupti veniam sunt at. Eum sapiente est sunt placeat ex dolorem ratione. Molestias qui aut consequuntur.', 9594, NULL, '2017-08-03 04:59:42');
INSERT INTO `screenshots` (`id`, `user_id`, `filename`, `posts`, `size`, `metadata`, `created_at`) VALUES (30, 30, 'similique', 'Ullam dolorum repudiandae vero asperiores et. Ad dolore illo dolorem eaque. Omnis dolorum id assumenda. Et quam voluptatem qui numquam culpa pariatur.', 9771, NULL, '2013-08-28 23:37:22');
INSERT INTO `screenshots` (`id`, `user_id`, `filename`, `posts`, `size`, `metadata`, `created_at`) VALUES (31, 31, 'quos', 'Et ducimus aliquid voluptatem ut nesciunt velit. Eius qui consectetur iusto et voluptatem perspiciatis. Impedit itaque molestiae rerum iure autem quia sed ea.', 6698, NULL, '2017-05-16 11:04:54');
INSERT INTO `screenshots` (`id`, `user_id`, `filename`, `posts`, `size`, `metadata`, `created_at`) VALUES (32, 32, 'voluptatem', 'Sit laboriosam animi quia quo aliquam sit vel. Voluptatum et est sit quo. Quisquam repudiandae et ut cupiditate earum voluptatem tempora.', 9744, NULL, '2020-12-08 02:28:04');
INSERT INTO `screenshots` (`id`, `user_id`, `filename`, `posts`, `size`, `metadata`, `created_at`) VALUES (33, 33, 'repellat', 'Aut est quia dolore quis. Culpa saepe eius totam enim accusantium facere libero. Atque unde nisi doloribus in rerum. Enim eaque possimus dolores molestias similique eos.', 9299, NULL, '2016-03-27 09:50:46');
INSERT INTO `screenshots` (`id`, `user_id`, `filename`, `posts`, `size`, `metadata`, `created_at`) VALUES (34, 34, 'voluptatem', 'Adipisci repellat eos necessitatibus exercitationem officia. Dolor porro magni quaerat deleniti tempore. Ab quisquam voluptas est labore.', 8406, NULL, '2013-12-01 19:09:22');
INSERT INTO `screenshots` (`id`, `user_id`, `filename`, `posts`, `size`, `metadata`, `created_at`) VALUES (35, 35, 'aut', 'Ipsam id totam eaque ipsum et deserunt deleniti. Doloremque at sint corrupti qui.', 2109, NULL, '2017-09-28 13:06:49');
INSERT INTO `screenshots` (`id`, `user_id`, `filename`, `posts`, `size`, `metadata`, `created_at`) VALUES (36, 36, 'iure', 'Repellat neque enim dolore. Quia fuga ut occaecati nostrum. Fugit ex voluptates eos autem corporis labore. Quasi quae aut rerum. Labore magni eum tempore minima velit.', 1750, NULL, '2014-04-20 12:40:48');
INSERT INTO `screenshots` (`id`, `user_id`, `filename`, `posts`, `size`, `metadata`, `created_at`) VALUES (37, 37, 'sed', 'Nihil explicabo accusamus totam quia. Voluptatem dignissimos officia non eum voluptatem maxime. Itaque autem deleniti sed et vel. Excepturi autem hic sint reprehenderit dolorum.', 2298, NULL, '2015-02-16 14:29:46');
INSERT INTO `screenshots` (`id`, `user_id`, `filename`, `posts`, `size`, `metadata`, `created_at`) VALUES (38, 38, 'sit', 'Excepturi ut nihil minima aut iusto culpa. Dolore illo expedita est ratione et qui aliquid. Hic sequi necessitatibus magni. Nemo possimus eos est voluptatum rem soluta et.', 2008, NULL, '2016-11-28 06:47:22');
INSERT INTO `screenshots` (`id`, `user_id`, `filename`, `posts`, `size`, `metadata`, `created_at`) VALUES (39, 39, 'dicta', 'Nihil non quis quo consequatur dolores. Hic dolores consequatur laudantium vel corrupti quibusdam. Vel aut in impedit quibusdam sed sequi.', 3309, NULL, '2020-03-03 05:40:14');
INSERT INTO `screenshots` (`id`, `user_id`, `filename`, `posts`, `size`, `metadata`, `created_at`) VALUES (40, 40, 'magnam', 'Ut a optio aspernatur accusamus. Sit distinctio consectetur dolores sed sint rerum nam autem. Adipisci ut enim voluptate. Odit quis repellendus nobis.', 4814, NULL, '2017-12-19 23:24:27');
INSERT INTO `screenshots` (`id`, `user_id`, `filename`, `posts`, `size`, `metadata`, `created_at`) VALUES (41, 41, 'deleniti', 'Quia rerum facilis ex tempore eveniet consectetur rerum. Qui aut aut facilis molestiae. Cum aut reiciendis enim molestiae. Rem voluptates eligendi et ipsa fugit.', 3963, NULL, '2018-09-25 20:42:10');
INSERT INTO `screenshots` (`id`, `user_id`, `filename`, `posts`, `size`, `metadata`, `created_at`) VALUES (42, 42, 'inventore', 'Rerum et nulla repudiandae ullam cum fugit et qui. Maxime unde quos ducimus voluptatem. Mollitia accusantium nemo qui fugiat quia nam.', 7530, NULL, '2013-11-21 09:57:58');
INSERT INTO `screenshots` (`id`, `user_id`, `filename`, `posts`, `size`, `metadata`, `created_at`) VALUES (43, 43, 'sed', 'Voluptatum earum tempore in adipisci et est et. Tempora voluptatem aut sit sed. Et non nihil et rerum est voluptatem quaerat maxime.', 6326, NULL, '2016-10-25 15:34:32');
INSERT INTO `screenshots` (`id`, `user_id`, `filename`, `posts`, `size`, `metadata`, `created_at`) VALUES (44, 44, 'quasi', 'Sit aut ut mollitia minima vero ex aut. Voluptatem optio eaque quia iste. Officiis exercitationem ipsam dolores explicabo maxime. Iste illo velit est quam voluptas qui.', 7042, NULL, '2016-05-19 22:29:35');
INSERT INTO `screenshots` (`id`, `user_id`, `filename`, `posts`, `size`, `metadata`, `created_at`) VALUES (45, 45, 'cupiditate', 'Exercitationem ut atque autem tenetur consequatur. Ut ab voluptatem itaque error eveniet. Ab et perferendis eos voluptatum ut illo et. Velit et delectus est ab. Minima fuga velit perspiciatis.', 3971, NULL, '2016-05-23 15:37:00');
INSERT INTO `screenshots` (`id`, `user_id`, `filename`, `posts`, `size`, `metadata`, `created_at`) VALUES (46, 46, 'nam', 'Vel omnis est quia sint eos suscipit omnis. Non ut esse in quos dolores. Suscipit sed amet mollitia saepe facere ut.', 8467, NULL, '2012-01-06 13:26:56');
INSERT INTO `screenshots` (`id`, `user_id`, `filename`, `posts`, `size`, `metadata`, `created_at`) VALUES (47, 47, 'repellat', 'Eaque tenetur nostrum possimus facere. Pariatur et tempora mollitia est qui sed et autem. Ducimus amet distinctio sit. Dolore voluptatibus aut dolorem.', 2787, NULL, '2016-01-07 00:48:38');
INSERT INTO `screenshots` (`id`, `user_id`, `filename`, `posts`, `size`, `metadata`, `created_at`) VALUES (48, 48, 'accusantium', 'Eos et dicta beatae voluptatem eos molestiae possimus. Molestiae dolore nemo voluptatum aut assumenda quae accusamus. Quos tenetur ab enim.', 8662, NULL, '2012-05-21 07:07:37');
INSERT INTO `screenshots` (`id`, `user_id`, `filename`, `posts`, `size`, `metadata`, `created_at`) VALUES (49, 49, 'fuga', 'Ab dolorum architecto sequi. Tenetur nisi itaque sint autem. Aut ut quasi quisquam et odio consectetur. Sed et autem iure autem architecto. Minus praesentium asperiores est quia.', 2466, NULL, '2018-03-18 20:18:41');
INSERT INTO `screenshots` (`id`, `user_id`, `filename`, `posts`, `size`, `metadata`, `created_at`) VALUES (50, 50, 'aut', 'Error quia quaerat sunt ut. Quaerat est at deleniti id dolorum ut ut. Ad tempora quia fugit voluptas. Est blanditiis et minima sequi. Molestias consequatur aut aliquid eaque aliquid et.', 1049, NULL, '2019-02-19 14:52:26');
INSERT INTO `screenshots` (`id`, `user_id`, `filename`, `posts`, `size`, `metadata`, `created_at`) VALUES (51, 51, 'rerum', 'Error voluptas voluptas maiores mollitia consectetur accusamus. Tenetur iste repellat aut eligendi illum. Nobis eligendi voluptatibus omnis sint eveniet consequatur nam doloribus.', 2036, NULL, '2018-02-18 10:25:24');
INSERT INTO `screenshots` (`id`, `user_id`, `filename`, `posts`, `size`, `metadata`, `created_at`) VALUES (52, 52, 'perferendis', 'Corrupti officiis consequuntur quo et similique. Magni saepe neque corporis magni. Nostrum eaque assumenda tempora est.', 3857, NULL, '2015-04-28 05:20:11');
INSERT INTO `screenshots` (`id`, `user_id`, `filename`, `posts`, `size`, `metadata`, `created_at`) VALUES (53, 53, 'ab', 'Corrupti tempore nemo dignissimos quaerat ipsum commodi. Quos inventore earum sint ipsa vero in. Eligendi eius repellendus ipsa sunt animi modi nihil. Quia quia alias aut impedit.', 6777, NULL, '2017-07-25 21:08:46');
INSERT INTO `screenshots` (`id`, `user_id`, `filename`, `posts`, `size`, `metadata`, `created_at`) VALUES (54, 54, 'saepe', 'Quia quo earum est at saepe iste. Odio minima quasi fuga dolorem eaque id enim. Illum adipisci et sit et doloribus.', 1712, NULL, '2012-11-14 21:01:54');
INSERT INTO `screenshots` (`id`, `user_id`, `filename`, `posts`, `size`, `metadata`, `created_at`) VALUES (55, 55, 'ut', 'Beatae ipsum dolores voluptas quia ullam. Eius dolor nihil repellendus ex dolor dolor. Tempora accusantium consequatur ea molestiae et laboriosam. Nostrum quis eum odit reiciendis assumenda illum.', 3283, NULL, '2012-09-26 12:53:22');
INSERT INTO `screenshots` (`id`, `user_id`, `filename`, `posts`, `size`, `metadata`, `created_at`) VALUES (56, 56, 'aut', 'Ab impedit esse at et assumenda molestias et. Earum id et atque quidem. Reiciendis fugit nihil voluptates aut. Occaecati nulla et debitis voluptatem quam.', 1974, NULL, '2013-05-02 20:27:55');
INSERT INTO `screenshots` (`id`, `user_id`, `filename`, `posts`, `size`, `metadata`, `created_at`) VALUES (57, 57, 'soluta', 'Voluptate illum et et voluptatem nesciunt quo. Quas vel consequatur dignissimos ipsa. Id iste eum et. Aut non cumque modi.', 4830, NULL, '2018-01-11 01:18:56');
INSERT INTO `screenshots` (`id`, `user_id`, `filename`, `posts`, `size`, `metadata`, `created_at`) VALUES (58, 58, 'reiciendis', 'Maxime provident id officiis quisquam autem provident modi dignissimos. Fuga labore velit hic recusandae recusandae quos.', 3667, NULL, '2015-06-30 23:20:32');
INSERT INTO `screenshots` (`id`, `user_id`, `filename`, `posts`, `size`, `metadata`, `created_at`) VALUES (59, 59, 'ipsam', 'Aperiam eveniet dolorem quidem. Omnis aut id omnis dolor vel voluptas cumque at. Ab numquam doloribus commodi veniam dolorem.', 7447, NULL, '2017-10-22 01:56:11');
INSERT INTO `screenshots` (`id`, `user_id`, `filename`, `posts`, `size`, `metadata`, `created_at`) VALUES (60, 60, 'quidem', 'Est aliquid beatae dolorum natus exercitationem eum. Molestiae quis aut ut eligendi. Sint nostrum quasi explicabo fugit labore ex voluptatibus. Possimus porro ab velit qui.', 4333, NULL, '2013-08-09 08:00:45');
INSERT INTO `screenshots` (`id`, `user_id`, `filename`, `posts`, `size`, `metadata`, `created_at`) VALUES (61, 61, 'animi', 'Nemo fugit accusamus voluptas eos deserunt. Nam quae dolorem nesciunt provident quaerat et. Dolore sit in tempora voluptas velit facilis dolorem.', 1553, NULL, '2013-12-14 12:16:16');
INSERT INTO `screenshots` (`id`, `user_id`, `filename`, `posts`, `size`, `metadata`, `created_at`) VALUES (62, 62, 'ut', 'Ut iure eaque nisi rem sint quia et. Ut omnis dolor sit corporis. Adipisci id qui amet qui molestias quae.', 5947, NULL, '2014-02-17 04:50:47');
INSERT INTO `screenshots` (`id`, `user_id`, `filename`, `posts`, `size`, `metadata`, `created_at`) VALUES (63, 63, 'a', 'Vero nihil omnis beatae commodi est. Qui dignissimos unde tempora facilis omnis perspiciatis esse reprehenderit. Beatae eos fuga libero quisquam porro.', 3702, NULL, '2018-07-13 05:01:17');
INSERT INTO `screenshots` (`id`, `user_id`, `filename`, `posts`, `size`, `metadata`, `created_at`) VALUES (64, 64, 'aut', 'Aut aut molestiae illum quisquam expedita. Voluptatem maxime eveniet adipisci totam error asperiores. In dolorum consequuntur reprehenderit iusto.', 7586, NULL, '2011-12-28 04:00:53');
INSERT INTO `screenshots` (`id`, `user_id`, `filename`, `posts`, `size`, `metadata`, `created_at`) VALUES (65, 65, 'aut', 'Sunt quia et ipsum laudantium. Sit qui molestias ducimus illo hic. Et cumque non dolorem neque non quo totam. Quisquam vel officia alias ipsum molestias similique.', 4353, NULL, '2017-02-07 09:32:13');
INSERT INTO `screenshots` (`id`, `user_id`, `filename`, `posts`, `size`, `metadata`, `created_at`) VALUES (66, 66, 'non', 'Qui exercitationem animi nemo voluptas. Minus molestias numquam ab quod. Rerum minima incidunt minima tempore facilis. Et natus officia sunt voluptatem a.', 8658, NULL, '2012-01-30 23:26:27');
INSERT INTO `screenshots` (`id`, `user_id`, `filename`, `posts`, `size`, `metadata`, `created_at`) VALUES (67, 67, 'est', 'Dolore fugit praesentium architecto ea a qui sapiente. Laboriosam voluptatem id et est et mollitia sunt. Fugit veniam eum illo sunt accusantium nesciunt itaque.', 1019, NULL, '2014-08-27 04:19:42');
INSERT INTO `screenshots` (`id`, `user_id`, `filename`, `posts`, `size`, `metadata`, `created_at`) VALUES (68, 68, 'ab', 'Molestiae qui ut vero consequatur autem magni. Cumque placeat et dolorem quia. Tempora est magnam cumque dicta ea cumque.', 5077, NULL, '2019-07-05 08:40:42');
INSERT INTO `screenshots` (`id`, `user_id`, `filename`, `posts`, `size`, `metadata`, `created_at`) VALUES (69, 69, 'et', 'Adipisci molestiae rerum numquam voluptatibus id ducimus. Dolores culpa similique atque qui dolorum dolorum. Voluptatum voluptatem quidem facere rerum asperiores quia.', 4122, NULL, '2012-06-18 17:56:35');
INSERT INTO `screenshots` (`id`, `user_id`, `filename`, `posts`, `size`, `metadata`, `created_at`) VALUES (70, 70, 'fugit', 'Et odio non et ipsa. Neque illo nostrum possimus sunt nostrum odio consequatur. Quia adipisci provident molestiae non aperiam ut dolorem. Officia ut aspernatur accusantium corporis nemo vel.', 4254, NULL, '2017-01-14 06:30:54');
INSERT INTO `screenshots` (`id`, `user_id`, `filename`, `posts`, `size`, `metadata`, `created_at`) VALUES (71, 71, 'reprehenderit', 'Nesciunt optio quidem et. Aut qui possimus eos debitis quia in mollitia. Aut est quibusdam ut in eos sequi.', 2105, NULL, '2018-02-18 17:54:37');
INSERT INTO `screenshots` (`id`, `user_id`, `filename`, `posts`, `size`, `metadata`, `created_at`) VALUES (72, 72, 'et', 'Ea officiis totam ullam illo. Aperiam debitis quo est doloribus fugiat incidunt commodi. Porro ducimus odit quam et. Dolores ut animi maxime at.', 7860, NULL, '2018-02-28 18:21:23');
INSERT INTO `screenshots` (`id`, `user_id`, `filename`, `posts`, `size`, `metadata`, `created_at`) VALUES (73, 73, 'et', 'Qui illum voluptas odio quo minus. Delectus et voluptate reprehenderit quia tenetur iste ea et. Delectus eaque est voluptatem illo eius. Enim ratione in voluptatem animi vero dicta.', 2383, NULL, '2014-03-03 00:28:00');
INSERT INTO `screenshots` (`id`, `user_id`, `filename`, `posts`, `size`, `metadata`, `created_at`) VALUES (74, 74, 'eligendi', 'Asperiores ipsum deleniti est ut. Aut atque ipsa voluptatibus excepturi. Dolor reiciendis facere rerum et sunt recusandae. Dolores eos assumenda laudantium nobis voluptatibus.', 2233, NULL, '2016-10-11 08:27:08');
INSERT INTO `screenshots` (`id`, `user_id`, `filename`, `posts`, `size`, `metadata`, `created_at`) VALUES (75, 75, 'est', 'Exercitationem id veniam deleniti. Qui ab voluptatem aspernatur. Placeat dolores asperiores quod. Sunt corporis consequuntur ea.', 3027, NULL, '2021-04-12 10:27:57');
INSERT INTO `screenshots` (`id`, `user_id`, `filename`, `posts`, `size`, `metadata`, `created_at`) VALUES (76, 76, 'voluptatibus', 'Amet dignissimos consequatur nesciunt distinctio. Atque voluptas et aliquam porro ea hic. Non qui eligendi architecto dolor dicta ut iusto ipsam.', 3607, NULL, '2020-09-12 09:29:00');
INSERT INTO `screenshots` (`id`, `user_id`, `filename`, `posts`, `size`, `metadata`, `created_at`) VALUES (77, 77, 'ut', 'Tenetur nemo et quod id consequatur. Quod quia veniam qui enim voluptatum. Veritatis eos ea aperiam non doloremque.', 3767, NULL, '2017-02-01 18:35:31');
INSERT INTO `screenshots` (`id`, `user_id`, `filename`, `posts`, `size`, `metadata`, `created_at`) VALUES (78, 78, 'laboriosam', 'Voluptatem quidem ducimus enim ipsa amet tempore aspernatur. Expedita aut in quaerat velit. Modi omnis facilis omnis veritatis.', 6574, NULL, '2020-03-20 13:20:18');
INSERT INTO `screenshots` (`id`, `user_id`, `filename`, `posts`, `size`, `metadata`, `created_at`) VALUES (79, 79, 'ratione', 'Quibusdam aut excepturi fuga molestiae. Dolores id libero a ea et esse est. Temporibus praesentium qui quia laboriosam eveniet.', 7288, NULL, '2019-03-03 19:06:24');
INSERT INTO `screenshots` (`id`, `user_id`, `filename`, `posts`, `size`, `metadata`, `created_at`) VALUES (80, 80, 'et', 'Numquam nisi voluptatem maxime. Ut qui provident expedita fugit sit et sit. Tempora perspiciatis temporibus quia vero. Voluptatum tempora voluptatem non dolore quis est.', 9625, NULL, '2014-09-18 05:32:52');
INSERT INTO `screenshots` (`id`, `user_id`, `filename`, `posts`, `size`, `metadata`, `created_at`) VALUES (81, 81, 'facilis', 'Fugit dolore quia aut ipsa voluptatem dolores sit. Doloremque repellendus est voluptatem. Qui eius necessitatibus ut placeat.', 3654, NULL, '2015-12-05 05:45:18');
INSERT INTO `screenshots` (`id`, `user_id`, `filename`, `posts`, `size`, `metadata`, `created_at`) VALUES (82, 82, 'voluptatem', 'Magni quia aut non placeat. Quia deleniti hic praesentium numquam sed rem est. Rem consequatur enim placeat numquam at aliquid consequuntur. Voluptas ad rerum eligendi esse.', 2529, NULL, '2020-09-13 23:15:40');
INSERT INTO `screenshots` (`id`, `user_id`, `filename`, `posts`, `size`, `metadata`, `created_at`) VALUES (83, 83, 'soluta', 'Id modi id officiis harum nostrum. Molestias laborum culpa non ut numquam. Voluptatum totam nemo qui quidem aut. Ut quaerat voluptate nesciunt.', 2958, NULL, '2013-02-23 10:59:27');
INSERT INTO `screenshots` (`id`, `user_id`, `filename`, `posts`, `size`, `metadata`, `created_at`) VALUES (84, 84, 'dolores', 'Eos repellendus ipsum non deleniti nihil mollitia quia. Similique animi ab amet beatae ipsum reprehenderit.', 7459, NULL, '2013-01-27 13:20:01');
INSERT INTO `screenshots` (`id`, `user_id`, `filename`, `posts`, `size`, `metadata`, `created_at`) VALUES (85, 85, 'sapiente', 'Rerum suscipit sunt rem dolores. Consequatur fugit natus sequi sit corrupti. Voluptatem minus et et ut. Laudantium aut quis minus dolor dolorem.', 4656, NULL, '2017-09-28 05:42:12');
INSERT INTO `screenshots` (`id`, `user_id`, `filename`, `posts`, `size`, `metadata`, `created_at`) VALUES (86, 86, 'ipsam', 'Voluptatem autem nemo omnis accusamus placeat repellendus sunt. Animi dolores et cum asperiores aperiam beatae. Accusantium ut id quod molestias optio quod.', 8373, NULL, '2014-07-15 14:55:35');
INSERT INTO `screenshots` (`id`, `user_id`, `filename`, `posts`, `size`, `metadata`, `created_at`) VALUES (87, 87, 'quas', 'Est ea omnis possimus qui sunt sit aspernatur dolore. Voluptas sit vero esse qui.', 4266, NULL, '2014-05-09 11:06:06');
INSERT INTO `screenshots` (`id`, `user_id`, `filename`, `posts`, `size`, `metadata`, `created_at`) VALUES (88, 88, 'provident', 'Voluptatem laborum rerum aut enim tenetur ab rerum explicabo. Dolorem voluptatem quam non eaque. Numquam tenetur cumque voluptatem voluptate exercitationem earum facilis minima.', 6407, NULL, '2019-01-28 16:25:00');
INSERT INTO `screenshots` (`id`, `user_id`, `filename`, `posts`, `size`, `metadata`, `created_at`) VALUES (89, 89, 'quaerat', 'Sequi nulla ratione est odit consectetur ab. Dolor tempore excepturi totam neque. Numquam soluta eum voluptate et rerum necessitatibus voluptates.', 7467, NULL, '2015-06-16 22:53:50');
INSERT INTO `screenshots` (`id`, `user_id`, `filename`, `posts`, `size`, `metadata`, `created_at`) VALUES (90, 90, 'eos', 'Nihil harum veritatis similique nisi voluptatem beatae. Voluptatibus qui magnam eius omnis maiores voluptatem assumenda. Id culpa aut sint consequuntur. Ea dicta voluptas culpa.', 7123, NULL, '2017-02-02 06:09:58');
INSERT INTO `screenshots` (`id`, `user_id`, `filename`, `posts`, `size`, `metadata`, `created_at`) VALUES (91, 91, 'officiis', 'Sed amet illo laboriosam non. Sit eum et cupiditate porro enim. Nemo natus repudiandae est vel illum nesciunt. Odit et blanditiis suscipit alias dolorem optio ducimus.', 5284, NULL, '2017-10-18 07:51:17');
INSERT INTO `screenshots` (`id`, `user_id`, `filename`, `posts`, `size`, `metadata`, `created_at`) VALUES (92, 92, 'et', 'Voluptates sit accusamus distinctio qui unde aut ut. Fugiat iusto officiis voluptatem at consequatur et qui. Est expedita odio ut sit. Sit eos sint in est cupiditate saepe.', 4121, NULL, '2014-03-21 16:30:59');
INSERT INTO `screenshots` (`id`, `user_id`, `filename`, `posts`, `size`, `metadata`, `created_at`) VALUES (93, 93, 'saepe', 'Quos non magnam non sit est. Quaerat vitae iste aut veritatis sequi.\nDucimus voluptatem aspernatur qui illum laudantium incidunt alias. Quia et veniam aspernatur tenetur. Expedita in magni facilis.', 3506, NULL, '2014-02-08 03:58:05');
INSERT INTO `screenshots` (`id`, `user_id`, `filename`, `posts`, `size`, `metadata`, `created_at`) VALUES (94, 94, 'similique', 'Voluptas doloribus vel quo dignissimos dolore. Repudiandae possimus sunt voluptas voluptatem accusamus perferendis. Accusantium explicabo omnis dolorum tempora.', 3852, NULL, '2019-01-27 11:44:42');
INSERT INTO `screenshots` (`id`, `user_id`, `filename`, `posts`, `size`, `metadata`, `created_at`) VALUES (95, 95, 'ducimus', 'Placeat rem et non harum. Deleniti aut est dolorum dolorem eum. Eum repellendus cupiditate sapiente non.\nId vitae enim recusandae fuga. Nihil sunt sit molestiae expedita est doloribus.', 9269, NULL, '2020-06-13 05:54:33');
INSERT INTO `screenshots` (`id`, `user_id`, `filename`, `posts`, `size`, `metadata`, `created_at`) VALUES (96, 96, 'delectus', 'Enim eveniet aut repellendus sequi. Vitae ad nobis illo est qui. Aut corporis quos laudantium est dicta debitis ipsa est. Libero consequatur sunt amet omnis.', 1645, NULL, '2012-11-30 22:57:19');
INSERT INTO `screenshots` (`id`, `user_id`, `filename`, `posts`, `size`, `metadata`, `created_at`) VALUES (97, 97, 'illum', 'Aspernatur autem blanditiis vel totam expedita maxime harum. Ad pariatur voluptas excepturi est excepturi id. Eveniet repellendus adipisci consectetur repudiandae.', 2865, NULL, '2020-12-30 14:52:39');
INSERT INTO `screenshots` (`id`, `user_id`, `filename`, `posts`, `size`, `metadata`, `created_at`) VALUES (98, 98, 'et', 'Deserunt non nihil excepturi ipsa vitae est quos temporibus. Nemo et iure est officia maiores aperiam et. Necessitatibus culpa natus illo atque sit. Quaerat dolorem est et aliquid.', 2914, NULL, '2015-09-13 19:53:19');
INSERT INTO `screenshots` (`id`, `user_id`, `filename`, `posts`, `size`, `metadata`, `created_at`) VALUES (99, 99, 'laborum', 'Dolorem rerum nisi eos et aut vero corporis illo. Quo magni voluptas aut magnam. Et mollitia a aliquid odit. Sed molestiae molestiae velit totam recusandae aut.', 7014, NULL, '2021-02-21 19:54:26');
INSERT INTO `screenshots` (`id`, `user_id`, `filename`, `posts`, `size`, `metadata`, `created_at`) VALUES (100, 100, 'rerum', 'Corporis voluptatem deleniti provident amet. Cum fugit et voluptatem et facilis et et molestias. A vel aut ullam rerum tempore ut vel. Dolores ipsam quod itaque voluptatem.', 1568, NULL, '2013-11-18 23:46:29');
INSERT INTO `screenshots` (`id`, `user_id`, `filename`, `posts`, `size`, `metadata`, `created_at`) VALUES (101, 1, 'quasi', 'Eos natus quia labore nulla. Voluptas unde qui rerum et ut modi. Autem libero nisi soluta consectetur ipsa asperiores a. Ipsam aut aliquid inventore omnis rerum fuga.', 9090, NULL, '2015-06-28 08:36:35');
INSERT INTO `screenshots` (`id`, `user_id`, `filename`, `posts`, `size`, `metadata`, `created_at`) VALUES (102, 2, 'alias', 'Maiores at quaerat temporibus quasi quos dolorem. Dolor minus eum ut tempora. Sit aut voluptates voluptatum tempora magni incidunt minima autem. Dolores consequatur voluptatem culpa non.', 6163, NULL, '2013-10-02 00:16:46');
INSERT INTO `screenshots` (`id`, `user_id`, `filename`, `posts`, `size`, `metadata`, `created_at`) VALUES (103, 3, 'qui', 'Mollitia tempora in consequatur. Neque dignissimos impedit est aliquid. Animi vel deleniti quo ipsa. Doloremque soluta quos magnam assumenda tempora aspernatur aut.', 5802, NULL, '2019-05-26 21:15:16');
INSERT INTO `screenshots` (`id`, `user_id`, `filename`, `posts`, `size`, `metadata`, `created_at`) VALUES (104, 4, 'voluptatem', 'Magnam est consequatur rerum sunt ad natus alias. Eius est harum magni iure et. Molestiae voluptas alias id beatae debitis. Repellat rerum at voluptate fuga ducimus. Enim et animi ea tempore.', 6451, NULL, '2016-12-31 21:40:13');
INSERT INTO `screenshots` (`id`, `user_id`, `filename`, `posts`, `size`, `metadata`, `created_at`) VALUES (105, 5, 'quaerat', 'Dolores debitis odit provident dicta nisi ea enim minus. Ipsa tenetur recusandae et modi deleniti esse. Quia qui odit aut cumque quis asperiores sapiente magni.', 6056, NULL, '2014-11-01 13:22:31');
INSERT INTO `screenshots` (`id`, `user_id`, `filename`, `posts`, `size`, `metadata`, `created_at`) VALUES (106, 6, 'dolores', 'Accusamus qui nulla est necessitatibus quos eligendi ullam accusantium. Eum in repudiandae quas dolor. Autem quis assumenda quas ab autem quia.', 7706, NULL, '2019-06-24 21:28:42');
INSERT INTO `screenshots` (`id`, `user_id`, `filename`, `posts`, `size`, `metadata`, `created_at`) VALUES (107, 7, 'nihil', 'Id eos eveniet amet. Vero praesentium tempore ut enim. Optio et quaerat veritatis inventore dignissimos. Debitis dolor nam eum vel. Non sunt et qui nostrum et rerum beatae.', 7984, NULL, '2014-02-12 00:29:54');
INSERT INTO `screenshots` (`id`, `user_id`, `filename`, `posts`, `size`, `metadata`, `created_at`) VALUES (108, 8, 'eum', 'Sunt excepturi numquam maiores vero voluptatem exercitationem. Laboriosam cumque suscipit aut. Rem nesciunt magnam architecto voluptas sit vitae.', 4465, NULL, '2021-03-01 17:05:30');
INSERT INTO `screenshots` (`id`, `user_id`, `filename`, `posts`, `size`, `metadata`, `created_at`) VALUES (109, 9, 'accusamus', 'Sed consequatur id enim eius. Ab at explicabo similique earum enim et. Et aspernatur dolorem maiores qui repellendus illum voluptatem illum.', 5309, NULL, '2013-05-03 03:08:56');
INSERT INTO `screenshots` (`id`, `user_id`, `filename`, `posts`, `size`, `metadata`, `created_at`) VALUES (110, 10, 'tempora', 'Autem harum similique expedita quia id voluptates. Et sit magni eos earum rerum vel. Ipsam laborum voluptatem nostrum beatae velit eius.', 9215, NULL, '2020-05-06 03:44:25');
INSERT INTO `screenshots` (`id`, `user_id`, `filename`, `posts`, `size`, `metadata`, `created_at`) VALUES (111, 11, 'est', 'Corporis omnis quis sit tempora. Nemo ut qui corporis corporis eos libero aperiam. Odit corporis consequatur cum dolorem. Ipsum ut in ea esse autem. Aliquid illum nobis quo dignissimos.', 8033, NULL, '2018-06-23 07:13:30');
INSERT INTO `screenshots` (`id`, `user_id`, `filename`, `posts`, `size`, `metadata`, `created_at`) VALUES (112, 12, 'nisi', 'Quia corporis accusamus laudantium eum aspernatur. Itaque magnam eos illum et. Ut consequatur animi iste non. Nihil animi libero atque amet eum architecto.', 7263, NULL, '2018-12-04 18:21:39');
INSERT INTO `screenshots` (`id`, `user_id`, `filename`, `posts`, `size`, `metadata`, `created_at`) VALUES (113, 13, 'atque', 'Ullam sit voluptatem quis error. Aliquam ipsum qui esse a.\nQui dolor vel totam beatae earum quia. Velit ipsam quae non ab. At optio iste vero recusandae fugiat.', 7892, NULL, '2016-04-05 19:49:29');
INSERT INTO `screenshots` (`id`, `user_id`, `filename`, `posts`, `size`, `metadata`, `created_at`) VALUES (114, 14, 'voluptas', 'Itaque sit voluptas dolore et et ipsum. Inventore sunt qui qui a rem aperiam. Facilis id omnis et nostrum eius quis.', 4825, NULL, '2012-11-07 17:38:43');
INSERT INTO `screenshots` (`id`, `user_id`, `filename`, `posts`, `size`, `metadata`, `created_at`) VALUES (115, 15, 'aut', 'Ipsum aliquid incidunt dolorem. Qui omnis maxime sit delectus ex. Laborum deleniti modi iste omnis accusamus aut numquam. Omnis aperiam nesciunt earum eos repellendus quia deleniti.', 3648, NULL, '2017-10-11 22:20:20');
INSERT INTO `screenshots` (`id`, `user_id`, `filename`, `posts`, `size`, `metadata`, `created_at`) VALUES (116, 16, 'vel', 'Sapiente perspiciatis tempora repellendus sit quam. Esse autem voluptatem illum modi eos. Sint natus quidem nesciunt nulla veniam. Odit aliquid deleniti veritatis non.', 1740, NULL, '2014-07-29 20:10:42');
INSERT INTO `screenshots` (`id`, `user_id`, `filename`, `posts`, `size`, `metadata`, `created_at`) VALUES (117, 17, 'odit', 'Dicta placeat voluptas in est totam. Sequi quidem sed quas cum consectetur quis veritatis. Voluptatem aut ea iste cumque dolores. Voluptatem earum qui mollitia nihil quo esse nobis.', 2616, NULL, '2016-11-14 04:11:59');
INSERT INTO `screenshots` (`id`, `user_id`, `filename`, `posts`, `size`, `metadata`, `created_at`) VALUES (118, 18, 'harum', 'Alias eveniet qui est quisquam suscipit qui quis. Nostrum ea repudiandae vel sint labore dolorem fugit. Nihil dolor quia debitis eligendi reprehenderit alias. Quam est soluta eaque reprehenderit ea.', 3424, NULL, '2015-01-16 12:33:09');
INSERT INTO `screenshots` (`id`, `user_id`, `filename`, `posts`, `size`, `metadata`, `created_at`) VALUES (119, 19, 'temporibus', 'Cumque autem voluptas odit magnam ut. Dolore aliquam dignissimos perferendis ex soluta. Aliquam rerum quae officia cumque voluptates amet.', 5407, NULL, '2011-06-09 15:42:57');
INSERT INTO `screenshots` (`id`, `user_id`, `filename`, `posts`, `size`, `metadata`, `created_at`) VALUES (120, 20, 'necessitatibus', 'Dolor qui exercitationem odio qui. Qui tempora est illum nemo iure est voluptatem. Sunt qui laborum voluptate dolore reiciendis. Eligendi quo recusandae dicta dicta possimus eaque porro dolores.', 9005, NULL, '2016-03-28 06:27:59');
INSERT INTO `screenshots` (`id`, `user_id`, `filename`, `posts`, `size`, `metadata`, `created_at`) VALUES (121, 21, 'aut', 'Voluptate quaerat quae et quae quia. Velit quo et numquam officiis ut alias voluptas. Odio ut reiciendis aut est impedit.', 6673, NULL, '2013-04-22 02:11:44');
INSERT INTO `screenshots` (`id`, `user_id`, `filename`, `posts`, `size`, `metadata`, `created_at`) VALUES (122, 22, 'consequatur', 'Et eum dolore qui voluptatem tempora sed. Architecto eveniet dolorem qui ducimus esse dolores. Accusamus tempora eos repudiandae voluptates velit qui aspernatur.', 8388, NULL, '2021-02-06 14:22:36');
INSERT INTO `screenshots` (`id`, `user_id`, `filename`, `posts`, `size`, `metadata`, `created_at`) VALUES (123, 23, 'autem', 'Nostrum doloribus pariatur dolor sed esse unde quas. Blanditiis consequatur id aut quod est quia. Enim id quisquam quia. Quis non ipsa veritatis dolor repellendus voluptatem dolorem omnis.', 8232, NULL, '2015-11-24 09:51:46');
INSERT INTO `screenshots` (`id`, `user_id`, `filename`, `posts`, `size`, `metadata`, `created_at`) VALUES (124, 24, 'architecto', 'Eos rerum quaerat sapiente delectus nihil. Quos atque nihil mollitia sint vero mollitia dicta deleniti. Laboriosam et voluptatem molestiae ut eos.', 7988, NULL, '2017-08-22 09:33:29');
INSERT INTO `screenshots` (`id`, `user_id`, `filename`, `posts`, `size`, `metadata`, `created_at`) VALUES (125, 25, 'molestiae', 'Ut ullam iure quibusdam sunt aut impedit. Cum magnam reprehenderit est porro suscipit quas dolorum. Ullam aut aut cum.', 4395, NULL, '2017-06-02 13:07:06');
INSERT INTO `screenshots` (`id`, `user_id`, `filename`, `posts`, `size`, `metadata`, `created_at`) VALUES (126, 26, 'optio', 'Harum velit quia aut eos fugiat alias praesentium. Et ut harum harum laborum nobis quo eligendi. Non ut soluta animi soluta nemo. Nemo tempora velit qui aut. Autem quidem sed debitis illum.', 2896, NULL, '2015-11-08 03:59:28');
INSERT INTO `screenshots` (`id`, `user_id`, `filename`, `posts`, `size`, `metadata`, `created_at`) VALUES (127, 27, 'nisi', 'Earum ut esse architecto voluptas sit corrupti iure ipsam. Odit in vel in quia perspiciatis.', 6230, NULL, '2020-04-04 02:43:32');
INSERT INTO `screenshots` (`id`, `user_id`, `filename`, `posts`, `size`, `metadata`, `created_at`) VALUES (128, 28, 'quia', 'Tenetur non facere officiis magnam adipisci. A accusantium dolores tempore ea amet. Illo alias quam voluptates dolores.', 8550, NULL, '2013-11-30 14:51:23');
INSERT INTO `screenshots` (`id`, `user_id`, `filename`, `posts`, `size`, `metadata`, `created_at`) VALUES (129, 29, 'ut', 'Unde ut ducimus et dolores facere vitae placeat. Quidem dolor dolore dolores. Non voluptatem rerum nisi sit.', 2422, NULL, '2021-03-08 17:09:07');
INSERT INTO `screenshots` (`id`, `user_id`, `filename`, `posts`, `size`, `metadata`, `created_at`) VALUES (130, 30, 'voluptas', 'Nobis totam pariatur iste molestias nihil dolorem dolorem. Enim et sunt distinctio beatae. Iusto voluptatem earum minima esse. Saepe repellat ut neque doloremque nesciunt aut odit.', 4903, NULL, '2012-12-13 09:51:22');
INSERT INTO `screenshots` (`id`, `user_id`, `filename`, `posts`, `size`, `metadata`, `created_at`) VALUES (131, 31, 'quo', 'Occaecati voluptatum error dignissimos. Recusandae autem veniam commodi eveniet quidem.', 8350, NULL, '2021-05-19 18:16:19');
INSERT INTO `screenshots` (`id`, `user_id`, `filename`, `posts`, `size`, `metadata`, `created_at`) VALUES (132, 32, 'sunt', 'Enim facilis earum est distinctio. Accusamus vitae rerum corporis amet deserunt ex. Omnis voluptatum rerum amet in blanditiis voluptates. Quasi corrupti a odit debitis nostrum error libero autem.', 6101, NULL, '2018-03-03 04:38:46');
INSERT INTO `screenshots` (`id`, `user_id`, `filename`, `posts`, `size`, `metadata`, `created_at`) VALUES (133, 33, 'architecto', 'Nobis ipsam id est voluptatem. Exercitationem nam quasi dicta autem aperiam sunt modi. Corporis qui aut explicabo fuga id. Sint ipsa non qui ratione aliquid. Et esse suscipit eos non et dolorum qui.', 5481, NULL, '2017-12-17 13:11:19');
INSERT INTO `screenshots` (`id`, `user_id`, `filename`, `posts`, `size`, `metadata`, `created_at`) VALUES (134, 34, 'explicabo', 'Aut aut sit qui quam architecto. Fugit esse labore voluptas repudiandae.', 2508, NULL, '2014-11-19 04:19:51');
INSERT INTO `screenshots` (`id`, `user_id`, `filename`, `posts`, `size`, `metadata`, `created_at`) VALUES (135, 35, 'neque', 'Illo quasi tenetur ut deserunt. Labore alias explicabo nesciunt repellendus quis corrupti facilis aut. Quia et quisquam qui error velit nam.', 1410, NULL, '2016-12-29 16:22:52');
INSERT INTO `screenshots` (`id`, `user_id`, `filename`, `posts`, `size`, `metadata`, `created_at`) VALUES (136, 36, 'consequatur', 'Quis suscipit asperiores voluptas illo sunt. Atque perspiciatis aut alias sint illum. Dolorum quo assumenda dolores commodi totam incidunt veritatis. Nihil quia rerum soluta nostrum.', 6034, NULL, '2018-09-13 14:37:48');
INSERT INTO `screenshots` (`id`, `user_id`, `filename`, `posts`, `size`, `metadata`, `created_at`) VALUES (137, 37, 'et', 'Qui distinctio maiores voluptas aliquam et facere. Impedit asperiores temporibus sit. Et sit quo aspernatur ex at. Dignissimos dicta qui est veritatis et aspernatur quos.', 5696, NULL, '2013-12-16 10:06:38');
INSERT INTO `screenshots` (`id`, `user_id`, `filename`, `posts`, `size`, `metadata`, `created_at`) VALUES (138, 38, 'rerum', 'Eos eligendi sunt aut est nulla et ipsum blanditiis. Molestiae facilis veniam nisi minima. Sed aut voluptatem deserunt dolor et eveniet.', 7070, NULL, '2019-03-16 03:45:58');
INSERT INTO `screenshots` (`id`, `user_id`, `filename`, `posts`, `size`, `metadata`, `created_at`) VALUES (139, 39, 'tempore', 'Esse consectetur illum blanditiis voluptatem. Libero dolorem consequatur ut. Doloribus asperiores et magnam est quos quis. Nisi quisquam repellendus quo totam tempora nobis itaque.', 1886, NULL, '2020-06-29 14:51:12');
INSERT INTO `screenshots` (`id`, `user_id`, `filename`, `posts`, `size`, `metadata`, `created_at`) VALUES (140, 40, 'eos', 'Et earum expedita vitae qui soluta maiores et. Quia ut nobis expedita. Accusantium harum quisquam iste vel in est quis repellat. Autem est repellat quisquam quo cumque enim explicabo error.', 3915, NULL, '2019-02-24 17:40:16');
INSERT INTO `screenshots` (`id`, `user_id`, `filename`, `posts`, `size`, `metadata`, `created_at`) VALUES (141, 41, 'voluptatum', 'Veniam provident omnis recusandae qui ut est asperiores. Neque accusantium voluptatem repellendus nisi aut. Ratione molestiae aspernatur eum itaque. Est accusantium est quis placeat beatae deleniti.', 7677, NULL, '2020-10-23 01:25:42');
INSERT INTO `screenshots` (`id`, `user_id`, `filename`, `posts`, `size`, `metadata`, `created_at`) VALUES (142, 42, 'dolor', 'Fugiat placeat similique et modi dicta voluptatum. Omnis quas atque autem ea. Nihil impedit animi quo incidunt est eos est.', 1671, NULL, '2018-11-25 08:01:51');
INSERT INTO `screenshots` (`id`, `user_id`, `filename`, `posts`, `size`, `metadata`, `created_at`) VALUES (143, 43, 'placeat', 'Dolores magni aut et repellat deserunt. Nesciunt placeat et aliquid voluptatum. Numquam corporis doloremque et perspiciatis sunt exercitationem fuga consectetur. Culpa veniam distinctio dolorem.', 3901, NULL, '2011-09-11 23:19:03');
INSERT INTO `screenshots` (`id`, `user_id`, `filename`, `posts`, `size`, `metadata`, `created_at`) VALUES (144, 44, 'asperiores', 'Rem recusandae doloremque autem ab. Natus nesciunt aut quaerat molestiae voluptatem quae. Nemo dolor facilis aut rerum autem sed. Voluptatem blanditiis molestias sunt voluptate.', 7420, NULL, '2013-03-24 00:11:59');
INSERT INTO `screenshots` (`id`, `user_id`, `filename`, `posts`, `size`, `metadata`, `created_at`) VALUES (145, 45, 'omnis', 'Minima sunt maxime commodi sequi consequuntur consequatur. Rerum soluta nemo molestias quod dolores cumque cupiditate dicta.', 8299, NULL, '2021-01-18 23:57:22');
INSERT INTO `screenshots` (`id`, `user_id`, `filename`, `posts`, `size`, `metadata`, `created_at`) VALUES (146, 46, 'qui', 'Et ipsum sunt incidunt. Voluptas autem iste est aut a non. Aut in accusantium ut quia molestiae laboriosam.', 2422, NULL, '2011-09-20 13:57:56');
INSERT INTO `screenshots` (`id`, `user_id`, `filename`, `posts`, `size`, `metadata`, `created_at`) VALUES (147, 47, 'et', 'Aspernatur ut nesciunt accusamus nesciunt sequi in. Est et sed consequuntur tempore eligendi odio quo. Eligendi reiciendis aliquid voluptates. Veritatis et consequatur rem voluptas ut rerum sint.', 9607, NULL, '2012-07-18 04:43:49');
INSERT INTO `screenshots` (`id`, `user_id`, `filename`, `posts`, `size`, `metadata`, `created_at`) VALUES (148, 48, 'asperiores', 'Molestiae aliquam dolorem veritatis debitis dolores. Voluptates accusamus sunt maiores. Quo praesentium dignissimos est nisi repellat voluptas maiores.', 8511, NULL, '2016-09-24 02:23:08');
INSERT INTO `screenshots` (`id`, `user_id`, `filename`, `posts`, `size`, `metadata`, `created_at`) VALUES (149, 49, 'architecto', 'Eligendi voluptatem ipsam quia dicta qui et. Ut consequuntur suscipit sunt beatae. Nemo voluptatem corrupti at quis excepturi.', 2277, NULL, '2018-11-04 00:41:36');
INSERT INTO `screenshots` (`id`, `user_id`, `filename`, `posts`, `size`, `metadata`, `created_at`) VALUES (150, 50, 'necessitatibus', 'Quo modi dolores molestiae deserunt exercitationem vitae soluta. Aut dicta quod rerum quasi alias velit quia. Aut vel aut voluptas vero. Vitae doloremque sint alias maxime.', 7825, NULL, '2015-03-03 00:26:21');
INSERT INTO `screenshots` (`id`, `user_id`, `filename`, `posts`, `size`, `metadata`, `created_at`) VALUES (151, 51, 'blanditiis', 'Nobis harum quia voluptatem hic quam distinctio. Ut quo consequatur quod sunt aut sint. Est deserunt id accusamus quaerat nobis animi.', 6706, NULL, '2018-05-06 10:52:44');
INSERT INTO `screenshots` (`id`, `user_id`, `filename`, `posts`, `size`, `metadata`, `created_at`) VALUES (152, 52, 'numquam', 'Officiis provident amet deserunt nisi numquam doloribus. Totam enim harum voluptatum sed fugit. Minus similique nostrum dicta ratione molestias.', 5689, NULL, '2018-01-11 11:13:04');
INSERT INTO `screenshots` (`id`, `user_id`, `filename`, `posts`, `size`, `metadata`, `created_at`) VALUES (153, 53, 'vitae', 'Nisi voluptas quo tempore sit error. Rerum ad veniam explicabo iusto non at. Voluptatem doloremque blanditiis quisquam.', 4721, NULL, '2017-03-08 01:11:37');
INSERT INTO `screenshots` (`id`, `user_id`, `filename`, `posts`, `size`, `metadata`, `created_at`) VALUES (154, 54, 'qui', 'Eius porro rerum minima expedita suscipit cupiditate est. Ipsam esse corporis aliquid asperiores minus necessitatibus dolor. Est quisquam eum quia sit.', 2778, NULL, '2015-06-19 01:02:55');
INSERT INTO `screenshots` (`id`, `user_id`, `filename`, `posts`, `size`, `metadata`, `created_at`) VALUES (155, 55, 'tenetur', 'Quo at culpa doloremque. Ducimus et magnam quia quasi nesciunt ab. Facilis eos sint atque qui accusamus.', 4625, NULL, '2014-02-17 00:18:52');
INSERT INTO `screenshots` (`id`, `user_id`, `filename`, `posts`, `size`, `metadata`, `created_at`) VALUES (156, 56, 'dolore', 'Suscipit ut voluptatem aut eius ad deleniti. Minus sed dolores nisi tempore error saepe sed excepturi. Nostrum ipsa non porro voluptas maiores. Sint nulla et fugit fugit.', 2625, NULL, '2020-01-20 02:26:13');
INSERT INTO `screenshots` (`id`, `user_id`, `filename`, `posts`, `size`, `metadata`, `created_at`) VALUES (157, 57, 'omnis', 'Quis voluptatem eum in necessitatibus voluptates rerum repudiandae. Velit voluptatem dolorem totam cumque deleniti. Aut molestiae doloribus molestiae rerum magnam. Cum in cupiditate quo vero qui sed.', 7623, NULL, '2018-12-16 02:23:05');
INSERT INTO `screenshots` (`id`, `user_id`, `filename`, `posts`, `size`, `metadata`, `created_at`) VALUES (158, 58, 'expedita', 'Cum ut error omnis hic praesentium. Aut quia quis accusamus eos fugit reiciendis odio. Praesentium ut maxime neque quod dolor.', 1371, NULL, '2018-10-31 21:10:59');
INSERT INTO `screenshots` (`id`, `user_id`, `filename`, `posts`, `size`, `metadata`, `created_at`) VALUES (159, 59, 'unde', 'Minus est sunt eum sed est. Est aut ut facere quidem labore ut et aut. Quia alias et ad repudiandae aut. Cum similique et quo incidunt iure quia voluptatem. Reiciendis et saepe laboriosam amet.', 5144, NULL, '2016-10-26 01:01:50');
INSERT INTO `screenshots` (`id`, `user_id`, `filename`, `posts`, `size`, `metadata`, `created_at`) VALUES (160, 60, 'illo', 'Voluptatibus aut natus et aut corporis ipsa. Aut aut sit ratione architecto. Dolor quaerat saepe ut exercitationem.', 2087, NULL, '2020-11-17 01:15:27');
INSERT INTO `screenshots` (`id`, `user_id`, `filename`, `posts`, `size`, `metadata`, `created_at`) VALUES (161, 61, 'explicabo', 'Dolor eveniet ratione odio. Molestias et est voluptate. Saepe ut nulla qui optio eius. Suscipit placeat omnis quidem.', 7821, NULL, '2011-11-16 20:36:04');
INSERT INTO `screenshots` (`id`, `user_id`, `filename`, `posts`, `size`, `metadata`, `created_at`) VALUES (162, 62, 'quae', 'Cumque quia et non nulla tempore sit. Esse praesentium totam voluptas vitae aut quisquam provident. Laudantium distinctio exercitationem eligendi omnis necessitatibus voluptas.', 4394, NULL, '2019-08-23 12:40:53');
INSERT INTO `screenshots` (`id`, `user_id`, `filename`, `posts`, `size`, `metadata`, `created_at`) VALUES (163, 63, 'consequuntur', 'Dolores dolorem nemo adipisci. Non repellat maiores ut et et mollitia. Eaque dolores tempora similique quasi. Omnis pariatur dolore cupiditate est a laudantium quis.', 7103, NULL, '2014-07-05 08:34:39');
INSERT INTO `screenshots` (`id`, `user_id`, `filename`, `posts`, `size`, `metadata`, `created_at`) VALUES (164, 64, 'explicabo', 'Voluptatem molestias nostrum iste voluptas nemo sapiente. Animi eum enim perferendis ab. Est rerum exercitationem est. Voluptate aliquam hic et. Ad reiciendis voluptas et consectetur.', 8177, NULL, '2013-01-26 18:37:46');
INSERT INTO `screenshots` (`id`, `user_id`, `filename`, `posts`, `size`, `metadata`, `created_at`) VALUES (165, 65, 'fugit', 'Corrupti magnam aut nihil quae. Reiciendis tempora quo commodi quis quam qui occaecati. Ut blanditiis quo quis ut occaecati porro.', 2423, NULL, '2015-04-22 11:04:56');
INSERT INTO `screenshots` (`id`, `user_id`, `filename`, `posts`, `size`, `metadata`, `created_at`) VALUES (166, 66, 'explicabo', 'Eos nam autem libero sequi. Inventore optio sit facere voluptatem quia.', 9151, NULL, '2015-08-26 21:15:51');
INSERT INTO `screenshots` (`id`, `user_id`, `filename`, `posts`, `size`, `metadata`, `created_at`) VALUES (167, 67, 'explicabo', 'Est beatae tempore ab. Ut reiciendis rem repellat nam id ipsum. Maiores molestiae voluptate rerum est. Nihil repellendus ut qui consequatur.', 2454, NULL, '2019-07-22 04:16:56');
INSERT INTO `screenshots` (`id`, `user_id`, `filename`, `posts`, `size`, `metadata`, `created_at`) VALUES (168, 68, 'id', 'Distinctio minima qui facere. Veritatis consequuntur architecto veritatis soluta exercitationem itaque quasi.', 9816, NULL, '2014-12-04 12:11:22');
INSERT INTO `screenshots` (`id`, `user_id`, `filename`, `posts`, `size`, `metadata`, `created_at`) VALUES (169, 69, 'aut', 'Sit odit hic sit omnis qui ducimus optio. Architecto unde necessitatibus recusandae atque sunt odio. Qui quibusdam est id distinctio molestiae corrupti quaerat neque.', 4635, NULL, '2017-10-15 05:53:31');
INSERT INTO `screenshots` (`id`, `user_id`, `filename`, `posts`, `size`, `metadata`, `created_at`) VALUES (170, 70, 'odio', 'Ad et modi consequatur ullam maxime libero. Fuga tempora blanditiis ea totam. Aspernatur sapiente qui sint ut sed facilis.', 7982, NULL, '2017-06-15 16:52:52');
INSERT INTO `screenshots` (`id`, `user_id`, `filename`, `posts`, `size`, `metadata`, `created_at`) VALUES (171, 71, 'omnis', 'Perspiciatis ratione quia inventore doloremque atque. Autem fugit sapiente quia aut dolor laudantium. Molestias impedit illum asperiores earum.', 8634, NULL, '2017-07-23 20:19:45');
INSERT INTO `screenshots` (`id`, `user_id`, `filename`, `posts`, `size`, `metadata`, `created_at`) VALUES (172, 72, 'possimus', 'Veniam illo consequuntur earum quaerat neque. Ullam perspiciatis ab deserunt dolores. Ullam tenetur velit labore sit animi praesentium.', 3660, NULL, '2014-12-31 14:07:30');
INSERT INTO `screenshots` (`id`, `user_id`, `filename`, `posts`, `size`, `metadata`, `created_at`) VALUES (173, 73, 'aspernatur', 'Ipsa quam rerum praesentium. Tempora fuga quos perspiciatis fugit ratione.\nSimilique ut amet est eos. Dolores ullam repellendus itaque unde non sint. Quaerat ipsam libero labore debitis nisi aut.', 6643, NULL, '2019-11-08 22:17:14');
INSERT INTO `screenshots` (`id`, `user_id`, `filename`, `posts`, `size`, `metadata`, `created_at`) VALUES (174, 74, 'porro', 'Id modi libero nobis est voluptas. Qui qui eius ut provident doloribus. Excepturi ratione vero ut atque voluptatem nisi.', 8015, NULL, '2020-01-09 05:34:19');
INSERT INTO `screenshots` (`id`, `user_id`, `filename`, `posts`, `size`, `metadata`, `created_at`) VALUES (175, 75, 'quam', 'Quam repellendus doloribus qui et. Sed asperiores odit ea in quae similique velit. Accusamus qui rem optio quisquam minus aut corporis.', 4192, NULL, '2013-08-04 17:07:30');
INSERT INTO `screenshots` (`id`, `user_id`, `filename`, `posts`, `size`, `metadata`, `created_at`) VALUES (176, 76, 'et', 'Nulla et alias quo deleniti magnam et et qui. Voluptatum facilis eius mollitia id modi culpa. Voluptatem laudantium nam impedit eos maiores ut quaerat.', 5625, NULL, '2013-04-09 00:34:26');
INSERT INTO `screenshots` (`id`, `user_id`, `filename`, `posts`, `size`, `metadata`, `created_at`) VALUES (177, 77, 'repellat', 'Ut fuga maxime quasi earum. Ipsam voluptatem sint dolores eaque aut culpa nesciunt pariatur. Ad aut nesciunt commodi sit libero consectetur labore et. Fugit aut hic id rerum voluptatem est libero.', 1821, NULL, '2018-10-17 06:35:36');
INSERT INTO `screenshots` (`id`, `user_id`, `filename`, `posts`, `size`, `metadata`, `created_at`) VALUES (178, 78, 'non', 'Vel minima iure sed voluptatibus. Qui dolor dolorum molestias et debitis quas ut. Laudantium enim quis impedit maiores. Quia natus sit accusantium qui optio quam quos est.', 2184, NULL, '2019-02-21 06:39:28');
INSERT INTO `screenshots` (`id`, `user_id`, `filename`, `posts`, `size`, `metadata`, `created_at`) VALUES (179, 79, 'quos', 'Aut deserunt veritatis quia blanditiis. Quia facere provident nulla voluptates neque temporibus dolorum. Et est ea nisi autem accusantium sunt sit.', 5733, NULL, '2018-08-16 13:39:48');
INSERT INTO `screenshots` (`id`, `user_id`, `filename`, `posts`, `size`, `metadata`, `created_at`) VALUES (180, 80, 'commodi', 'Dolorem possimus laborum sint dolor velit. Qui necessitatibus asperiores voluptas dignissimos eligendi molestiae cumque. Qui aut hic enim minus sapiente. Non et reiciendis cupiditate perspiciatis.', 1252, NULL, '2013-07-31 00:37:56');
INSERT INTO `screenshots` (`id`, `user_id`, `filename`, `posts`, `size`, `metadata`, `created_at`) VALUES (181, 81, 'ex', 'Nobis aliquid et perferendis aperiam. Perferendis ipsa qui blanditiis qui. Odit beatae pariatur ea vitae enim.', 3764, NULL, '2020-04-06 16:25:30');
INSERT INTO `screenshots` (`id`, `user_id`, `filename`, `posts`, `size`, `metadata`, `created_at`) VALUES (182, 82, 'consectetur', 'Ducimus asperiores optio sequi odio ex assumenda repellendus doloribus. Magni provident vitae impedit dolor. Aperiam in aut cupiditate nihil in autem.', 3542, NULL, '2012-06-13 14:08:57');
INSERT INTO `screenshots` (`id`, `user_id`, `filename`, `posts`, `size`, `metadata`, `created_at`) VALUES (183, 83, 'sit', 'Fugiat iste nisi ut consequatur sed quia exercitationem. Iste nobis autem nihil eum voluptatum reiciendis et. Itaque aspernatur hic occaecati sed sed nulla dolorum.', 6057, NULL, '2017-12-05 22:17:30');
INSERT INTO `screenshots` (`id`, `user_id`, `filename`, `posts`, `size`, `metadata`, `created_at`) VALUES (184, 84, 'aut', 'Rem tenetur nisi earum debitis omnis dolorem eaque et. Molestiae qui reiciendis ratione blanditiis quod debitis eveniet adipisci. Laboriosam maiores aut illum vero.', 6910, NULL, '2017-03-06 07:14:58');
INSERT INTO `screenshots` (`id`, `user_id`, `filename`, `posts`, `size`, `metadata`, `created_at`) VALUES (185, 85, 'est', 'Modi enim qui beatae blanditiis ut est voluptate omnis. Dolore totam minima qui laborum officiis. Voluptas necessitatibus est delectus voluptatem vel eos nemo modi.', 1237, NULL, '2020-12-11 03:41:28');
INSERT INTO `screenshots` (`id`, `user_id`, `filename`, `posts`, `size`, `metadata`, `created_at`) VALUES (186, 86, 'repudiandae', 'Unde et qui natus suscipit totam quisquam sed qui. Rerum qui occaecati esse explicabo.', 8671, NULL, '2017-04-08 19:35:51');
INSERT INTO `screenshots` (`id`, `user_id`, `filename`, `posts`, `size`, `metadata`, `created_at`) VALUES (187, 87, 'quis', 'Dolor est voluptate et culpa porro velit. Minima temporibus ducimus dolorum voluptas aperiam sint eum. Dicta ut labore eos ut.', 1239, NULL, '2013-09-11 02:31:15');
INSERT INTO `screenshots` (`id`, `user_id`, `filename`, `posts`, `size`, `metadata`, `created_at`) VALUES (188, 88, 'vel', 'Reprehenderit qui et velit aut quas. Commodi laborum odit voluptates sed facilis tempora. Aut consequuntur sint reiciendis sed ex sed.', 1120, NULL, '2021-04-10 07:47:29');
INSERT INTO `screenshots` (`id`, `user_id`, `filename`, `posts`, `size`, `metadata`, `created_at`) VALUES (189, 89, 'veniam', 'Dolore id nisi doloremque. Qui aut molestias et corporis. Nam consequatur omnis aliquid aliquam fugiat porro similique. Totam nihil labore quos at quos.', 7096, NULL, '2016-09-13 22:59:35');
INSERT INTO `screenshots` (`id`, `user_id`, `filename`, `posts`, `size`, `metadata`, `created_at`) VALUES (190, 90, 'vero', 'Nam exercitationem dolorem ut voluptas aut aut similique. Exercitationem temporibus beatae molestias sequi eum ut. Ipsum ipsam eum voluptate voluptatem facilis incidunt architecto.', 6547, NULL, '2015-01-21 06:01:31');
INSERT INTO `screenshots` (`id`, `user_id`, `filename`, `posts`, `size`, `metadata`, `created_at`) VALUES (191, 91, 'delectus', 'Ex culpa omnis soluta et tempora sed. Quia dignissimos vel maiores et odit quibusdam. Animi ratione officiis suscipit tempore cumque sequi.', 5891, NULL, '2018-07-09 06:12:27');
INSERT INTO `screenshots` (`id`, `user_id`, `filename`, `posts`, `size`, `metadata`, `created_at`) VALUES (192, 92, 'adipisci', 'Deserunt assumenda soluta in eos voluptatem enim. Quas eum facere reprehenderit nulla in error. Quo eveniet non ut sequi aut aspernatur ullam dolorem.', 7543, NULL, '2018-08-28 08:07:27');
INSERT INTO `screenshots` (`id`, `user_id`, `filename`, `posts`, `size`, `metadata`, `created_at`) VALUES (193, 93, 'sit', 'Earum et quia perferendis. Nihil rem impedit in ea. Odio quis ipsa neque ad quas culpa.', 2144, NULL, '2019-11-23 22:21:37');
INSERT INTO `screenshots` (`id`, `user_id`, `filename`, `posts`, `size`, `metadata`, `created_at`) VALUES (194, 94, 'id', 'Tenetur voluptatem adipisci eum eos. Deleniti et suscipit iste magnam enim et.', 3139, NULL, '2017-03-12 16:50:45');
INSERT INTO `screenshots` (`id`, `user_id`, `filename`, `posts`, `size`, `metadata`, `created_at`) VALUES (195, 95, 'magni', 'Laudantium quisquam cum et dolor dolor dolorem omnis voluptas. Sequi excepturi quia itaque sint aliquid magni. Ut magni qui sit unde est.', 5118, NULL, '2020-09-06 09:36:18');
INSERT INTO `screenshots` (`id`, `user_id`, `filename`, `posts`, `size`, `metadata`, `created_at`) VALUES (196, 96, 'voluptatem', 'Deserunt aliquam neque blanditiis atque quidem repellendus dicta. Repudiandae quisquam qui temporibus iusto ullam.', 2309, NULL, '2014-05-09 09:33:10');
INSERT INTO `screenshots` (`id`, `user_id`, `filename`, `posts`, `size`, `metadata`, `created_at`) VALUES (197, 97, 'dolorum', 'Dolorum saepe aut eum. Nihil occaecati voluptatem et corrupti ipsam rerum. Voluptas soluta quia itaque reiciendis. Rerum sint omnis et non exercitationem veniam.', 9006, NULL, '2017-01-18 03:47:16');
INSERT INTO `screenshots` (`id`, `user_id`, `filename`, `posts`, `size`, `metadata`, `created_at`) VALUES (198, 98, 'non', 'Velit rem nam tenetur atque reiciendis laborum deleniti. Eligendi minima voluptatem repellendus atque nihil. At sit non expedita et quidem dolores. Rerum saepe cumque omnis eum.', 8150, NULL, '2016-08-23 01:13:56');
INSERT INTO `screenshots` (`id`, `user_id`, `filename`, `posts`, `size`, `metadata`, `created_at`) VALUES (199, 99, 'dolorem', 'Atque fugit recusandae officiis et. Veniam ipsa reprehenderit ullam. Possimus corrupti dolore nostrum. Veniam rerum aut dolore facilis suscipit eum neque.', 8901, NULL, '2018-10-03 14:55:34');
INSERT INTO `screenshots` (`id`, `user_id`, `filename`, `posts`, `size`, `metadata`, `created_at`) VALUES (200, 100, 'aut', 'Sunt odit delectus consequatur aliquid aliquam consequatur et. Occaecati molestiae quae sequi asperiores quos esse. Quia neque optio voluptas et provident. Aut voluptas minus eius ex.', 5752, NULL, '2017-11-30 11:47:09');


#
# TABLE STRUCTURE FOR: user_games
#

DROP TABLE IF EXISTS `user_games`;

CREATE TABLE `user_games` (
  `user_id` int(10) unsigned NOT NULL COMMENT 'Ссылка на пользователя',
  `game_id` int(10) unsigned NOT NULL COMMENT 'Ссылка на игру',
  `buy_at` datetime DEFAULT current_timestamp() COMMENT 'дата покупки',
  PRIMARY KEY (`game_id`,`user_id`) COMMENT 'Составной первичный ключ'
) ENGINE=InnoDB DEFAULT CHARSET=utf8mb4 COLLATE=utf8mb4_unicode_ci COMMENT='Игр пользователей';

INSERT INTO `user_games` (`user_id`, `game_id`, `buy_at`) VALUES (1, 1, '2012-08-15 06:11:38');
INSERT INTO `user_games` (`user_id`, `game_id`, `buy_at`) VALUES (51, 1, '2020-06-23 05:21:10');
INSERT INTO `user_games` (`user_id`, `game_id`, `buy_at`) VALUES (2, 2, '2019-02-26 14:21:31');
INSERT INTO `user_games` (`user_id`, `game_id`, `buy_at`) VALUES (52, 2, '2013-11-05 09:40:35');
INSERT INTO `user_games` (`user_id`, `game_id`, `buy_at`) VALUES (3, 3, '2014-12-20 10:58:00');
INSERT INTO `user_games` (`user_id`, `game_id`, `buy_at`) VALUES (53, 3, '2016-06-15 00:27:33');
INSERT INTO `user_games` (`user_id`, `game_id`, `buy_at`) VALUES (4, 4, '2013-10-16 19:51:52');
INSERT INTO `user_games` (`user_id`, `game_id`, `buy_at`) VALUES (54, 4, '2014-05-19 07:27:19');
INSERT INTO `user_games` (`user_id`, `game_id`, `buy_at`) VALUES (5, 5, '2019-10-07 12:48:29');
INSERT INTO `user_games` (`user_id`, `game_id`, `buy_at`) VALUES (55, 5, '2012-11-06 07:04:09');
INSERT INTO `user_games` (`user_id`, `game_id`, `buy_at`) VALUES (6, 6, '2020-07-13 00:05:07');
INSERT INTO `user_games` (`user_id`, `game_id`, `buy_at`) VALUES (56, 6, '2013-04-12 03:06:55');
INSERT INTO `user_games` (`user_id`, `game_id`, `buy_at`) VALUES (7, 7, '2013-09-19 09:38:13');
INSERT INTO `user_games` (`user_id`, `game_id`, `buy_at`) VALUES (57, 7, '2019-06-15 20:12:36');
INSERT INTO `user_games` (`user_id`, `game_id`, `buy_at`) VALUES (8, 8, '2015-12-14 06:57:44');
INSERT INTO `user_games` (`user_id`, `game_id`, `buy_at`) VALUES (58, 8, '2021-01-01 14:37:21');
INSERT INTO `user_games` (`user_id`, `game_id`, `buy_at`) VALUES (9, 9, '2014-06-21 06:37:59');
INSERT INTO `user_games` (`user_id`, `game_id`, `buy_at`) VALUES (59, 9, '2014-07-23 16:23:29');
INSERT INTO `user_games` (`user_id`, `game_id`, `buy_at`) VALUES (10, 10, '2015-04-23 13:59:49');
INSERT INTO `user_games` (`user_id`, `game_id`, `buy_at`) VALUES (60, 10, '2018-06-03 06:24:41');
INSERT INTO `user_games` (`user_id`, `game_id`, `buy_at`) VALUES (11, 11, '2020-04-07 02:56:29');
INSERT INTO `user_games` (`user_id`, `game_id`, `buy_at`) VALUES (61, 11, '2015-02-24 01:38:37');
INSERT INTO `user_games` (`user_id`, `game_id`, `buy_at`) VALUES (12, 12, '2020-05-09 21:35:43');
INSERT INTO `user_games` (`user_id`, `game_id`, `buy_at`) VALUES (62, 12, '2014-10-07 20:14:55');
INSERT INTO `user_games` (`user_id`, `game_id`, `buy_at`) VALUES (13, 13, '2013-05-29 14:11:55');
INSERT INTO `user_games` (`user_id`, `game_id`, `buy_at`) VALUES (63, 13, '2013-02-03 06:02:49');
INSERT INTO `user_games` (`user_id`, `game_id`, `buy_at`) VALUES (14, 14, '2018-02-01 03:56:08');
INSERT INTO `user_games` (`user_id`, `game_id`, `buy_at`) VALUES (64, 14, '2017-04-02 21:38:37');
INSERT INTO `user_games` (`user_id`, `game_id`, `buy_at`) VALUES (15, 15, '2011-12-23 00:24:38');
INSERT INTO `user_games` (`user_id`, `game_id`, `buy_at`) VALUES (65, 15, '2012-06-14 12:27:40');
INSERT INTO `user_games` (`user_id`, `game_id`, `buy_at`) VALUES (16, 16, '2018-06-03 01:38:22');
INSERT INTO `user_games` (`user_id`, `game_id`, `buy_at`) VALUES (66, 16, '2017-02-24 16:22:46');
INSERT INTO `user_games` (`user_id`, `game_id`, `buy_at`) VALUES (17, 17, '2014-04-15 23:38:21');
INSERT INTO `user_games` (`user_id`, `game_id`, `buy_at`) VALUES (67, 17, '2019-12-01 16:08:55');
INSERT INTO `user_games` (`user_id`, `game_id`, `buy_at`) VALUES (18, 18, '2016-02-15 02:59:13');
INSERT INTO `user_games` (`user_id`, `game_id`, `buy_at`) VALUES (68, 18, '2016-03-06 08:17:47');
INSERT INTO `user_games` (`user_id`, `game_id`, `buy_at`) VALUES (19, 19, '2016-12-17 04:06:47');
INSERT INTO `user_games` (`user_id`, `game_id`, `buy_at`) VALUES (69, 19, '2012-09-10 02:12:41');
INSERT INTO `user_games` (`user_id`, `game_id`, `buy_at`) VALUES (20, 20, '2014-10-07 09:45:23');
INSERT INTO `user_games` (`user_id`, `game_id`, `buy_at`) VALUES (70, 20, '2015-02-24 05:14:09');
INSERT INTO `user_games` (`user_id`, `game_id`, `buy_at`) VALUES (21, 21, '2018-12-06 08:34:56');
INSERT INTO `user_games` (`user_id`, `game_id`, `buy_at`) VALUES (71, 21, '2014-08-26 17:18:03');
INSERT INTO `user_games` (`user_id`, `game_id`, `buy_at`) VALUES (22, 22, '2017-12-25 17:53:58');
INSERT INTO `user_games` (`user_id`, `game_id`, `buy_at`) VALUES (72, 22, '2011-07-23 07:05:32');
INSERT INTO `user_games` (`user_id`, `game_id`, `buy_at`) VALUES (23, 23, '2017-07-29 22:11:03');
INSERT INTO `user_games` (`user_id`, `game_id`, `buy_at`) VALUES (73, 23, '2017-07-18 05:10:20');
INSERT INTO `user_games` (`user_id`, `game_id`, `buy_at`) VALUES (24, 24, '2018-12-04 16:01:38');
INSERT INTO `user_games` (`user_id`, `game_id`, `buy_at`) VALUES (74, 24, '2012-05-30 01:47:07');
INSERT INTO `user_games` (`user_id`, `game_id`, `buy_at`) VALUES (25, 25, '2018-06-01 01:10:40');
INSERT INTO `user_games` (`user_id`, `game_id`, `buy_at`) VALUES (75, 25, '2020-02-23 12:40:29');
INSERT INTO `user_games` (`user_id`, `game_id`, `buy_at`) VALUES (26, 26, '2020-06-23 07:13:40');
INSERT INTO `user_games` (`user_id`, `game_id`, `buy_at`) VALUES (76, 26, '2012-12-17 04:48:07');
INSERT INTO `user_games` (`user_id`, `game_id`, `buy_at`) VALUES (27, 27, '2015-07-03 01:43:36');
INSERT INTO `user_games` (`user_id`, `game_id`, `buy_at`) VALUES (77, 27, '2015-07-27 17:51:28');
INSERT INTO `user_games` (`user_id`, `game_id`, `buy_at`) VALUES (28, 28, '2019-08-06 10:26:31');
INSERT INTO `user_games` (`user_id`, `game_id`, `buy_at`) VALUES (78, 28, '2011-08-14 00:18:55');
INSERT INTO `user_games` (`user_id`, `game_id`, `buy_at`) VALUES (29, 29, '2015-02-17 12:42:07');
INSERT INTO `user_games` (`user_id`, `game_id`, `buy_at`) VALUES (79, 29, '2012-11-08 18:33:05');
INSERT INTO `user_games` (`user_id`, `game_id`, `buy_at`) VALUES (30, 30, '2016-11-29 22:08:49');
INSERT INTO `user_games` (`user_id`, `game_id`, `buy_at`) VALUES (80, 30, '2015-02-15 09:46:59');
INSERT INTO `user_games` (`user_id`, `game_id`, `buy_at`) VALUES (31, 31, '2020-03-13 17:01:21');
INSERT INTO `user_games` (`user_id`, `game_id`, `buy_at`) VALUES (81, 31, '2019-04-10 04:17:32');
INSERT INTO `user_games` (`user_id`, `game_id`, `buy_at`) VALUES (32, 32, '2018-06-17 08:54:58');
INSERT INTO `user_games` (`user_id`, `game_id`, `buy_at`) VALUES (82, 32, '2013-06-22 12:48:57');
INSERT INTO `user_games` (`user_id`, `game_id`, `buy_at`) VALUES (33, 33, '2011-10-29 23:10:05');
INSERT INTO `user_games` (`user_id`, `game_id`, `buy_at`) VALUES (83, 33, '2013-08-15 21:28:57');
INSERT INTO `user_games` (`user_id`, `game_id`, `buy_at`) VALUES (34, 34, '2011-09-14 12:57:25');
INSERT INTO `user_games` (`user_id`, `game_id`, `buy_at`) VALUES (84, 34, '2016-04-05 00:21:25');
INSERT INTO `user_games` (`user_id`, `game_id`, `buy_at`) VALUES (35, 35, '2012-06-16 07:29:27');
INSERT INTO `user_games` (`user_id`, `game_id`, `buy_at`) VALUES (85, 35, '2014-08-05 14:14:13');
INSERT INTO `user_games` (`user_id`, `game_id`, `buy_at`) VALUES (36, 36, '2015-05-07 04:30:19');
INSERT INTO `user_games` (`user_id`, `game_id`, `buy_at`) VALUES (86, 36, '2011-06-17 19:54:53');
INSERT INTO `user_games` (`user_id`, `game_id`, `buy_at`) VALUES (37, 37, '2016-06-14 16:30:10');
INSERT INTO `user_games` (`user_id`, `game_id`, `buy_at`) VALUES (87, 37, '2020-01-13 00:18:14');
INSERT INTO `user_games` (`user_id`, `game_id`, `buy_at`) VALUES (38, 38, '2020-02-03 17:01:46');
INSERT INTO `user_games` (`user_id`, `game_id`, `buy_at`) VALUES (88, 38, '2016-05-05 17:23:02');
INSERT INTO `user_games` (`user_id`, `game_id`, `buy_at`) VALUES (39, 39, '2014-04-21 23:26:54');
INSERT INTO `user_games` (`user_id`, `game_id`, `buy_at`) VALUES (89, 39, '2015-05-20 06:00:22');
INSERT INTO `user_games` (`user_id`, `game_id`, `buy_at`) VALUES (40, 40, '2015-04-03 03:22:11');
INSERT INTO `user_games` (`user_id`, `game_id`, `buy_at`) VALUES (90, 40, '2012-02-10 10:37:38');
INSERT INTO `user_games` (`user_id`, `game_id`, `buy_at`) VALUES (41, 41, '2019-12-01 20:40:58');
INSERT INTO `user_games` (`user_id`, `game_id`, `buy_at`) VALUES (91, 41, '2012-12-29 10:51:43');
INSERT INTO `user_games` (`user_id`, `game_id`, `buy_at`) VALUES (42, 42, '2014-08-31 19:40:37');
INSERT INTO `user_games` (`user_id`, `game_id`, `buy_at`) VALUES (92, 42, '2012-03-24 13:31:32');
INSERT INTO `user_games` (`user_id`, `game_id`, `buy_at`) VALUES (43, 43, '2018-05-10 23:57:42');
INSERT INTO `user_games` (`user_id`, `game_id`, `buy_at`) VALUES (93, 43, '2016-08-14 15:33:29');
INSERT INTO `user_games` (`user_id`, `game_id`, `buy_at`) VALUES (44, 44, '2012-01-16 01:20:55');
INSERT INTO `user_games` (`user_id`, `game_id`, `buy_at`) VALUES (94, 44, '2018-10-08 16:25:42');
INSERT INTO `user_games` (`user_id`, `game_id`, `buy_at`) VALUES (45, 45, '2015-05-08 00:16:05');
INSERT INTO `user_games` (`user_id`, `game_id`, `buy_at`) VALUES (95, 45, '2016-05-22 22:05:34');
INSERT INTO `user_games` (`user_id`, `game_id`, `buy_at`) VALUES (46, 46, '2011-12-09 15:47:42');
INSERT INTO `user_games` (`user_id`, `game_id`, `buy_at`) VALUES (96, 46, '2014-03-07 00:17:37');
INSERT INTO `user_games` (`user_id`, `game_id`, `buy_at`) VALUES (47, 47, '2012-12-26 20:56:13');
INSERT INTO `user_games` (`user_id`, `game_id`, `buy_at`) VALUES (97, 47, '2018-01-05 06:40:07');
INSERT INTO `user_games` (`user_id`, `game_id`, `buy_at`) VALUES (48, 48, '2020-08-18 19:19:59');
INSERT INTO `user_games` (`user_id`, `game_id`, `buy_at`) VALUES (98, 48, '2019-09-13 02:41:49');
INSERT INTO `user_games` (`user_id`, `game_id`, `buy_at`) VALUES (49, 49, '2019-09-15 09:10:05');
INSERT INTO `user_games` (`user_id`, `game_id`, `buy_at`) VALUES (99, 49, '2013-04-18 03:49:38');
INSERT INTO `user_games` (`user_id`, `game_id`, `buy_at`) VALUES (50, 50, '2012-03-10 02:17:33');
INSERT INTO `user_games` (`user_id`, `game_id`, `buy_at`) VALUES (100, 50, '2020-09-21 12:06:18');


#
# TABLE STRUCTURE FOR: users
#

DROP TABLE IF EXISTS `users`;

CREATE TABLE `users` (
  `id` int(10) unsigned NOT NULL AUTO_INCREMENT COMMENT 'Идентификатор строки',
  `name` varchar(255) COLLATE utf8mb4_unicode_ci NOT NULL COMMENT 'Имя игры',
  `cash` float unsigned DEFAULT NULL COMMENT ' Денег у пользователей',
  `user_url` varchar(255) COLLATE utf8mb4_unicode_ci NOT NULL COMMENT 'url _user',
  `created_at` datetime DEFAULT current_timestamp() COMMENT 'Время создания строки',
  `updated_at` datetime DEFAULT current_timestamp() ON UPDATE current_timestamp() COMMENT 'Время обновления строки',
  PRIMARY KEY (`id`)
) ENGINE=InnoDB AUTO_INCREMENT=101 DEFAULT CHARSET=utf8mb4 COLLATE=utf8mb4_unicode_ci COMMENT='Пользователь';

INSERT INTO `users` (`id`, `name`, `cash`, `user_url`, `created_at`, `updated_at`) VALUES (1, 'vitae', '695', '', '2019-08-04 07:50:04', '2016-12-08 03:55:27');
INSERT INTO `users` (`id`, `name`, `cash`, `user_url`, `created_at`, `updated_at`) VALUES (2, 'dolore', '419', '', '2016-11-19 00:47:35', '2018-02-13 22:14:00');
INSERT INTO `users` (`id`, `name`, `cash`, `user_url`, `created_at`, `updated_at`) VALUES (3, 'corporis', '917', '', '2014-07-01 21:33:57', '2012-06-16 18:31:58');
INSERT INTO `users` (`id`, `name`, `cash`, `user_url`, `created_at`, `updated_at`) VALUES (4, 'animi', '303', '', '2017-06-03 01:49:50', '2020-07-30 23:42:16');
INSERT INTO `users` (`id`, `name`, `cash`, `user_url`, `created_at`, `updated_at`) VALUES (5, 'cum', '818', '', '2016-05-23 22:44:21', '2015-07-26 20:00:10');
INSERT INTO `users` (`id`, `name`, `cash`, `user_url`, `created_at`, `updated_at`) VALUES (6, 'consequatur', '102', '', '2014-09-20 23:17:00', '2013-05-01 01:15:24');
INSERT INTO `users` (`id`, `name`, `cash`, `user_url`, `created_at`, `updated_at`) VALUES (7, 'id', '924', '', '2016-01-09 21:28:34', '2016-10-21 07:11:02');
INSERT INTO `users` (`id`, `name`, `cash`, `user_url`, `created_at`, `updated_at`) VALUES (8, 'quos', '747', '', '2015-04-30 23:04:39', '2020-08-13 14:59:12');
INSERT INTO `users` (`id`, `name`, `cash`, `user_url`, `created_at`, `updated_at`) VALUES (9, 'molestias', '485', '', '2017-05-29 12:47:45', '2013-01-18 08:45:10');
INSERT INTO `users` (`id`, `name`, `cash`, `user_url`, `created_at`, `updated_at`) VALUES (10, 'est', '637', '', '2012-12-04 12:14:04', '2017-04-02 13:17:29');
INSERT INTO `users` (`id`, `name`, `cash`, `user_url`, `created_at`, `updated_at`) VALUES (11, 'vitae', '154', '', '2017-03-22 11:06:08', '2012-12-29 09:49:17');
INSERT INTO `users` (`id`, `name`, `cash`, `user_url`, `created_at`, `updated_at`) VALUES (12, 'earum', '788', '', '2014-08-03 22:36:12', '2012-08-22 13:50:36');
INSERT INTO `users` (`id`, `name`, `cash`, `user_url`, `created_at`, `updated_at`) VALUES (13, 'iure', '971', '', '2017-07-10 17:44:47', '2015-11-17 12:35:42');
INSERT INTO `users` (`id`, `name`, `cash`, `user_url`, `created_at`, `updated_at`) VALUES (14, 'natus', '947', '', '2017-11-08 23:49:24', '2018-01-01 10:25:59');
INSERT INTO `users` (`id`, `name`, `cash`, `user_url`, `created_at`, `updated_at`) VALUES (15, 'voluptas', '192', '', '2012-12-17 00:07:18', '2017-07-05 16:30:30');
INSERT INTO `users` (`id`, `name`, `cash`, `user_url`, `created_at`, `updated_at`) VALUES (16, 'sed', '9', '', '2011-08-14 00:36:49', '2019-01-28 03:35:04');
INSERT INTO `users` (`id`, `name`, `cash`, `user_url`, `created_at`, `updated_at`) VALUES (17, 'dolores', '325', '', '2019-03-23 14:44:07', '2021-02-15 20:57:51');
INSERT INTO `users` (`id`, `name`, `cash`, `user_url`, `created_at`, `updated_at`) VALUES (18, 'sunt', '176', '', '2018-10-15 09:21:29', '2018-03-15 02:40:32');
INSERT INTO `users` (`id`, `name`, `cash`, `user_url`, `created_at`, `updated_at`) VALUES (19, 'ipsam', '657', '', '2020-09-29 02:22:36', '2014-04-14 11:39:42');
INSERT INTO `users` (`id`, `name`, `cash`, `user_url`, `created_at`, `updated_at`) VALUES (20, 'et', '764', '', '2014-10-01 13:24:45', '2021-05-10 10:10:22');
INSERT INTO `users` (`id`, `name`, `cash`, `user_url`, `created_at`, `updated_at`) VALUES (21, 'numquam', '230', '', '2012-05-07 12:23:54', '2012-06-30 11:56:46');
INSERT INTO `users` (`id`, `name`, `cash`, `user_url`, `created_at`, `updated_at`) VALUES (22, 'laborum', '440', '', '2014-02-14 03:49:47', '2014-12-05 06:20:52');
INSERT INTO `users` (`id`, `name`, `cash`, `user_url`, `created_at`, `updated_at`) VALUES (23, 'enim', '455', '', '2019-01-06 02:47:14', '2014-09-24 13:11:39');
INSERT INTO `users` (`id`, `name`, `cash`, `user_url`, `created_at`, `updated_at`) VALUES (24, 'eos', '648', '', '2019-05-10 03:32:23', '2016-11-08 23:11:11');
INSERT INTO `users` (`id`, `name`, `cash`, `user_url`, `created_at`, `updated_at`) VALUES (25, 'eum', '881', '', '2018-01-05 03:30:23', '2015-08-23 12:36:26');
INSERT INTO `users` (`id`, `name`, `cash`, `user_url`, `created_at`, `updated_at`) VALUES (26, 'laudantium', '182', '', '2015-04-13 07:30:58', '2016-01-09 21:35:30');
INSERT INTO `users` (`id`, `name`, `cash`, `user_url`, `created_at`, `updated_at`) VALUES (27, 'nemo', '473', '', '2020-02-03 20:00:53', '2015-11-02 19:54:19');
INSERT INTO `users` (`id`, `name`, `cash`, `user_url`, `created_at`, `updated_at`) VALUES (28, 'et', '745', '', '2014-08-07 12:37:54', '2021-05-16 03:09:14');
INSERT INTO `users` (`id`, `name`, `cash`, `user_url`, `created_at`, `updated_at`) VALUES (29, 'nihil', '188', '', '2021-03-25 03:55:44', '2018-02-25 00:56:18');
INSERT INTO `users` (`id`, `name`, `cash`, `user_url`, `created_at`, `updated_at`) VALUES (30, 'porro', '933', '', '2013-02-07 04:24:57', '2015-03-24 17:25:27');
INSERT INTO `users` (`id`, `name`, `cash`, `user_url`, `created_at`, `updated_at`) VALUES (31, 'laudantium', '80', '', '2021-05-14 21:43:32', '2016-02-27 09:24:23');
INSERT INTO `users` (`id`, `name`, `cash`, `user_url`, `created_at`, `updated_at`) VALUES (32, 'ad', '692', '', '2016-07-24 00:17:57', '2013-02-16 09:52:37');
INSERT INTO `users` (`id`, `name`, `cash`, `user_url`, `created_at`, `updated_at`) VALUES (33, 'animi', '655', '', '2018-09-16 19:41:43', '2015-11-06 17:50:13');
INSERT INTO `users` (`id`, `name`, `cash`, `user_url`, `created_at`, `updated_at`) VALUES (34, 'voluptate', '798', '', '2017-06-22 04:46:16', '2012-12-01 05:05:38');
INSERT INTO `users` (`id`, `name`, `cash`, `user_url`, `created_at`, `updated_at`) VALUES (35, 'deleniti', '322', '', '2017-08-16 15:36:48', '2017-03-28 20:52:21');
INSERT INTO `users` (`id`, `name`, `cash`, `user_url`, `created_at`, `updated_at`) VALUES (36, 'sunt', '610', '', '2013-12-01 01:53:22', '2019-04-07 15:28:21');
INSERT INTO `users` (`id`, `name`, `cash`, `user_url`, `created_at`, `updated_at`) VALUES (37, 'sit', '939', '', '2011-11-26 19:11:49', '2014-11-19 11:22:46');
INSERT INTO `users` (`id`, `name`, `cash`, `user_url`, `created_at`, `updated_at`) VALUES (38, 'nihil', '679', '', '2021-04-19 00:41:30', '2015-06-06 13:21:25');
INSERT INTO `users` (`id`, `name`, `cash`, `user_url`, `created_at`, `updated_at`) VALUES (39, 'at', '883', '', '2020-01-23 13:13:46', '2015-11-02 03:30:25');
INSERT INTO `users` (`id`, `name`, `cash`, `user_url`, `created_at`, `updated_at`) VALUES (40, 'earum', '751', '', '2012-01-08 14:51:45', '2018-09-28 10:50:01');
INSERT INTO `users` (`id`, `name`, `cash`, `user_url`, `created_at`, `updated_at`) VALUES (41, 'rerum', '955', '', '2016-09-13 19:03:58', '2014-12-13 14:29:03');
INSERT INTO `users` (`id`, `name`, `cash`, `user_url`, `created_at`, `updated_at`) VALUES (42, 'dolores', '445', '', '2016-11-03 16:59:54', '2021-05-19 20:56:35');
INSERT INTO `users` (`id`, `name`, `cash`, `user_url`, `created_at`, `updated_at`) VALUES (43, 'sunt', '728', '', '2014-11-10 04:33:59', '2020-08-12 03:25:52');
INSERT INTO `users` (`id`, `name`, `cash`, `user_url`, `created_at`, `updated_at`) VALUES (44, 'quidem', '528', '', '2015-11-13 15:13:14', '2012-02-27 02:14:01');
INSERT INTO `users` (`id`, `name`, `cash`, `user_url`, `created_at`, `updated_at`) VALUES (45, 'natus', '206', '', '2018-11-05 04:18:54', '2015-12-29 06:08:46');
INSERT INTO `users` (`id`, `name`, `cash`, `user_url`, `created_at`, `updated_at`) VALUES (46, 'quia', '521', '', '2014-10-25 19:09:21', '2014-09-05 08:04:16');
INSERT INTO `users` (`id`, `name`, `cash`, `user_url`, `created_at`, `updated_at`) VALUES (47, 'expedita', '892', '', '2016-01-01 05:39:27', '2012-03-13 08:16:28');
INSERT INTO `users` (`id`, `name`, `cash`, `user_url`, `created_at`, `updated_at`) VALUES (48, 'repellat', '207', '', '2012-03-26 06:04:48', '2015-01-24 05:16:13');
INSERT INTO `users` (`id`, `name`, `cash`, `user_url`, `created_at`, `updated_at`) VALUES (49, 'recusandae', '772', '', '2018-02-03 07:26:19', '2012-05-01 16:52:36');
INSERT INTO `users` (`id`, `name`, `cash`, `user_url`, `created_at`, `updated_at`) VALUES (50, 'consequatur', '657', '', '2013-12-24 15:42:11', '2017-09-30 09:55:42');
INSERT INTO `users` (`id`, `name`, `cash`, `user_url`, `created_at`, `updated_at`) VALUES (51, 'quod', '801', '', '2012-07-30 17:26:50', '2016-04-26 06:44:52');
INSERT INTO `users` (`id`, `name`, `cash`, `user_url`, `created_at`, `updated_at`) VALUES (52, 'inventore', '911', '', '2018-11-23 20:12:40', '2013-07-20 13:30:39');
INSERT INTO `users` (`id`, `name`, `cash`, `user_url`, `created_at`, `updated_at`) VALUES (53, 'ducimus', '272', '', '2017-06-06 19:08:45', '2019-03-20 14:37:04');
INSERT INTO `users` (`id`, `name`, `cash`, `user_url`, `created_at`, `updated_at`) VALUES (54, 'ea', '580', '', '2015-05-30 06:24:17', '2020-11-08 02:26:09');
INSERT INTO `users` (`id`, `name`, `cash`, `user_url`, `created_at`, `updated_at`) VALUES (55, 'dolores', '339', '', '2015-06-28 05:18:56', '2017-08-13 11:03:57');
INSERT INTO `users` (`id`, `name`, `cash`, `user_url`, `created_at`, `updated_at`) VALUES (56, 'quod', '966', '', '2011-08-19 23:36:03', '2011-09-16 12:10:16');
INSERT INTO `users` (`id`, `name`, `cash`, `user_url`, `created_at`, `updated_at`) VALUES (57, 'amet', '397', '', '2018-12-19 09:31:26', '2012-05-22 04:36:00');
INSERT INTO `users` (`id`, `name`, `cash`, `user_url`, `created_at`, `updated_at`) VALUES (58, 'qui', '312', '', '2021-01-02 06:09:28', '2011-07-12 04:19:06');
INSERT INTO `users` (`id`, `name`, `cash`, `user_url`, `created_at`, `updated_at`) VALUES (59, 'tempore', '183', '', '2020-06-29 00:02:27', '2019-09-01 21:54:58');
INSERT INTO `users` (`id`, `name`, `cash`, `user_url`, `created_at`, `updated_at`) VALUES (60, 'laboriosam', '415', '', '2016-05-11 21:59:22', '2019-02-22 07:14:13');
INSERT INTO `users` (`id`, `name`, `cash`, `user_url`, `created_at`, `updated_at`) VALUES (61, 'rerum', '138', '', '2015-12-11 09:49:23', '2013-01-05 14:10:42');
INSERT INTO `users` (`id`, `name`, `cash`, `user_url`, `created_at`, `updated_at`) VALUES (62, 'accusamus', '573', '', '2018-06-15 16:00:43', '2018-03-02 15:09:11');
INSERT INTO `users` (`id`, `name`, `cash`, `user_url`, `created_at`, `updated_at`) VALUES (63, 'totam', '321', '', '2011-12-05 16:26:09', '2018-08-05 01:43:36');
INSERT INTO `users` (`id`, `name`, `cash`, `user_url`, `created_at`, `updated_at`) VALUES (64, 'magnam', '281', '', '2012-02-27 14:53:51', '2018-05-27 02:02:11');
INSERT INTO `users` (`id`, `name`, `cash`, `user_url`, `created_at`, `updated_at`) VALUES (65, 'quibusdam', '777', '', '2019-04-10 13:12:36', '2013-11-04 05:29:24');
INSERT INTO `users` (`id`, `name`, `cash`, `user_url`, `created_at`, `updated_at`) VALUES (66, 'hic', '471', '', '2012-04-18 13:19:39', '2016-02-23 07:55:20');
INSERT INTO `users` (`id`, `name`, `cash`, `user_url`, `created_at`, `updated_at`) VALUES (67, 'sint', '501', '', '2013-11-27 14:03:45', '2017-02-24 19:04:33');
INSERT INTO `users` (`id`, `name`, `cash`, `user_url`, `created_at`, `updated_at`) VALUES (68, 'asperiores', '201', '', '2013-12-27 06:22:49', '2020-03-18 12:03:49');
INSERT INTO `users` (`id`, `name`, `cash`, `user_url`, `created_at`, `updated_at`) VALUES (69, 'aut', '380', '', '2019-03-02 08:13:18', '2015-10-23 19:20:08');
INSERT INTO `users` (`id`, `name`, `cash`, `user_url`, `created_at`, `updated_at`) VALUES (70, 'sequi', '419', '', '2021-04-29 03:11:48', '2019-07-26 04:43:29');
INSERT INTO `users` (`id`, `name`, `cash`, `user_url`, `created_at`, `updated_at`) VALUES (71, 'blanditiis', '714', '', '2017-05-30 14:04:18', '2016-05-12 23:19:21');
INSERT INTO `users` (`id`, `name`, `cash`, `user_url`, `created_at`, `updated_at`) VALUES (72, 'expedita', '113', '', '2019-01-13 08:45:06', '2016-06-16 15:50:30');
INSERT INTO `users` (`id`, `name`, `cash`, `user_url`, `created_at`, `updated_at`) VALUES (73, 'sit', '660', '', '2013-03-10 17:08:15', '2019-05-27 06:22:14');
INSERT INTO `users` (`id`, `name`, `cash`, `user_url`, `created_at`, `updated_at`) VALUES (74, 'dolorem', '386', '', '2015-05-23 08:19:06', '2019-08-09 11:38:56');
INSERT INTO `users` (`id`, `name`, `cash`, `user_url`, `created_at`, `updated_at`) VALUES (75, 'aspernatur', '224', '', '2012-08-16 08:33:06', '2018-11-04 17:55:12');
INSERT INTO `users` (`id`, `name`, `cash`, `user_url`, `created_at`, `updated_at`) VALUES (76, 'quod', '934', '', '2013-12-23 23:59:41', '2012-09-17 13:04:46');
INSERT INTO `users` (`id`, `name`, `cash`, `user_url`, `created_at`, `updated_at`) VALUES (77, 'et', '27', '', '2012-09-27 23:06:20', '2015-10-25 05:10:39');
INSERT INTO `users` (`id`, `name`, `cash`, `user_url`, `created_at`, `updated_at`) VALUES (78, 'et', '83', '', '2017-12-18 03:17:36', '2013-11-27 01:47:18');
INSERT INTO `users` (`id`, `name`, `cash`, `user_url`, `created_at`, `updated_at`) VALUES (79, 'temporibus', '787', '', '2012-06-16 12:05:57', '2012-07-27 22:28:29');
INSERT INTO `users` (`id`, `name`, `cash`, `user_url`, `created_at`, `updated_at`) VALUES (80, 'culpa', '162', '', '2019-03-28 14:55:34', '2019-05-31 19:41:21');
INSERT INTO `users` (`id`, `name`, `cash`, `user_url`, `created_at`, `updated_at`) VALUES (81, 'fugiat', '565', '', '2018-11-15 03:28:33', '2013-07-31 10:50:39');
INSERT INTO `users` (`id`, `name`, `cash`, `user_url`, `created_at`, `updated_at`) VALUES (82, 'quis', '461', '', '2019-12-06 03:26:47', '2011-12-26 10:24:10');
INSERT INTO `users` (`id`, `name`, `cash`, `user_url`, `created_at`, `updated_at`) VALUES (83, 'quis', '616', '', '2014-12-08 01:22:12', '2017-10-28 00:41:17');
INSERT INTO `users` (`id`, `name`, `cash`, `user_url`, `created_at`, `updated_at`) VALUES (84, 'et', '454', '', '2012-02-26 12:11:03', '2020-12-09 18:24:14');
INSERT INTO `users` (`id`, `name`, `cash`, `user_url`, `created_at`, `updated_at`) VALUES (85, 'maxime', '226', '', '2020-10-11 13:17:34', '2021-05-02 10:15:37');
INSERT INTO `users` (`id`, `name`, `cash`, `user_url`, `created_at`, `updated_at`) VALUES (86, 'sit', '784', '', '2017-05-15 03:25:17', '2017-10-20 20:04:40');
INSERT INTO `users` (`id`, `name`, `cash`, `user_url`, `created_at`, `updated_at`) VALUES (87, 'minima', '418', '', '2017-11-24 08:07:55', '2014-11-27 12:45:04');
INSERT INTO `users` (`id`, `name`, `cash`, `user_url`, `created_at`, `updated_at`) VALUES (88, 'soluta', '97', '', '2014-11-07 09:07:29', '2017-12-11 07:36:41');
INSERT INTO `users` (`id`, `name`, `cash`, `user_url`, `created_at`, `updated_at`) VALUES (89, 'eum', '267', '', '2011-08-28 10:18:27', '2016-12-12 23:50:49');
INSERT INTO `users` (`id`, `name`, `cash`, `user_url`, `created_at`, `updated_at`) VALUES (90, 'et', '956', '', '2014-04-18 14:42:47', '2012-06-12 11:14:39');
INSERT INTO `users` (`id`, `name`, `cash`, `user_url`, `created_at`, `updated_at`) VALUES (91, 'ipsum', '153', '', '2014-12-08 14:40:18', '2011-11-22 05:58:59');
INSERT INTO `users` (`id`, `name`, `cash`, `user_url`, `created_at`, `updated_at`) VALUES (92, 'aut', '136', '', '2021-04-13 00:29:05', '2016-01-12 17:42:38');
INSERT INTO `users` (`id`, `name`, `cash`, `user_url`, `created_at`, `updated_at`) VALUES (93, 'possimus', '125', '', '2015-11-02 22:17:34', '2013-04-01 13:54:54');
INSERT INTO `users` (`id`, `name`, `cash`, `user_url`, `created_at`, `updated_at`) VALUES (94, 'et', '427', '', '2011-05-28 14:26:05', '2016-07-19 06:22:57');
INSERT INTO `users` (`id`, `name`, `cash`, `user_url`, `created_at`, `updated_at`) VALUES (95, 'perferendis', '305', '', '2020-06-21 17:23:54', '2012-01-04 22:52:53');
INSERT INTO `users` (`id`, `name`, `cash`, `user_url`, `created_at`, `updated_at`) VALUES (96, 'in', '108', '', '2011-10-21 09:21:59', '2020-06-18 14:43:02');
INSERT INTO `users` (`id`, `name`, `cash`, `user_url`, `created_at`, `updated_at`) VALUES (97, 'et', '789', '', '2018-12-07 16:32:31', '2013-09-07 10:23:44');
INSERT INTO `users` (`id`, `name`, `cash`, `user_url`, `created_at`, `updated_at`) VALUES (98, 'dolore', '370', '', '2017-07-31 08:02:42', '2012-08-09 17:11:15');
INSERT INTO `users` (`id`, `name`, `cash`, `user_url`, `created_at`, `updated_at`) VALUES (99, 'hic', '115', '', '2021-01-29 05:49:24', '2013-03-19 21:10:59');
INSERT INTO `users` (`id`, `name`, `cash`, `user_url`, `created_at`, `updated_at`) VALUES (100, 'dolorem', '13', '', '2019-02-23 11:16:03', '2019-02-28 21:43:34');


