-- MySQL dump 10.13  Distrib 8.0.25, for Linux (x86_64)
--
-- Host: localhost    Database: steam
-- ------------------------------------------------------
-- Server version	8.0.25-0ubuntu0.20.04.1

/*!40101 SET @OLD_CHARACTER_SET_CLIENT=@@CHARACTER_SET_CLIENT */;
/*!40101 SET @OLD_CHARACTER_SET_RESULTS=@@CHARACTER_SET_RESULTS */;
/*!40101 SET @OLD_COLLATION_CONNECTION=@@COLLATION_CONNECTION */;
/*!50503 SET NAMES utf8mb4 */;
/*!40103 SET @OLD_TIME_ZONE=@@TIME_ZONE */;
/*!40103 SET TIME_ZONE='+00:00' */;
/*!40014 SET @OLD_UNIQUE_CHECKS=@@UNIQUE_CHECKS, UNIQUE_CHECKS=0 */;
/*!40014 SET @OLD_FOREIGN_KEY_CHECKS=@@FOREIGN_KEY_CHECKS, FOREIGN_KEY_CHECKS=0 */;
/*!40101 SET @OLD_SQL_MODE=@@SQL_MODE, SQL_MODE='NO_AUTO_VALUE_ON_ZERO' */;
/*!40111 SET @OLD_SQL_NOTES=@@SQL_NOTES, SQL_NOTES=0 */;

--
-- Table structure for table `add_logs`
--

DROP TABLE IF EXISTS `add_logs`;
/*!40101 SET @saved_cs_client     = @@character_set_client */;
/*!50503 SET character_set_client = utf8mb4 */;
CREATE TABLE `add_logs` (
  `id` int unsigned NOT NULL AUTO_INCREMENT,
  `created_at` datetime DEFAULT CURRENT_TIMESTAMP,
  `table_name` varchar(50) NOT NULL,
  `name_value` varchar(25) NOT NULL,
  `cash_value` int unsigned DEFAULT NULL,
  PRIMARY KEY (`id`)
) ENGINE=ARCHIVE AUTO_INCREMENT=3 DEFAULT CHARSET=utf8mb4 COLLATE=utf8mb4_0900_ai_ci;
/*!40101 SET character_set_client = @saved_cs_client */;

--
-- Dumping data for table `add_logs`
--

LOCK TABLES `add_logs` WRITE;
/*!40000 ALTER TABLE `add_logs` DISABLE KEYS */;
INSERT INTO `add_logs` VALUES (1,'2021-05-28 21:51:07','users','VDK45',6950),(2,'2021-05-28 21:51:08','authors','DENDY',40786);
/*!40000 ALTER TABLE `add_logs` ENABLE KEYS */;
UNLOCK TABLES;

--
-- Table structure for table `authors`
--

DROP TABLE IF EXISTS `authors`;
/*!40101 SET @saved_cs_client     = @@character_set_client */;
/*!50503 SET character_set_client = utf8mb4 */;
CREATE TABLE `authors` (
  `id` int unsigned NOT NULL AUTO_INCREMENT COMMENT 'Идентификатор строки',
  `name` varchar(25) CHARACTER SET utf8mb4 COLLATE utf8mb4_unicode_ci NOT NULL COMMENT ' Автор игры',
  `cash` float unsigned DEFAULT NULL COMMENT ' Денег у компании',
  `created_at` datetime DEFAULT CURRENT_TIMESTAMP COMMENT 'Время создания строки',
  `updated_at` datetime DEFAULT CURRENT_TIMESTAMP ON UPDATE CURRENT_TIMESTAMP COMMENT 'Время обновления строки',
  PRIMARY KEY (`id`),
  UNIQUE KEY `name` (`name`)
) ENGINE=InnoDB AUTO_INCREMENT=12 DEFAULT CHARSET=utf8mb4 COLLATE=utf8mb4_unicode_ci COMMENT='Создатели игр';
/*!40101 SET character_set_client = @saved_cs_client */;

--
-- Dumping data for table `authors`
--

LOCK TABLES `authors` WRITE;
/*!40000 ALTER TABLE `authors` DISABLE KEYS */;
INSERT INTO `authors` VALUES (1,' Naughty Dog',4786,'2018-07-11 16:50:10','2019-12-15 09:51:04'),(2,' Mojang Studios',50000,'2013-12-09 09:43:19','2021-05-28 21:51:04'),(3,' 4A Games',7144,'2015-03-30 10:52:55','2015-05-17 19:47:37'),(4,'  Konami',9819,'2012-10-01 18:08:39','2015-05-17 22:23:28'),(5,'Id Software',3917,'2020-08-06 11:12:55','2011-07-13 06:31:09'),(6,' Valve',3184,'2020-03-03 04:46:40','2011-11-22 11:39:38'),(7,' Epic Games',9593,'2019-07-14 13:16:49','2018-03-15 16:51:45'),(8,' Crystal Dynamics',5049,'2015-02-21 19:31:18','2013-02-01 13:04:31'),(9,' Game Arts',6911,'2013-07-22 11:48:59','2012-09-24 16:59:28'),(10,' Crytek',9270,'2016-03-04 02:00:29','2021-04-06 02:51:32'),(11,'DENDY',40786,'2018-07-11 16:50:10','2019-12-15 09:51:04');
/*!40000 ALTER TABLE `authors` ENABLE KEYS */;
UNLOCK TABLES;
/*!50003 SET @saved_cs_client      = @@character_set_client */ ;
/*!50003 SET @saved_cs_results     = @@character_set_results */ ;
/*!50003 SET @saved_col_connection = @@collation_connection */ ;
/*!50003 SET character_set_client  = utf8mb4 */ ;
/*!50003 SET character_set_results = utf8mb4 */ ;
/*!50003 SET collation_connection  = utf8mb4_0900_ai_ci */ ;
/*!50003 SET @saved_sql_mode       = @@sql_mode */ ;
/*!50003 SET sql_mode              = 'ONLY_FULL_GROUP_BY,STRICT_TRANS_TABLES,NO_ZERO_IN_DATE,NO_ZERO_DATE,ERROR_FOR_DIVISION_BY_ZERO,NO_ENGINE_SUBSTITUTION' */ ;
DELIMITER ;;
/*!50003 CREATE*/ /*!50017 DEFINER=`root`@`localhost`*/ /*!50003 TRIGGER `log_add_authors` AFTER INSERT ON `authors` FOR EACH ROW BEGIN
	INSERT INTO add_logs (id, created_at, table_name, name_value, cash_value)
	VALUES (NULL, NOW(), 'authors',  NEW.name, NEW.cash);
END */;;
DELIMITER ;
/*!50003 SET sql_mode              = @saved_sql_mode */ ;
/*!50003 SET character_set_client  = @saved_cs_client */ ;
/*!50003 SET character_set_results = @saved_cs_results */ ;
/*!50003 SET collation_connection  = @saved_col_connection */ ;
/*!50003 SET @saved_cs_client      = @@character_set_client */ ;
/*!50003 SET @saved_cs_results     = @@character_set_results */ ;
/*!50003 SET @saved_col_connection = @@collation_connection */ ;
/*!50003 SET character_set_client  = utf8mb4 */ ;
/*!50003 SET character_set_results = utf8mb4 */ ;
/*!50003 SET collation_connection  = utf8mb4_0900_ai_ci */ ;
/*!50003 SET @saved_sql_mode       = @@sql_mode */ ;
/*!50003 SET sql_mode              = 'ONLY_FULL_GROUP_BY,STRICT_TRANS_TABLES,NO_ZERO_IN_DATE,NO_ZERO_DATE,ERROR_FOR_DIVISION_BY_ZERO,NO_ENGINE_SUBSTITUTION' */ ;
DELIMITER ;;
/*!50003 CREATE*/ /*!50017 DEFINER=`root`@`localhost`*/ /*!50003 TRIGGER `log_update_authors` AFTER UPDATE ON `authors` FOR EACH ROW BEGIN
	INSERT INTO update_logs (id, created_at, table_name, name_value, cash_value)
	VALUES (NULL, NOW(), 'authors',  NEW.name, NEW.cash);
END */;;
DELIMITER ;
/*!50003 SET sql_mode              = @saved_sql_mode */ ;
/*!50003 SET character_set_client  = @saved_cs_client */ ;
/*!50003 SET character_set_results = @saved_cs_results */ ;
/*!50003 SET collation_connection  = @saved_col_connection */ ;

--
-- Table structure for table `communities`
--

DROP TABLE IF EXISTS `communities`;
/*!40101 SET @saved_cs_client     = @@character_set_client */;
/*!50503 SET character_set_client = utf8mb4 */;
CREATE TABLE `communities` (
  `id` int unsigned NOT NULL AUTO_INCREMENT COMMENT 'Идентификатор сроки',
  `name` varchar(255) CHARACTER SET utf8mb4 COLLATE utf8mb4_unicode_ci NOT NULL COMMENT 'Название группы',
  `created_at` datetime DEFAULT CURRENT_TIMESTAMP COMMENT 'Время создания строки',
  `updated_at` datetime DEFAULT CURRENT_TIMESTAMP ON UPDATE CURRENT_TIMESTAMP COMMENT 'Время обновления строки',
  PRIMARY KEY (`id`),
  UNIQUE KEY `name` (`name`)
) ENGINE=InnoDB AUTO_INCREMENT=21 DEFAULT CHARSET=utf8mb4 COLLATE=utf8mb4_unicode_ci COMMENT='Группы';
/*!40101 SET character_set_client = @saved_cs_client */;

--
-- Dumping data for table `communities`
--

LOCK TABLES `communities` WRITE;
/*!40000 ALTER TABLE `communities` DISABLE KEYS */;
INSERT INTO `communities` VALUES (1,'non_group','2015-06-06 20:59:42','2021-05-28 21:50:35'),(2,'modi_group','2011-10-09 09:38:38','2021-05-28 21:50:35'),(3,'fuga_group','2019-12-20 02:00:57','2021-05-28 21:50:35'),(4,'placeat_group','2015-12-12 09:48:33','2021-05-28 21:50:35'),(5,'eaque_group','2012-11-10 16:30:29','2021-05-28 21:50:35'),(6,'animi_group','2021-02-14 21:20:48','2021-05-28 21:50:35'),(7,'aperiam_group','2012-05-11 12:12:08','2021-05-28 21:50:35'),(8,'sed_group','2020-02-19 14:37:12','2021-05-28 21:50:35'),(9,'saepe_group','2017-03-31 11:41:48','2021-05-28 21:50:35'),(10,'enim_group','2019-05-23 18:35:56','2021-05-28 21:50:35'),(11,'doloribus_group','2014-09-14 00:53:21','2021-05-28 21:50:35'),(12,'amet_group','2020-01-07 22:21:35','2021-05-28 21:50:35'),(13,'eos_group','2018-03-30 01:44:50','2021-05-28 21:50:35'),(14,'veniam_group','2015-01-02 03:45:45','2021-05-28 21:50:35'),(15,'necessitatibus_group','2016-07-12 11:41:01','2021-05-28 21:50:35'),(16,'ut_group','2017-03-08 07:03:41','2021-05-28 21:50:35'),(17,'autem_group','2017-06-20 03:13:37','2021-05-28 21:50:35'),(18,'perferendis_group','2019-03-12 19:11:38','2021-05-28 21:50:35'),(19,'natus_group','2017-08-12 09:07:17','2021-05-28 21:50:35'),(20,'ab_group','2018-08-31 22:11:02','2021-05-28 21:50:35');
/*!40000 ALTER TABLE `communities` ENABLE KEYS */;
UNLOCK TABLES;

--
-- Table structure for table `communities_users`
--

DROP TABLE IF EXISTS `communities_users`;
/*!40101 SET @saved_cs_client     = @@character_set_client */;
/*!50503 SET character_set_client = utf8mb4 */;
CREATE TABLE `communities_users` (
  `community_id` int unsigned NOT NULL COMMENT 'Ссылка на группу',
  `user_id` int unsigned DEFAULT NULL,
  `created_at` datetime DEFAULT CURRENT_TIMESTAMP COMMENT 'Время создания строки',
  `updated_at` datetime DEFAULT CURRENT_TIMESTAMP ON UPDATE CURRENT_TIMESTAMP,
  `id` int unsigned NOT NULL AUTO_INCREMENT,
  PRIMARY KEY (`id`),
  KEY `community_id_from_communities_id_fk` (`community_id`),
  KEY `user_id_from_users_id_fk` (`user_id`),
  CONSTRAINT `community_id_from_communities_id_fk` FOREIGN KEY (`community_id`) REFERENCES `communities` (`id`),
  CONSTRAINT `user_id_from_users_id_fk` FOREIGN KEY (`user_id`) REFERENCES `users` (`id`) ON DELETE CASCADE
) ENGINE=InnoDB AUTO_INCREMENT=101 DEFAULT CHARSET=utf8mb4 COLLATE=utf8mb4_unicode_ci COMMENT='Участники групп, связь между пользователями и группами';
/*!40101 SET character_set_client = @saved_cs_client */;

--
-- Dumping data for table `communities_users`
--

LOCK TABLES `communities_users` WRITE;
/*!40000 ALTER TABLE `communities_users` DISABLE KEYS */;
INSERT INTO `communities_users` VALUES (1,1,'1978-01-17 06:23:35','2021-05-28 21:50:20',1),(1,21,'2009-05-18 14:37:56','2021-05-28 21:50:20',2),(1,41,'1989-02-15 19:35:26','2021-05-28 21:50:20',3),(1,61,'1997-10-20 04:56:16','2021-05-28 21:50:20',4),(1,81,'1975-03-07 16:38:11','2021-05-28 21:50:20',5),(2,2,'1971-03-31 18:58:16','2021-05-28 21:50:20',6),(2,22,'2018-02-01 02:55:10','2021-05-28 21:50:20',7),(2,42,'1975-06-17 13:18:51','2021-05-28 21:50:20',8),(2,62,'2018-12-15 22:31:29','2021-05-28 21:50:20',9),(2,82,'2013-10-10 19:44:18','2021-05-28 21:50:20',10),(3,NULL,'2018-08-27 00:47:54','2021-05-28 21:50:26',11),(3,NULL,'2017-12-25 18:39:06','2021-05-28 21:50:26',12),(3,NULL,'1972-10-01 02:31:02','2021-05-28 21:50:26',13),(3,NULL,'1970-05-18 04:23:42','2021-05-28 21:50:26',14),(3,NULL,'2010-03-08 00:55:14','2021-05-28 21:50:26',15),(4,4,'2012-11-25 17:36:09','2021-05-28 21:50:20',16),(4,24,'1992-03-30 18:56:47','2021-05-28 21:50:20',17),(4,44,'1989-03-11 02:49:57','2021-05-28 21:50:20',18),(4,64,'2001-08-11 08:10:20','2021-05-28 21:50:20',19),(4,84,'1988-04-01 08:01:40','2021-05-28 21:50:20',20),(5,5,'2005-03-19 17:28:06','2021-05-28 21:50:20',21),(5,25,'2005-12-01 05:23:06','2021-05-28 21:50:20',22),(5,45,'2017-05-13 04:06:49','2021-05-28 21:50:20',23),(5,65,'1983-04-16 07:23:26','2021-05-28 21:50:20',24),(5,85,'2016-08-29 17:43:26','2021-05-28 21:50:20',25),(6,6,'1977-07-05 09:15:38','2021-05-28 21:50:20',26),(6,26,'1983-04-22 17:52:07','2021-05-28 21:50:20',27),(6,46,'2002-12-11 19:35:20','2021-05-28 21:50:20',28),(6,66,'1989-09-22 06:19:15','2021-05-28 21:50:20',29),(6,86,'1993-11-29 03:13:33','2021-05-28 21:50:20',30),(7,7,'2005-11-14 20:41:21','2021-05-28 21:50:20',31),(7,27,'1981-12-12 00:53:10','2021-05-28 21:50:20',32),(7,47,'1985-08-17 01:40:31','2021-05-28 21:50:20',33),(7,67,'2000-09-02 14:42:27','2021-05-28 21:50:20',34),(7,87,'1973-02-10 19:02:18','2021-05-28 21:50:20',35),(8,8,'2000-01-11 12:25:27','2021-05-28 21:50:20',36),(8,28,'1996-03-16 05:38:49','2021-05-28 21:50:20',37),(8,48,'2004-04-10 13:54:01','2021-05-28 21:50:20',38),(8,68,'1974-02-23 04:31:24','2021-05-28 21:50:20',39),(8,88,'2020-06-02 02:34:22','2021-05-28 21:50:20',40),(9,9,'1987-12-05 11:27:51','2021-05-28 21:50:20',41),(9,29,'1974-10-06 20:19:31','2021-05-28 21:50:20',42),(9,49,'1987-10-17 08:28:11','2021-05-28 21:50:20',43),(9,69,'2019-02-22 07:57:22','2021-05-28 21:50:20',44),(9,89,'1980-07-29 17:39:07','2021-05-28 21:50:20',45),(10,10,'2018-12-31 23:16:00','2021-05-28 21:50:20',46),(10,30,'1984-06-18 23:32:05','2021-05-28 21:50:20',47),(10,50,'1974-08-09 16:11:17','2021-05-28 21:50:20',48),(10,70,'1977-05-05 11:06:57','2021-05-28 21:50:20',49),(10,90,'1973-09-12 12:33:36','2021-05-28 21:50:20',50),(11,11,'1974-08-14 03:38:11','2021-05-28 21:50:20',51),(11,31,'1980-09-28 02:05:36','2021-05-28 21:50:20',52),(11,51,'2020-01-24 14:10:58','2021-05-28 21:50:20',53),(11,71,'1988-07-05 20:47:20','2021-05-28 21:50:20',54),(11,91,'1970-11-18 17:34:19','2021-05-28 21:50:20',55),(12,12,'1982-04-29 05:50:35','2021-05-28 21:50:20',56),(12,32,'1972-03-09 12:03:47','2021-05-28 21:50:20',57),(12,52,'1991-12-20 03:59:56','2021-05-28 21:50:20',58),(12,72,'2000-03-22 07:21:50','2021-05-28 21:50:20',59),(12,92,'1981-10-05 10:32:11','2021-05-28 21:50:20',60),(13,13,'2011-01-18 20:53:56','2021-05-28 21:50:20',61),(13,33,'2018-03-30 21:06:07','2021-05-28 21:50:20',62),(13,53,'2015-08-03 19:05:41','2021-05-28 21:50:20',63),(13,73,'2010-11-09 01:58:22','2021-05-28 21:50:20',64),(13,93,'2014-05-18 06:04:10','2021-05-28 21:50:20',65),(14,14,'1985-04-07 04:47:40','2021-05-28 21:50:20',66),(14,34,'2010-09-04 22:25:04','2021-05-28 21:50:20',67),(14,54,'1995-08-05 21:04:12','2021-05-28 21:50:20',68),(14,74,'1972-11-04 08:03:07','2021-05-28 21:50:20',69),(14,94,'1987-08-17 12:57:16','2021-05-28 21:50:20',70),(15,15,'1990-03-08 03:18:59','2021-05-28 21:50:20',71),(15,35,'2018-06-15 01:10:05','2021-05-28 21:50:20',72),(15,55,'2020-12-28 04:11:04','2021-05-28 21:50:20',73),(15,75,'1982-08-26 14:28:03','2021-05-28 21:50:20',74),(15,95,'1970-01-10 04:08:37','2021-05-28 21:50:20',75),(16,16,'2021-01-29 20:27:37','2021-05-28 21:50:20',76),(16,36,'1991-06-03 15:13:49','2021-05-28 21:50:20',77),(16,56,'1992-11-08 10:07:51','2021-05-28 21:50:20',78),(16,76,'1997-09-04 18:01:21','2021-05-28 21:50:20',79),(16,96,'2006-04-10 09:37:14','2021-05-28 21:50:20',80),(17,17,'1983-10-26 22:00:37','2021-05-28 21:50:20',81),(17,37,'1984-04-08 07:55:42','2021-05-28 21:50:20',82),(17,57,'1982-05-20 09:23:13','2021-05-28 21:50:20',83),(17,77,'1979-03-31 07:32:53','2021-05-28 21:50:20',84),(17,97,'1989-08-28 09:03:04','2021-05-28 21:50:20',85),(18,18,'1994-01-17 20:39:49','2021-05-28 21:50:20',86),(18,38,'1998-05-19 07:26:35','2021-05-28 21:50:20',87),(18,58,'1994-10-15 16:03:26','2021-05-28 21:50:20',88),(18,78,'2014-04-13 01:41:46','2021-05-28 21:50:20',89),(18,98,'1979-11-15 14:52:12','2021-05-28 21:50:20',90),(19,19,'2009-02-18 18:51:50','2021-05-28 21:50:20',91),(19,39,'1984-08-01 21:48:20','2021-05-28 21:50:20',92),(19,59,'1987-01-06 10:25:18','2021-05-28 21:50:20',93),(19,79,'2018-08-26 22:13:55','2021-05-28 21:50:20',94),(19,99,'1979-08-24 03:45:20','2021-05-28 21:50:20',95),(20,20,'2015-09-18 21:01:57','2021-05-28 21:50:20',96),(20,40,'1988-12-22 23:23:30','2021-05-28 21:50:20',97),(20,60,'1971-11-05 05:21:16','2021-05-28 21:50:20',98),(20,80,'2013-01-01 02:13:07','2021-05-28 21:50:20',99),(20,100,'2001-02-25 21:12:00','2021-05-28 21:50:20',100);
/*!40000 ALTER TABLE `communities_users` ENABLE KEYS */;
UNLOCK TABLES;

--
-- Table structure for table `friendship`
--

DROP TABLE IF EXISTS `friendship`;
/*!40101 SET @saved_cs_client     = @@character_set_client */;
/*!50503 SET character_set_client = utf8mb4 */;
CREATE TABLE `friendship` (
  `user_id` int unsigned NOT NULL COMMENT 'Ссылка на инициатора дружеских отношений',
  `friend_id` int unsigned NOT NULL COMMENT 'Ссылка на получателя приглашения дружить',
  `friendship_status_id` int unsigned NOT NULL COMMENT 'Ссылка на статус (текущее состояние) отношений',
  `confirmed_at` datetime DEFAULT NULL COMMENT 'Время подтверждения приглашения',
  `created_at` datetime DEFAULT CURRENT_TIMESTAMP COMMENT 'Время создания строки',
  `updated_at` datetime DEFAULT CURRENT_TIMESTAMP ON UPDATE CURRENT_TIMESTAMP COMMENT 'Время обновления строки',
  PRIMARY KEY (`user_id`,`friend_id`) COMMENT 'Составной первичный ключ',
  KEY `friend_id_from_users_id_fk` (`friend_id`),
  KEY `friendship_status_id_from_friendship_statuses_id_fk` (`friendship_status_id`),
  CONSTRAINT `friend_id_from_users_id_fk` FOREIGN KEY (`friend_id`) REFERENCES `users` (`id`),
  CONSTRAINT `friendship_status_id_from_friendship_statuses_id_fk` FOREIGN KEY (`friendship_status_id`) REFERENCES `friendship_statuses` (`id`) ON DELETE CASCADE,
  CONSTRAINT `friendship_user_id_from_users_id_fk` FOREIGN KEY (`user_id`) REFERENCES `users` (`id`)
) ENGINE=InnoDB DEFAULT CHARSET=utf8mb4 COLLATE=utf8mb4_unicode_ci COMMENT='Таблица дружбы';
/*!40101 SET character_set_client = @saved_cs_client */;

--
-- Dumping data for table `friendship`
--

LOCK TABLES `friendship` WRITE;
/*!40000 ALTER TABLE `friendship` DISABLE KEYS */;
INSERT INTO `friendship` VALUES (1,13,1,'2020-08-06 04:40:14','2016-11-22 17:59:51','2015-01-05 06:38:07'),(1,38,2,'2017-02-04 22:21:08','2011-07-14 09:14:29','2019-01-12 10:01:32'),(2,57,3,'2014-02-14 17:58:42','2012-09-19 16:25:38','2017-06-27 10:40:47'),(2,98,2,'2015-04-19 17:49:58','2012-12-29 03:11:36','2020-07-09 07:50:51'),(3,24,1,'2021-05-28 21:58:24','2021-05-28 21:58:24','2021-05-28 21:58:24'),(3,54,1,'2012-05-30 04:14:26','2015-12-03 08:37:53','2012-07-19 07:28:12'),(3,85,3,'2016-07-11 12:14:27','2013-02-11 20:38:03','2012-08-29 01:18:56'),(4,9,1,'2013-09-27 21:37:49','2019-10-16 04:09:45','2018-06-21 22:25:31'),(4,20,2,'2015-11-11 01:47:53','2017-04-28 16:21:23','2021-04-04 16:22:04'),(5,51,2,'2019-01-19 03:28:33','2015-05-31 14:57:36','2021-05-04 06:13:50'),(5,55,3,'2014-09-15 12:42:27','2018-07-21 17:37:12','2014-11-15 05:13:54'),(5,93,2,'2021-05-28 21:58:19','2021-05-28 21:58:19','2021-05-28 21:58:19'),(6,11,1,'2017-02-23 05:00:51','2018-09-19 10:52:42','2017-12-09 14:36:18'),(6,66,3,'2015-07-08 10:29:16','2014-04-11 17:15:41','2016-05-13 22:41:03'),(7,37,2,'2017-03-08 10:26:30','2020-02-27 19:31:49','2017-06-24 03:38:56'),(7,74,1,'2013-12-01 15:17:56','2017-10-25 14:43:04','2020-06-03 11:17:09'),(8,17,3,'2020-02-22 05:12:13','2017-12-22 01:14:50','2014-07-11 12:34:47'),(8,61,2,'2021-01-11 06:39:27','2012-04-05 14:09:27','2018-08-23 23:06:23'),(9,6,1,'2021-05-28 21:58:43','2021-05-28 21:58:43','2021-05-28 21:58:43'),(9,19,1,'2013-09-03 03:59:52','2015-10-03 04:21:50','2017-07-26 02:31:40'),(9,70,3,'2018-09-28 16:41:49','2012-11-22 23:39:57','2011-10-06 17:20:49'),(10,23,1,'2020-06-22 22:21:02','2013-07-08 17:38:47','2011-10-22 12:48:55'),(10,100,2,'2018-01-07 08:21:54','2011-11-22 00:44:51','2018-09-26 03:15:16'),(11,2,3,'2014-10-03 05:40:30','2014-05-27 01:49:23','2017-11-02 11:15:16'),(11,7,2,'2015-05-12 22:21:14','2013-04-15 08:54:56','2019-08-27 09:06:46'),(11,40,2,'2021-05-28 21:58:40','2021-05-28 21:58:40','2021-05-28 21:58:40'),(12,28,1,'2021-05-28 21:58:17','2021-05-28 21:58:17','2021-05-28 21:58:17'),(12,58,1,'2013-07-29 21:25:35','2015-11-13 18:47:06','2015-03-31 11:43:57'),(12,71,3,'2017-02-13 21:59:36','2019-05-14 07:59:24','2014-04-07 02:43:00'),(13,32,2,'2017-09-21 07:44:28','2012-03-21 19:08:55','2019-12-25 20:12:20'),(13,64,3,'2021-05-28 21:58:41','2021-05-28 21:58:41','2021-05-28 21:58:41'),(13,79,1,'2019-07-18 13:06:47','2018-12-23 10:55:12','2018-05-10 19:53:06'),(14,25,3,'2020-03-13 22:19:27','2016-08-07 01:55:27','2019-04-24 20:18:48'),(14,72,2,'2013-07-30 10:04:34','2011-08-22 15:15:00','2020-05-06 00:59:53'),(15,21,1,'2015-01-18 14:01:21','2018-03-06 10:46:37','2019-06-18 13:35:53'),(15,29,3,'2021-05-28 21:58:41','2021-05-28 21:58:41','2021-05-28 21:58:41'),(15,41,3,'2020-01-06 02:21:05','2020-11-15 01:55:28','2020-08-10 02:15:40'),(16,33,2,'2011-09-21 14:51:46','2015-07-28 15:21:24','2018-09-15 14:50:57'),(16,51,1,'2014-07-05 18:46:54','2017-09-01 01:16:34','2011-10-08 07:09:37'),(17,40,2,'2021-05-28 21:58:42','2021-05-28 21:58:42','2021-05-28 21:58:42'),(17,85,2,'2015-03-13 22:07:47','2019-04-25 13:48:26','2014-02-17 04:21:23'),(17,94,3,'2014-04-28 10:31:06','2016-01-01 08:12:00','2018-12-18 04:59:19'),(18,18,1,'2018-08-22 07:34:38','2012-09-17 02:41:23','2013-08-06 23:13:10'),(18,69,3,'2016-06-20 16:01:02','2015-09-28 20:46:40','2011-05-30 03:12:43'),(19,53,2,'2016-05-06 01:45:32','2017-09-05 02:07:17','2018-03-31 19:10:58'),(19,75,1,'2021-02-09 02:25:01','2014-09-23 19:48:12','2013-01-11 15:20:04'),(20,24,3,'2019-12-08 06:49:35','2015-08-10 02:47:33','2012-05-26 07:15:35'),(20,33,1,'2021-05-28 21:58:23','2021-05-28 21:58:23','2021-05-28 21:58:23'),(20,71,3,'2021-05-28 21:58:20','2021-05-28 21:58:20','2021-05-28 21:58:20'),(20,74,2,'2013-09-27 15:27:52','2020-02-12 21:09:13','2019-09-10 02:58:53'),(21,24,3,'2018-03-19 04:30:22','2021-02-25 03:14:54','2012-02-25 14:54:45'),(21,100,1,'2016-09-05 07:01:12','2015-06-28 01:35:50','2015-08-13 23:56:02'),(22,35,1,'2013-02-25 01:11:37','2014-08-01 01:52:56','2021-02-23 14:37:24'),(22,55,2,'2012-01-03 10:40:45','2018-01-09 05:35:56','2013-07-04 11:26:21'),(23,61,2,'2011-06-08 04:29:21','2015-12-13 16:58:41','2020-06-28 07:31:47'),(23,97,3,'2017-09-20 04:45:13','2013-08-01 01:42:59','2017-08-16 03:00:28'),(24,29,3,'2021-05-28 21:58:18','2021-05-28 21:58:18','2021-05-28 21:58:18'),(24,34,1,'2021-02-08 04:14:54','2017-10-10 16:50:51','2019-12-27 19:47:49'),(24,57,3,'2013-10-31 08:19:38','2011-12-24 12:48:26','2011-12-02 21:26:26'),(25,2,2,'2011-08-06 17:57:52','2019-04-05 04:35:28','2016-09-17 09:17:37'),(25,46,1,'2015-03-31 06:38:47','2018-01-04 04:37:25','2020-02-11 16:46:51'),(25,50,3,'2021-05-28 21:58:44','2021-05-28 21:58:44','2021-05-28 21:58:44'),(26,25,2,'2021-05-28 21:58:17','2021-05-28 21:58:17','2021-05-28 21:58:17'),(26,52,3,'2016-06-24 15:01:08','2013-08-24 14:19:29','2013-07-10 01:30:54'),(26,90,2,'2018-10-23 08:24:49','2018-11-29 04:08:36','2015-07-07 14:16:56'),(27,54,3,'2021-05-28 21:58:20','2021-05-28 21:58:20','2021-05-28 21:58:20'),(27,90,3,'2020-11-20 18:59:11','2016-04-18 04:39:16','2014-02-02 04:43:53'),(27,98,1,'2012-06-02 14:33:25','2018-01-15 21:56:23','2013-12-23 13:50:40'),(28,33,1,'2020-02-10 19:53:29','2021-03-15 10:59:55','2016-06-07 18:44:07'),(28,97,2,'2012-08-07 17:29:14','2019-08-17 15:11:49','2019-04-16 22:08:12'),(29,49,3,'2020-04-12 17:46:26','2016-03-12 06:28:54','2015-03-14 23:22:28'),(29,86,2,'2020-02-24 04:38:06','2018-02-15 13:31:21','2016-12-06 21:08:51'),(30,15,3,'2021-05-28 21:58:23','2021-05-28 21:58:23','2021-05-28 21:58:23'),(30,69,1,'2014-08-26 20:38:36','2015-03-22 08:22:28','2011-12-10 12:12:05'),(30,93,3,'2016-11-27 02:46:02','2017-06-06 03:24:36','2019-10-11 23:35:18'),(31,27,1,'2018-09-22 16:00:13','2017-05-25 07:06:24','2015-11-26 21:22:00'),(31,58,2,'2016-02-24 01:26:50','2013-07-29 07:45:11','2016-01-20 20:23:51'),(32,64,3,'2020-02-06 23:53:34','2018-11-07 01:00:47','2019-05-11 13:00:17'),(32,72,2,'2021-04-28 00:50:04','2019-04-14 11:19:14','2015-06-29 03:11:15'),(33,12,3,'2013-01-27 01:12:10','2018-01-03 15:46:28','2018-07-16 07:49:11'),(33,53,1,'2012-09-25 03:20:39','2016-08-16 15:04:23','2016-06-03 05:13:09'),(34,30,2,'2012-05-30 09:14:31','2020-05-06 15:40:04','2021-04-25 23:39:20'),(34,49,2,'2021-05-28 21:58:23','2021-05-28 21:58:23','2021-05-28 21:58:23'),(34,52,2,'2021-05-28 21:58:22','2021-05-28 21:58:22','2021-05-28 21:58:22'),(34,62,1,'2013-12-30 09:59:35','2014-07-27 10:24:48','2021-05-01 00:30:11'),(35,23,2,'2011-09-28 06:10:29','2020-02-14 00:34:51','2017-03-14 00:19:05'),(35,44,3,'2018-08-10 22:27:57','2011-11-21 18:37:32','2020-05-17 01:19:15'),(36,12,3,'2018-01-03 08:27:50','2013-05-03 18:34:11','2012-02-10 18:06:20'),(36,69,1,'2020-09-14 18:34:08','2017-07-02 03:09:29','2020-08-12 05:45:15'),(37,78,1,'2011-12-19 01:13:49','2019-11-09 04:00:04','2016-11-18 15:15:44'),(37,95,2,'2018-12-08 11:26:14','2015-03-21 12:17:22','2017-10-08 16:33:01'),(38,74,3,'2011-09-22 18:11:42','2014-01-14 19:50:20','2017-01-24 13:04:11'),(38,80,2,'2021-04-13 07:06:07','2012-08-17 12:14:19','2019-06-05 06:27:58'),(39,14,1,'2017-01-09 04:02:30','2018-08-26 05:43:16','2014-07-29 21:15:22'),(39,59,3,'2017-01-12 14:15:20','2014-07-05 23:02:20','2015-05-04 07:47:34'),(40,14,2,'2020-01-12 21:21:21','2019-09-18 19:07:06','2017-01-23 18:25:56'),(40,16,2,'2021-05-28 21:58:19','2021-05-28 21:58:19','2021-05-28 21:58:19'),(40,17,2,'2021-05-28 21:58:21','2021-05-28 21:58:21','2021-05-28 21:58:21'),(40,44,1,'2019-08-02 17:52:03','2017-02-21 15:19:40','2015-11-09 07:00:19'),(40,84,3,'2021-05-28 21:58:22','2021-05-28 21:58:22','2021-05-28 21:58:22'),(41,29,2,'2017-07-05 12:59:30','2015-02-09 23:27:09','2020-05-13 00:21:12'),(41,46,3,'2018-09-26 01:19:04','2020-10-20 04:14:30','2018-10-12 15:00:32'),(42,26,1,'2014-03-04 04:23:04','2018-01-10 01:13:18','2020-09-11 16:27:24'),(42,44,3,'2021-05-28 21:58:19','2021-05-28 21:58:19','2021-05-28 21:58:19'),(42,49,3,'2016-02-18 12:53:00','2012-07-22 04:39:08','2012-06-08 20:35:45'),(43,14,2,'2014-05-31 03:24:04','2015-07-08 19:05:14','2012-07-08 23:20:39'),(43,39,1,'2014-12-05 05:22:25','2017-11-06 14:36:15','2014-10-23 18:16:05'),(44,22,3,'2012-03-08 04:48:22','2016-06-09 15:24:48','2017-10-29 08:04:20'),(44,44,2,'2016-08-08 13:36:53','2015-05-20 12:22:19','2011-11-13 13:34:50'),(45,27,1,'2021-01-05 15:27:38','2016-09-23 21:53:30','2013-07-04 00:34:59'),(45,61,3,'2017-05-11 11:07:51','2021-04-27 21:35:04','2012-12-30 13:38:31'),(46,13,2,'2015-07-11 17:10:43','2016-11-11 06:57:05','2019-08-31 21:02:39'),(46,52,1,'2021-05-28 21:58:20','2021-05-28 21:58:20','2021-05-28 21:58:20'),(46,54,1,'2019-08-30 09:50:42','2017-12-27 20:52:29','2020-05-14 14:53:47'),(47,32,3,'2014-06-13 16:17:38','2019-09-22 03:16:53','2014-03-31 02:07:40'),(47,51,2,'2021-02-10 01:19:47','2019-03-26 21:53:41','2017-06-07 12:34:42'),(48,1,3,'2019-07-19 19:07:45','2016-09-16 02:55:48','2016-09-21 18:13:47'),(48,41,2,'2021-05-28 21:58:22','2021-05-28 21:58:22','2021-05-28 21:58:22'),(48,82,1,'2019-08-28 03:21:04','2014-04-21 02:53:35','2017-08-28 18:01:52'),(48,99,2,'2021-05-28 21:58:24','2021-05-28 21:58:24','2021-05-28 21:58:24'),(49,37,2,'2018-05-01 05:39:34','2014-12-08 01:29:51','2011-12-28 12:13:14'),(49,59,1,'2020-07-08 06:50:26','2012-09-13 09:10:35','2016-08-08 04:39:18'),(50,11,3,'2019-02-01 11:13:47','2012-03-21 10:08:09','2012-09-06 16:39:01'),(50,15,1,'2021-05-28 21:58:18','2021-05-28 21:58:18','2021-05-28 21:58:18'),(50,76,2,'2019-12-23 18:53:22','2014-03-13 04:11:59','2014-03-03 08:43:07'),(51,31,1,'2014-02-02 00:05:25','2011-07-17 09:37:59','2014-11-29 19:18:08'),(51,98,3,'2012-11-15 11:58:54','2016-10-24 09:49:24','2013-08-13 16:17:30'),(52,25,1,'2020-02-19 20:09:44','2013-08-24 17:45:07','2015-07-26 12:13:39'),(52,71,2,'2013-02-04 21:00:52','2012-01-23 13:43:27','2017-10-29 21:25:05'),(53,13,2,'2016-09-13 02:26:38','2015-04-24 11:56:41','2015-12-30 07:56:02'),(53,77,3,'2014-12-05 00:48:40','2014-01-16 23:52:25','2014-07-01 04:33:45'),(53,85,2,'2021-05-28 21:58:21','2021-05-28 21:58:21','2021-05-28 21:58:21'),(54,50,3,'2014-03-02 20:16:25','2020-02-27 10:52:23','2016-10-20 18:17:04'),(54,80,1,'2012-05-19 17:28:55','2013-04-17 08:32:39','2012-07-09 06:30:57'),(55,6,2,'2012-09-21 09:28:49','2015-02-13 18:16:17','2017-06-27 08:49:30'),(55,77,1,'2015-07-16 01:31:46','2018-06-06 07:42:27','2016-01-01 20:14:54'),(56,2,2,'2017-05-10 04:33:05','2020-09-19 16:38:50','2018-06-13 06:12:18'),(56,12,3,'2021-05-28 21:58:20','2021-05-28 21:58:20','2021-05-28 21:58:20'),(56,23,3,'2019-09-18 17:05:25','2016-04-07 03:52:08','2012-02-22 18:50:19'),(57,33,3,'2021-04-30 20:42:15','2015-05-27 19:39:15','2016-07-05 16:07:02'),(57,42,2,'2021-05-28 21:58:25','2021-05-28 21:58:25','2021-05-28 21:58:25'),(57,62,1,'2020-02-29 13:31:46','2021-03-09 00:46:00','2016-02-04 22:50:10'),(58,40,2,'2016-02-20 03:27:20','2019-06-13 04:52:33','2018-10-27 11:56:39'),(58,98,1,'2013-09-19 11:13:35','2020-06-01 03:25:58','2019-07-21 16:30:00'),(59,2,2,'2019-05-06 03:53:59','2020-10-25 22:05:09','2011-05-23 17:52:35'),(59,82,1,'2021-05-28 21:58:24','2021-05-28 21:58:24','2021-05-28 21:58:24'),(59,83,2,'2021-05-28 21:58:22','2021-05-28 21:58:22','2021-05-28 21:58:22'),(59,97,3,'2015-08-23 19:44:43','2021-03-08 10:18:44','2018-04-09 02:10:56'),(60,43,2,'2021-05-28 21:58:24','2021-05-28 21:58:24','2021-05-28 21:58:24'),(60,47,3,'2020-10-19 15:52:12','2016-04-24 05:39:14','2012-02-22 02:25:30'),(60,51,1,'2012-07-19 14:13:16','2014-03-02 04:24:59','2016-08-29 10:31:08'),(61,26,2,'2021-05-28 21:58:25','2021-05-28 21:58:25','2021-05-28 21:58:25'),(61,74,2,'2012-01-28 01:24:52','2019-01-17 12:30:31','2016-09-15 01:47:01'),(61,97,1,'2012-08-14 05:33:40','2020-03-24 06:38:56','2013-07-29 22:09:57'),(62,65,3,'2020-07-23 21:09:31','2016-11-26 14:30:00','2016-05-05 06:19:09'),(62,71,2,'2019-04-23 06:38:06','2013-07-12 18:33:58','2018-10-13 22:25:50'),(63,60,1,'2020-02-18 18:49:47','2014-04-20 09:32:46','2013-02-16 06:07:06'),(63,61,3,'2019-06-21 08:26:18','2017-12-13 18:17:59','2015-12-21 08:44:27'),(64,3,2,'2014-06-16 07:08:41','2020-11-22 11:49:46','2016-12-15 15:15:35'),(64,24,1,'2021-05-28 21:58:25','2021-05-28 21:58:25','2021-05-28 21:58:25'),(64,40,1,'2019-02-28 02:26:28','2013-01-12 00:42:00','2015-07-08 09:27:22'),(65,13,3,'2019-05-07 08:29:12','2014-03-18 08:48:38','2020-08-25 23:33:31'),(65,20,2,'2018-12-25 05:32:23','2015-03-01 08:23:38','2011-09-03 02:19:33'),(66,25,1,'2020-03-06 08:47:38','2016-11-13 14:04:27','2012-02-22 17:57:22'),(66,71,3,'2014-12-26 02:24:48','2016-04-15 13:10:47','2021-02-22 16:14:03'),(67,13,2,'2012-05-26 16:20:22','2019-02-21 20:31:30','2016-10-20 00:10:38'),(67,84,1,'2017-04-04 21:59:18','2013-04-02 14:38:31','2020-06-26 20:03:15'),(68,28,3,'2012-07-23 11:24:05','2014-07-16 01:25:45','2013-02-25 19:04:10'),(68,57,2,'2016-03-26 11:40:13','2019-04-25 04:46:57','2011-12-20 05:15:12'),(69,41,1,'2019-06-19 18:56:00','2020-11-28 04:08:01','2013-05-05 10:58:09'),(69,46,3,'2014-02-04 01:01:35','2012-06-27 15:46:16','2019-08-06 15:45:20'),(70,24,1,'2011-11-12 06:03:06','2015-03-11 04:57:34','2012-12-22 21:48:44'),(70,54,2,'2021-05-28 21:58:21','2021-05-28 21:58:21','2021-05-28 21:58:21'),(70,89,2,'2011-08-12 07:00:16','2021-02-11 19:46:51','2017-10-22 09:58:25'),(70,100,3,'2021-05-28 21:58:19','2021-05-28 21:58:19','2021-05-28 21:58:19'),(71,5,1,'2021-05-28 21:58:24','2021-05-28 21:58:24','2021-05-28 21:58:24'),(71,53,2,'2018-07-03 02:58:24','2018-04-02 16:35:27','2017-12-16 15:08:52'),(71,57,3,'2017-06-24 20:50:59','2016-02-16 09:51:14','2016-04-19 03:16:47'),(71,77,3,'2021-05-28 21:58:22','2021-05-28 21:58:22','2021-05-28 21:58:22'),(72,24,1,'2016-02-24 02:04:54','2017-10-28 09:43:10','2015-01-07 17:08:16'),(72,26,1,'2021-05-28 21:58:23','2021-05-28 21:58:23','2021-05-28 21:58:23'),(72,89,3,'2015-05-12 23:20:28','2013-09-23 02:45:32','2018-06-08 01:28:15'),(73,63,2,'2015-09-02 01:29:17','2011-09-23 19:33:26','2011-09-14 02:33:24'),(73,72,1,'2018-10-31 19:25:25','2016-05-12 09:23:31','2019-10-19 19:27:07'),(74,93,2,'2014-08-29 16:10:36','2019-05-09 15:17:32','2018-04-07 19:20:42'),(74,95,3,'2019-01-30 06:52:19','2015-10-20 07:13:02','2020-01-31 04:49:00'),(74,97,2,'2021-05-28 21:58:18','2021-05-28 21:58:18','2021-05-28 21:58:18'),(75,6,3,'2015-01-08 21:29:37','2014-07-17 06:42:28','2015-03-15 00:01:25'),(75,84,1,'2011-11-05 05:57:34','2015-12-25 04:49:01','2019-07-21 07:00:59'),(76,55,1,'2018-02-28 07:47:34','2019-01-11 10:03:58','2015-02-25 17:48:06'),(76,56,2,'2021-05-28 21:58:39','2021-05-28 21:58:39','2021-05-28 21:58:39'),(76,63,2,'2014-09-29 21:16:01','2018-06-26 09:52:22','2013-11-30 03:05:49'),(77,31,2,'2017-05-24 10:30:37','2012-04-01 12:00:44','2014-04-09 06:24:44'),(77,55,3,'2011-10-05 13:31:43','2017-07-09 05:38:47','2014-08-03 05:44:07'),(78,50,3,'2014-06-15 08:22:29','2013-09-08 14:01:14','2015-03-04 13:59:31'),(78,81,1,'2013-01-08 01:58:02','2014-10-15 11:54:47','2017-03-02 12:10:47'),(79,14,2,'2019-02-16 17:28:23','2019-06-11 17:28:51','2020-08-15 06:08:07'),(79,47,1,'2019-03-31 17:19:12','2015-06-18 20:53:55','2012-07-31 23:16:35'),(80,71,3,'2019-10-07 10:47:03','2016-04-30 13:12:36','2017-10-26 02:35:39'),(80,96,2,'2014-04-05 09:13:41','2015-06-09 04:18:37','2012-07-10 19:03:37'),(81,33,3,'2020-01-14 06:33:08','2013-05-24 06:51:27','2013-07-04 20:03:07'),(81,78,1,'2015-07-28 01:24:34','2020-08-11 09:57:01','2019-01-08 19:22:59'),(82,11,1,'2021-05-28 21:58:21','2021-05-28 21:58:21','2021-05-28 21:58:21'),(82,52,1,'2015-06-10 21:57:31','2014-10-17 01:50:08','2016-07-20 20:06:35'),(82,73,2,'2018-09-24 08:44:09','2015-11-24 15:19:15','2014-01-08 09:29:51'),(83,5,2,'2019-01-24 22:31:52','2019-02-09 10:55:23','2014-08-24 13:38:53'),(83,97,3,'2017-12-08 20:29:41','2015-01-24 16:01:06','2011-06-12 09:39:30'),(84,53,1,'2016-10-01 08:31:52','2016-10-25 16:42:49','2013-07-25 11:22:13'),(84,54,3,'2012-12-26 18:06:01','2014-03-22 22:51:23','2021-01-26 07:42:55'),(85,42,1,'2016-08-24 20:41:09','2014-12-27 06:09:25','2016-11-25 04:33:06'),(85,74,2,'2014-02-11 07:28:54','2020-11-02 06:40:40','2012-07-15 22:14:34'),(85,87,3,'2021-05-28 21:58:23','2021-05-28 21:58:23','2021-05-28 21:58:23'),(86,12,2,'2014-11-13 11:49:01','2016-02-24 00:32:12','2017-09-21 01:17:07'),(86,76,3,'2018-09-06 21:49:43','2015-01-07 16:34:00','2017-01-16 02:23:57'),(87,15,1,'2012-10-15 11:33:46','2011-12-12 19:47:55','2012-12-28 16:17:58'),(87,84,3,'2019-06-01 18:50:30','2012-02-10 02:06:19','2016-05-30 19:41:31'),(87,99,1,'2021-05-28 21:58:25','2021-05-28 21:58:25','2021-05-28 21:58:25'),(88,1,2,'2016-06-04 01:55:55','2017-08-03 13:19:49','2014-05-08 07:12:14'),(88,15,1,'2021-05-28 21:58:18','2021-05-28 21:58:18','2021-05-28 21:58:18'),(88,88,1,'2012-11-07 00:44:56','2018-05-13 17:52:56','2019-11-12 22:22:11'),(89,31,2,'2013-08-10 21:05:19','2017-02-03 02:06:41','2011-08-23 01:08:05'),(89,85,3,'2012-01-08 12:57:24','2016-01-19 02:14:21','2021-05-03 11:05:22'),(90,31,3,'2017-08-24 23:58:54','2019-12-29 01:26:59','2013-05-13 06:45:59'),(90,34,1,'2011-10-20 15:18:53','2013-01-07 13:20:23','2017-06-30 16:59:15'),(90,76,1,'2021-05-28 21:58:20','2021-05-28 21:58:20','2021-05-28 21:58:20'),(91,37,1,'2020-04-20 04:14:03','2013-06-25 09:08:50','2019-03-08 01:11:29'),(91,42,2,'2021-05-28 21:58:21','2021-05-28 21:58:21','2021-05-28 21:58:21'),(91,64,2,'2012-11-30 10:31:58','2016-02-13 09:47:31','2013-03-07 13:53:07'),(92,71,3,'2012-12-26 07:55:14','2020-11-20 12:09:35','2014-01-24 21:33:14'),(92,76,2,'2018-09-21 10:44:42','2021-03-20 12:08:03','2019-01-04 11:10:21'),(93,16,1,'2015-12-13 02:14:24','2013-02-15 15:15:30','2019-12-02 02:46:39'),(93,39,3,'2020-10-10 04:25:32','2014-08-12 09:33:22','2021-04-02 18:06:34'),(94,12,1,'2015-07-14 00:42:52','2012-01-31 16:25:49','2013-12-24 09:48:21'),(94,59,2,'2020-10-29 07:55:42','2015-10-14 16:46:30','2019-07-22 04:21:48'),(95,29,2,'2014-03-05 10:51:16','2017-02-06 13:39:25','2019-07-27 17:40:43'),(95,49,3,'2020-05-04 12:59:38','2016-09-30 11:48:16','2020-05-24 11:52:22'),(96,24,3,'2019-07-28 11:46:43','2018-06-24 01:45:41','2013-02-07 22:50:02'),(96,77,1,'2017-05-28 03:24:02','2018-09-07 01:35:48','2014-11-09 09:45:27'),(97,12,1,'2014-05-17 16:05:07','2016-01-29 00:54:33','2020-07-05 20:38:54'),(97,26,2,'2021-05-28 21:58:40','2021-05-28 21:58:40','2021-05-28 21:58:40'),(97,53,2,'2016-05-18 06:18:26','2020-02-26 16:02:35','2019-01-30 01:29:20'),(97,77,3,'2021-05-28 21:58:43','2021-05-28 21:58:43','2021-05-28 21:58:43'),(98,9,3,'2021-02-03 13:32:16','2012-05-15 10:35:39','2013-05-25 16:12:07'),(98,17,2,'2012-07-16 06:36:22','2015-02-22 17:30:47','2011-12-09 18:58:33'),(99,30,1,'2021-04-24 16:52:48','2013-01-30 20:58:23','2020-02-24 06:13:20'),(99,39,3,'2019-03-18 16:06:57','2014-05-27 17:13:05','2021-02-20 08:46:18'),(100,81,1,'2018-03-08 13:07:26','2015-12-14 11:09:13','2012-08-19 11:16:59'),(100,97,2,'2016-01-27 18:38:55','2013-02-05 04:51:07','2015-04-29 09:45:43');
/*!40000 ALTER TABLE `friendship` ENABLE KEYS */;
UNLOCK TABLES;

--
-- Table structure for table `friendship_statuses`
--

DROP TABLE IF EXISTS `friendship_statuses`;
/*!40101 SET @saved_cs_client     = @@character_set_client */;
/*!50503 SET character_set_client = utf8mb4 */;
CREATE TABLE `friendship_statuses` (
  `id` int unsigned NOT NULL AUTO_INCREMENT COMMENT 'Идентификатор строки',
  `name` varchar(25) CHARACTER SET utf8mb4 COLLATE utf8mb4_unicode_ci NOT NULL COMMENT 'Название статуса',
  `created_at` datetime DEFAULT CURRENT_TIMESTAMP COMMENT 'Время создания строки',
  PRIMARY KEY (`id`),
  UNIQUE KEY `name` (`name`)
) ENGINE=InnoDB AUTO_INCREMENT=4 DEFAULT CHARSET=utf8mb4 COLLATE=utf8mb4_unicode_ci COMMENT='Статусы дружбы';
/*!40101 SET character_set_client = @saved_cs_client */;

--
-- Dumping data for table `friendship_statuses`
--

LOCK TABLES `friendship_statuses` WRITE;
/*!40000 ALTER TABLE `friendship_statuses` DISABLE KEYS */;
INSERT INTO `friendship_statuses` VALUES (1,' Rejected','2020-04-16 09:57:52'),(2,' Requested','2013-05-12 00:16:49'),(3,'Confirmed','2020-09-29 07:06:31');
/*!40000 ALTER TABLE `friendship_statuses` ENABLE KEYS */;
UNLOCK TABLES;

--
-- Table structure for table `games`
--

DROP TABLE IF EXISTS `games`;
/*!40101 SET @saved_cs_client     = @@character_set_client */;
/*!50503 SET character_set_client = utf8mb4 */;
CREATE TABLE `games` (
  `id` int unsigned NOT NULL AUTO_INCREMENT COMMENT 'Идентификатор строки',
  `name` varchar(100) CHARACTER SET utf8mb4 COLLATE utf8mb4_unicode_ci NOT NULL COMMENT 'Имя игры',
  `author_id` int unsigned NOT NULL COMMENT 'Автор игры',
  `genre_id` int unsigned NOT NULL COMMENT 'Жанр игры',
  `cost` int NOT NULL COMMENT 'Цена',
  `created_at` datetime DEFAULT CURRENT_TIMESTAMP COMMENT 'Дата выпуски игры',
  `updated_at` datetime DEFAULT CURRENT_TIMESTAMP ON UPDATE CURRENT_TIMESTAMP COMMENT 'Время обновления строки',
  PRIMARY KEY (`id`),
  UNIQUE KEY `name` (`name`),
  KEY `games_genre_idx` (`genre_id`),
  KEY `games_author_idx` (`author_id`),
  CONSTRAINT `author_id_from_authors_id_fk` FOREIGN KEY (`author_id`) REFERENCES `authors` (`id`),
  CONSTRAINT `genre_id_from_genres_id_fk` FOREIGN KEY (`genre_id`) REFERENCES `genres` (`id`) ON DELETE CASCADE
) ENGINE=InnoDB AUTO_INCREMENT=51 DEFAULT CHARSET=utf8mb4 COLLATE=utf8mb4_unicode_ci COMMENT='игры';
/*!40101 SET character_set_client = @saved_cs_client */;

--
-- Dumping data for table `games`
--

LOCK TABLES `games` WRITE;
/*!40000 ALTER TABLE `games` DISABLE KEYS */;
INSERT INTO `games` VALUES (1,'aperiam_game',1,1,87,'2014-10-26 13:13:27','2021-05-28 21:50:10'),(2,'atque_game',2,2,28,'2020-09-29 02:06:46','2021-05-28 21:50:10'),(3,'deserunt_game',3,3,85,'2017-12-25 16:02:45','2021-05-28 21:50:10'),(4,'deleniti_game',4,4,79,'2011-06-18 11:37:52','2021-05-28 21:50:10'),(5,'dignissimos_game',5,5,11,'2014-07-14 15:00:15','2021-05-28 21:50:10'),(6,'non_game',6,6,66,'2020-01-04 22:43:54','2021-05-28 21:50:10'),(7,'molestias_game',7,7,21,'2015-12-30 11:52:42','2021-05-28 21:50:10'),(8,'quasi_game',8,1,69,'2018-08-17 03:36:53','2021-05-28 21:50:10'),(9,'numquam_game',9,2,87,'2014-05-12 05:00:29','2021-05-28 21:50:10'),(10,'omnis_game',10,3,45,'2013-07-06 00:50:02','2021-05-28 21:50:10'),(11,'laboriosam_game',1,4,83,'2019-05-02 07:10:02','2021-05-28 21:50:10'),(12,'consequatur_game',2,5,10,'2019-10-17 19:50:16','2021-05-28 21:50:10'),(13,'id_game',3,6,91,'2017-10-04 03:37:20','2021-05-28 21:50:10'),(14,'nihil_game',4,7,77,'2011-10-17 20:13:59','2021-05-28 21:50:10'),(15,'dolor_game',5,1,55,'2017-02-06 23:25:38','2021-05-28 21:50:10'),(16,'dolorum_game',6,2,0,'2012-07-09 01:55:12','2021-05-28 21:50:10'),(17,'cum_game',7,3,22,'2020-05-23 01:04:34','2021-05-28 21:50:10'),(18,'assumenda_game',8,4,71,'2011-10-27 09:37:26','2021-05-28 21:50:10'),(19,'officiis_game',9,5,57,'2019-06-02 12:09:45','2021-05-28 21:50:10'),(20,'fuga_game',10,6,72,'2015-01-31 06:06:05','2021-05-28 21:50:10'),(21,'sunt_game',1,7,87,'2014-12-10 11:17:37','2021-05-28 21:50:10'),(22,'sed_game',2,1,89,'2020-01-30 06:59:44','2021-05-28 21:50:10'),(23,'enim_game',3,2,30,'2016-06-23 02:17:45','2021-05-28 21:50:10'),(24,'et_game',4,3,85,'2015-09-02 08:29:50','2021-05-28 21:50:10'),(25,'qui_game',5,4,34,'2014-10-02 09:36:20','2021-05-28 21:50:10'),(26,'soluta_game',6,5,17,'2020-01-27 04:39:59','2021-05-28 21:50:10'),(27,'minus_game',7,6,36,'2018-03-21 01:13:45','2021-05-28 21:50:10'),(28,'quidem_game',8,7,92,'2013-07-18 19:09:34','2021-05-28 21:50:10'),(29,'est_game',9,1,83,'2016-01-11 15:13:16','2021-05-28 21:50:10'),(30,'autem_game',10,2,63,'2019-06-21 07:23:07','2021-05-28 21:50:10'),(31,'earum_game',1,3,69,'2011-06-10 09:12:03','2021-05-28 21:50:10'),(32,'laudantium_game',2,4,49,'2017-09-02 02:42:21','2021-05-28 21:50:10'),(33,'culpa_game',3,5,57,'2016-09-24 06:41:54','2021-05-28 21:50:10'),(34,'temporibus_game',4,6,79,'2019-11-04 07:40:59','2021-05-28 21:50:10'),(35,'ex_game',5,7,88,'2020-08-24 00:24:10','2021-05-28 21:50:10'),(36,'rem_game',6,1,76,'2020-11-18 19:19:00','2021-05-28 21:50:10'),(37,'doloribus_game',7,2,12,'2015-04-13 21:57:50','2021-05-28 21:50:10'),(38,'quo_game',8,3,33,'2015-07-19 02:08:23','2021-05-28 21:50:10'),(39,'nulla_game',9,4,89,'2018-04-27 21:28:25','2021-05-28 21:50:10'),(40,'ea_game',10,5,29,'2018-03-06 11:58:50','2021-05-28 21:50:10'),(41,'fugit_game',1,6,45,'2011-09-26 12:43:57','2021-05-28 21:50:10'),(42,'consequuntur_game',2,7,41,'2020-03-05 03:57:44','2021-05-28 21:50:10'),(43,'incidunt_game',3,1,70,'2020-08-29 08:11:54','2021-05-28 21:50:10'),(44,'suscipit_game',4,2,25,'2012-05-26 08:02:15','2021-05-28 21:50:10'),(45,'error_game',5,3,24,'2015-04-09 15:53:11','2021-05-28 21:50:10'),(46,'praesentium_game',6,4,19,'2018-01-11 20:52:01','2021-05-28 21:50:10'),(47,'ducimus_game',7,5,90,'2020-08-12 18:41:17','2021-05-28 21:50:10'),(48,'dicta_game',8,6,40,'2021-02-20 23:27:30','2021-05-28 21:50:10'),(49,'debitis_game',9,7,18,'2011-11-05 04:30:56','2021-05-28 21:50:10'),(50,'iste_game',10,1,34,'2017-05-09 23:20:31','2021-05-28 21:50:10');
/*!40000 ALTER TABLE `games` ENABLE KEYS */;
UNLOCK TABLES;

--
-- Table structure for table `genres`
--

DROP TABLE IF EXISTS `genres`;
/*!40101 SET @saved_cs_client     = @@character_set_client */;
/*!50503 SET character_set_client = utf8mb4 */;
CREATE TABLE `genres` (
  `id` int unsigned NOT NULL AUTO_INCREMENT COMMENT 'Идентификатор строки',
  `name` varchar(25) CHARACTER SET utf8mb4 COLLATE utf8mb4_unicode_ci NOT NULL COMMENT 'Жанр игры',
  `created_at` datetime DEFAULT CURRENT_TIMESTAMP COMMENT 'Время создания строки',
  PRIMARY KEY (`id`),
  UNIQUE KEY `name` (`name`)
) ENGINE=InnoDB AUTO_INCREMENT=8 DEFAULT CHARSET=utf8mb4 COLLATE=utf8mb4_unicode_ci COMMENT='Жанр';
/*!40101 SET character_set_client = @saved_cs_client */;

--
-- Dumping data for table `genres`
--

LOCK TABLES `genres` WRITE;
/*!40000 ALTER TABLE `genres` DISABLE KEYS */;
INSERT INTO `genres` VALUES (1,' Racing','2013-09-09 03:02:48'),(2,' Sport','2017-05-16 19:58:59'),(3,' Fighting','2019-08-05 15:54:26'),(4,' Puzzle','2014-09-03 10:42:25'),(5,' Strategy','2018-11-03 20:14:36'),(6,'Action','2016-10-13 09:22:07'),(7,' Adventure','2017-01-10 16:51:29');
/*!40000 ALTER TABLE `genres` ENABLE KEYS */;
UNLOCK TABLES;

--
-- Table structure for table `likes`
--

DROP TABLE IF EXISTS `likes`;
/*!40101 SET @saved_cs_client     = @@character_set_client */;
/*!50503 SET character_set_client = utf8mb4 */;
CREATE TABLE `likes` (
  `id` int unsigned NOT NULL AUTO_INCREMENT,
  `user_id` int unsigned NOT NULL COMMENT 'Ссылка на автор like',
  `target_type` enum('screenshots','games') CHARACTER SET utf8mb4 COLLATE utf8mb4_unicode_ci NOT NULL COMMENT 'В таблицу target_type',
  `target_id` int unsigned NOT NULL COMMENT 'id в таблице target_type',
  `created_at` datetime DEFAULT CURRENT_TIMESTAMP COMMENT 'Время создания строки',
  PRIMARY KEY (`id`),
  KEY `likes_user_id_from_users_id_fk` (`user_id`),
  CONSTRAINT `likes_user_id_from_users_id_fk` FOREIGN KEY (`user_id`) REFERENCES `users` (`id`) ON DELETE CASCADE
) ENGINE=InnoDB AUTO_INCREMENT=303 DEFAULT CHARSET=utf8mb4 COLLATE=utf8mb4_unicode_ci COMMENT='Likes table';
/*!40101 SET character_set_client = @saved_cs_client */;

--
-- Dumping data for table `likes`
--

LOCK TABLES `likes` WRITE;
/*!40000 ALTER TABLE `likes` DISABLE KEYS */;
INSERT INTO `likes` VALUES (1,1,'games',44,'2017-12-21 13:52:42'),(2,2,'screenshots',91,'2018-02-16 09:33:48'),(3,3,'games',48,'2012-04-12 07:46:25'),(4,4,'screenshots',36,'2019-07-11 23:48:14'),(5,5,'games',5,'2011-05-31 21:00:50'),(6,6,'screenshots',12,'2016-07-01 19:02:15'),(7,7,'games',33,'2012-05-21 23:06:09'),(8,8,'games',47,'2016-05-05 16:06:30'),(9,9,'games',37,'2016-11-24 07:59:09'),(10,10,'games',42,'2018-08-09 01:10:35'),(11,11,'games',49,'2019-02-02 17:54:54'),(12,12,'games',20,'2011-10-10 01:16:30'),(13,13,'screenshots',199,'2017-02-06 19:18:06'),(14,14,'games',2,'2018-03-08 16:08:20'),(15,15,'games',47,'2011-06-09 21:02:56'),(16,16,'screenshots',95,'2017-05-02 11:18:12'),(17,17,'games',30,'2020-09-17 00:46:27'),(18,18,'screenshots',155,'2019-09-21 05:46:11'),(19,19,'games',10,'2019-03-22 20:56:50'),(20,20,'screenshots',164,'2021-02-25 02:43:56'),(21,21,'games',7,'2013-06-12 02:21:47'),(22,22,'games',7,'2015-12-04 02:23:02'),(23,23,'screenshots',154,'2016-12-28 13:30:51'),(24,24,'screenshots',78,'2019-06-27 03:56:18'),(25,25,'screenshots',63,'2019-04-27 09:23:17'),(26,26,'games',13,'2014-06-26 15:03:22'),(27,27,'screenshots',69,'2013-10-03 12:33:06'),(28,28,'games',41,'2015-04-22 21:59:08'),(29,29,'games',19,'2015-10-27 10:31:48'),(30,30,'screenshots',44,'2021-01-26 02:14:47'),(31,31,'games',20,'2012-05-18 00:29:47'),(32,32,'games',44,'2018-03-11 04:09:02'),(33,33,'screenshots',197,'2015-08-11 16:55:57'),(34,34,'games',7,'2019-03-15 00:46:06'),(35,35,'games',5,'2021-04-08 20:49:11'),(36,36,'games',2,'2015-06-20 05:04:47'),(37,37,'games',45,'2016-02-19 01:15:31'),(38,38,'games',20,'2013-11-04 16:38:30'),(39,39,'games',11,'2019-12-27 06:34:16'),(40,40,'screenshots',62,'2017-03-12 01:36:45'),(41,41,'screenshots',190,'2014-11-14 16:44:30'),(42,42,'games',48,'2017-12-11 09:41:41'),(43,43,'screenshots',71,'2012-09-11 17:11:42'),(44,44,'games',5,'2020-01-07 02:18:57'),(45,45,'games',31,'2013-05-26 06:20:50'),(46,46,'screenshots',122,'2012-10-10 06:35:38'),(47,47,'games',38,'2016-12-09 21:51:44'),(48,48,'games',49,'2020-12-20 14:54:47'),(49,49,'screenshots',1,'2016-10-14 05:30:40'),(50,50,'games',28,'2016-01-26 05:00:10'),(51,51,'games',44,'2018-02-19 21:14:08'),(52,52,'games',34,'2011-09-11 22:17:31'),(53,53,'games',40,'2011-08-26 04:36:12'),(54,54,'games',47,'2014-08-07 14:28:55'),(55,55,'screenshots',176,'2011-05-28 17:37:33'),(56,56,'screenshots',146,'2011-08-07 20:37:02'),(57,57,'games',16,'2013-11-09 06:55:42'),(58,58,'screenshots',64,'2013-09-26 06:32:53'),(59,59,'screenshots',1,'2021-03-29 09:15:23'),(60,60,'games',37,'2017-07-29 17:13:25'),(61,61,'games',37,'2014-12-19 17:44:06'),(62,62,'screenshots',6,'2019-01-27 06:35:24'),(63,63,'games',24,'2015-11-29 01:21:00'),(64,64,'screenshots',146,'2011-08-12 07:54:55'),(65,65,'games',8,'2017-10-07 11:31:41'),(66,66,'games',16,'2019-10-08 22:56:47'),(67,67,'screenshots',52,'2014-06-01 16:17:26'),(68,68,'games',5,'2016-05-03 21:16:13'),(69,69,'screenshots',173,'2018-05-30 06:26:43'),(70,70,'screenshots',57,'2020-10-31 13:46:49'),(71,71,'screenshots',151,'2012-12-12 22:12:44'),(72,72,'games',28,'2013-07-08 00:55:30'),(73,73,'screenshots',101,'2015-03-28 03:28:44'),(74,74,'games',26,'2013-07-23 01:57:25'),(75,75,'games',43,'2015-06-22 07:00:52'),(76,76,'games',38,'2011-09-09 14:09:30'),(77,77,'games',12,'2011-09-04 08:18:34'),(78,78,'games',44,'2014-01-01 04:17:18'),(79,79,'screenshots',159,'2013-01-01 19:27:46'),(80,80,'screenshots',110,'2016-04-20 09:23:08'),(81,81,'screenshots',85,'2017-10-23 03:18:39'),(82,82,'screenshots',124,'2015-03-18 17:52:14'),(83,83,'games',33,'2012-07-04 21:37:30'),(84,84,'screenshots',82,'2012-08-08 20:58:36'),(85,85,'screenshots',86,'2014-10-28 01:07:38'),(86,86,'screenshots',77,'2019-05-26 02:15:08'),(87,87,'games',35,'2017-02-25 05:53:14'),(88,88,'games',22,'2018-04-26 12:38:52'),(89,89,'games',6,'2011-08-09 10:32:45'),(90,90,'games',13,'2015-07-22 02:17:56'),(91,91,'games',46,'2020-07-29 21:04:43'),(92,92,'games',40,'2015-04-02 12:20:48'),(93,93,'screenshots',2,'2013-11-11 22:46:12'),(94,94,'screenshots',117,'2020-04-22 14:26:35'),(95,95,'screenshots',155,'2017-08-23 04:57:36'),(96,96,'games',14,'2020-09-08 01:57:59'),(97,97,'screenshots',100,'2018-10-07 20:42:33'),(98,98,'games',49,'2019-12-29 04:01:46'),(99,99,'games',3,'2021-03-18 05:09:05'),(100,100,'games',18,'2019-10-15 23:14:37'),(101,1,'screenshots',137,'2015-06-22 01:32:21'),(102,2,'screenshots',195,'2019-10-16 21:01:36'),(103,3,'screenshots',15,'2014-02-09 23:21:34'),(104,4,'games',31,'2012-05-12 13:05:48'),(105,5,'games',2,'2012-09-26 01:32:58'),(106,6,'games',14,'2020-10-12 06:57:00'),(107,7,'screenshots',41,'2019-03-17 21:55:22'),(108,8,'screenshots',41,'2019-02-22 01:13:28'),(109,9,'screenshots',110,'2012-06-17 16:37:12'),(110,10,'games',12,'2018-01-02 08:45:30'),(111,11,'screenshots',24,'2015-06-07 13:32:36'),(112,12,'games',19,'2013-02-17 20:19:01'),(113,13,'screenshots',86,'2012-10-08 06:03:18'),(114,14,'games',10,'2013-12-11 13:48:46'),(115,15,'screenshots',112,'2013-01-31 06:07:40'),(116,16,'screenshots',116,'2012-05-03 02:27:04'),(117,17,'games',42,'2013-01-14 06:55:07'),(118,18,'screenshots',133,'2016-08-08 14:55:21'),(119,19,'screenshots',70,'2016-03-23 02:37:22'),(120,20,'screenshots',92,'2013-02-19 15:02:35'),(121,21,'games',30,'2012-01-31 13:08:44'),(122,22,'games',23,'2015-12-13 19:17:24'),(123,23,'screenshots',85,'2011-11-14 20:08:12'),(124,24,'games',27,'2020-06-29 15:32:31'),(125,25,'games',12,'2015-04-12 22:19:43'),(126,26,'screenshots',10,'2020-02-12 01:57:24'),(127,27,'games',28,'2015-05-21 22:22:12'),(128,28,'games',5,'2016-06-05 18:07:50'),(129,29,'screenshots',42,'2015-09-22 03:44:41'),(130,30,'screenshots',45,'2012-05-14 04:48:39'),(131,31,'screenshots',32,'2013-07-15 10:02:01'),(132,32,'screenshots',123,'2018-01-22 13:07:40'),(133,33,'screenshots',68,'2016-04-06 13:23:38'),(134,34,'screenshots',71,'2014-12-06 13:23:38'),(135,35,'screenshots',183,'2021-05-05 13:15:44'),(136,36,'screenshots',79,'2013-11-17 01:59:45'),(137,37,'screenshots',55,'2012-12-01 18:44:00'),(138,38,'games',39,'2019-11-11 07:51:02'),(139,39,'screenshots',136,'2017-10-31 09:00:03'),(140,40,'screenshots',70,'2021-01-25 15:57:47'),(141,41,'games',30,'2019-10-09 16:31:35'),(142,42,'games',34,'2015-05-05 08:35:32'),(143,43,'games',27,'2013-05-31 05:06:23'),(144,44,'games',33,'2016-06-06 13:14:25'),(145,45,'screenshots',74,'2014-05-22 14:36:28'),(146,46,'screenshots',140,'2021-01-22 23:19:37'),(147,47,'screenshots',27,'2019-07-19 02:18:21'),(148,48,'screenshots',185,'2018-04-19 18:31:47'),(149,49,'games',34,'2015-11-12 14:03:01'),(150,50,'screenshots',134,'2021-03-26 16:01:28'),(151,51,'games',23,'2019-08-31 09:10:49'),(152,52,'games',9,'2018-01-29 14:10:58'),(153,53,'games',27,'2017-03-26 15:24:51'),(154,54,'screenshots',124,'2012-12-13 14:05:31'),(155,55,'screenshots',189,'2011-09-19 22:46:49'),(156,56,'screenshots',136,'2012-09-08 10:21:00'),(157,57,'games',7,'2018-05-16 12:32:42'),(158,58,'games',3,'2019-01-06 21:07:23'),(159,59,'screenshots',35,'2020-10-28 06:54:28'),(160,60,'games',45,'2012-08-04 22:35:02'),(161,61,'screenshots',184,'2017-01-26 23:04:19'),(162,62,'screenshots',184,'2018-02-18 17:31:24'),(163,63,'games',13,'2019-03-10 06:42:14'),(164,64,'screenshots',107,'2018-06-12 07:18:41'),(165,65,'screenshots',32,'2016-08-01 18:41:17'),(166,66,'games',32,'2012-06-23 08:03:24'),(167,67,'games',20,'2012-06-16 21:34:45'),(168,68,'games',4,'2019-04-23 12:42:42'),(169,69,'screenshots',122,'2013-04-24 04:07:13'),(170,70,'games',9,'2019-11-20 09:15:26'),(171,71,'games',32,'2020-11-09 20:25:43'),(172,72,'screenshots',59,'2021-05-18 02:33:21'),(173,73,'games',35,'2015-10-23 03:42:40'),(174,74,'games',26,'2020-10-02 10:29:59'),(175,75,'screenshots',157,'2017-06-02 23:46:27'),(176,76,'screenshots',96,'2012-10-15 16:06:43'),(177,77,'screenshots',174,'2013-08-16 04:22:23'),(178,78,'games',24,'2012-02-27 21:01:44'),(179,79,'games',43,'2019-10-26 15:59:33'),(180,80,'games',41,'2019-03-31 12:54:38'),(181,81,'games',25,'2018-12-22 10:07:27'),(182,82,'screenshots',23,'2012-04-19 08:10:43'),(183,83,'games',3,'2014-05-16 15:41:24'),(184,84,'games',39,'2014-02-14 12:33:53'),(185,85,'games',34,'2018-06-05 18:40:46'),(186,86,'screenshots',69,'2019-04-18 07:25:50'),(187,87,'screenshots',86,'2012-03-24 22:50:43'),(188,88,'games',4,'2020-08-02 21:47:49'),(189,89,'screenshots',61,'2020-08-04 23:45:03'),(190,90,'games',19,'2012-09-22 17:04:07'),(191,91,'games',31,'2016-05-14 11:24:01'),(192,92,'screenshots',135,'2013-07-28 13:05:28'),(193,93,'games',47,'2014-09-06 15:31:46'),(194,94,'screenshots',93,'2012-03-12 19:35:07'),(195,95,'screenshots',159,'2020-11-19 06:46:44'),(196,96,'screenshots',72,'2011-11-12 17:58:33'),(197,97,'screenshots',103,'2020-12-10 06:34:26'),(198,98,'games',43,'2015-03-04 15:03:50'),(199,99,'games',22,'2018-10-13 23:48:26'),(200,100,'screenshots',73,'2015-07-12 17:35:06'),(201,1,'games',32,'2013-06-19 04:06:47'),(202,2,'games',42,'2012-04-22 13:37:28'),(203,3,'games',12,'2015-06-12 10:12:18'),(204,4,'screenshots',41,'2012-05-04 11:36:02'),(205,5,'games',35,'2020-07-07 10:00:32'),(206,6,'games',39,'2013-11-24 02:30:36'),(207,7,'screenshots',30,'2011-11-26 22:48:34'),(208,8,'screenshots',67,'2014-06-24 08:48:16'),(209,9,'screenshots',26,'2020-07-02 02:12:57'),(210,10,'games',41,'2019-11-22 21:04:09'),(211,11,'games',37,'2013-03-09 10:48:30'),(212,12,'games',12,'2019-08-18 11:24:30'),(213,13,'games',49,'2018-02-07 12:53:05'),(214,14,'games',8,'2019-11-06 13:59:50'),(215,15,'games',41,'2012-12-28 07:29:37'),(216,16,'screenshots',130,'2016-10-29 20:50:59'),(217,17,'games',32,'2017-07-22 10:06:27'),(218,18,'screenshots',199,'2012-08-18 16:34:50'),(219,19,'screenshots',164,'2013-10-05 12:06:43'),(220,20,'games',35,'2013-12-26 01:14:21'),(221,21,'games',29,'2018-10-23 23:57:01'),(222,22,'games',40,'2018-11-21 08:22:46'),(223,23,'games',13,'2018-12-30 19:36:25'),(224,24,'games',45,'2020-11-08 19:58:34'),(225,25,'games',33,'2012-12-23 04:31:09'),(226,26,'games',29,'2021-04-20 17:58:07'),(227,27,'games',48,'2019-11-22 11:20:08'),(228,28,'screenshots',19,'2014-09-16 02:40:16'),(229,29,'screenshots',81,'2013-08-18 07:59:35'),(230,30,'games',1,'2012-01-02 20:50:02'),(231,31,'screenshots',95,'2011-06-07 12:25:50'),(232,32,'screenshots',113,'2020-07-12 12:26:01'),(233,33,'screenshots',89,'2020-11-06 05:43:08'),(234,34,'screenshots',32,'2016-05-23 03:56:03'),(235,35,'screenshots',128,'2018-04-24 13:08:00'),(236,36,'games',9,'2013-12-08 14:08:41'),(237,37,'screenshots',72,'2014-07-27 03:34:41'),(238,38,'games',45,'2020-08-13 02:39:22'),(239,39,'screenshots',61,'2011-12-10 12:03:43'),(240,40,'screenshots',6,'2017-12-06 10:09:39'),(241,41,'games',45,'2019-12-13 13:39:51'),(242,42,'screenshots',23,'2011-12-04 09:54:00'),(243,43,'screenshots',163,'2016-10-10 23:22:44'),(244,44,'screenshots',191,'2013-12-01 02:41:53'),(245,45,'screenshots',8,'2015-10-05 13:14:14'),(246,46,'screenshots',1,'2017-04-12 02:06:37'),(247,47,'games',38,'2020-02-15 21:24:28'),(248,48,'games',7,'2013-07-08 09:38:18'),(249,49,'screenshots',69,'2014-08-31 18:21:28'),(250,50,'screenshots',77,'2019-05-03 01:53:08'),(251,51,'screenshots',95,'2016-05-16 06:36:09'),(252,52,'screenshots',195,'2016-04-30 15:39:11'),(253,53,'games',21,'2018-04-26 18:11:53'),(254,54,'screenshots',62,'2013-01-15 13:39:32'),(255,55,'games',31,'2019-05-12 12:24:42'),(256,56,'games',41,'2016-01-03 12:28:50'),(257,57,'games',12,'2012-11-05 16:06:42'),(258,58,'screenshots',10,'2020-04-22 17:48:24'),(259,59,'screenshots',36,'2018-05-03 01:41:41'),(260,60,'screenshots',20,'2021-03-25 01:37:50'),(261,61,'games',35,'2018-10-08 10:01:27'),(262,62,'games',41,'2011-09-21 13:47:29'),(263,63,'screenshots',54,'2016-06-26 11:21:52'),(264,64,'screenshots',159,'2020-05-07 18:12:22'),(265,65,'games',47,'2017-10-13 21:07:02'),(266,66,'screenshots',138,'2019-04-05 00:05:59'),(267,67,'screenshots',30,'2014-08-19 06:27:19'),(268,68,'games',12,'2012-08-11 10:25:26'),(269,69,'screenshots',196,'2016-03-25 07:34:31'),(270,70,'screenshots',135,'2017-07-27 17:18:16'),(271,71,'games',21,'2016-11-01 22:18:26'),(272,72,'games',17,'2015-04-21 10:27:10'),(273,73,'screenshots',107,'2011-10-11 06:57:27'),(274,74,'games',23,'2014-06-11 01:43:37'),(275,75,'games',13,'2012-08-31 04:41:14'),(276,76,'games',46,'2018-04-24 08:54:45'),(277,77,'screenshots',15,'2018-04-08 10:51:06'),(278,78,'games',40,'2012-06-01 21:25:12'),(279,79,'games',12,'2019-10-13 16:00:23'),(280,80,'screenshots',17,'2017-12-17 07:33:41'),(281,81,'games',38,'2014-12-22 10:44:46'),(282,82,'games',5,'2013-07-12 11:16:18'),(283,83,'screenshots',181,'2013-12-25 09:35:56'),(284,84,'games',9,'2018-05-14 21:39:58'),(285,85,'games',31,'2018-05-25 23:40:44'),(286,86,'screenshots',123,'2016-09-13 04:59:24'),(287,87,'screenshots',196,'2020-06-19 21:08:31'),(288,88,'games',25,'2011-06-09 05:26:06'),(289,89,'screenshots',147,'2016-01-06 12:58:39'),(290,90,'screenshots',157,'2011-09-30 01:10:29'),(291,91,'games',34,'2015-08-29 07:08:04'),(292,92,'screenshots',84,'2021-01-22 16:57:51'),(293,93,'games',43,'2014-03-15 08:32:55'),(294,94,'screenshots',199,'2013-07-05 08:35:15'),(295,95,'games',14,'2016-02-15 12:10:33'),(296,96,'games',39,'2011-08-04 06:03:55'),(297,97,'games',2,'2013-08-13 16:49:38'),(298,98,'screenshots',131,'2013-03-30 18:04:34'),(299,99,'screenshots',20,'2017-06-29 08:47:29'),(300,100,'screenshots',107,'2014-03-11 17:31:10'),(301,34,'games',50,'2021-05-28 21:51:12'),(302,34,'games',50,'2021-05-28 21:52:14');
/*!40000 ALTER TABLE `likes` ENABLE KEYS */;
UNLOCK TABLES;
/*!50003 SET @saved_cs_client      = @@character_set_client */ ;
/*!50003 SET @saved_cs_results     = @@character_set_results */ ;
/*!50003 SET @saved_col_connection = @@collation_connection */ ;
/*!50003 SET character_set_client  = utf8mb4 */ ;
/*!50003 SET character_set_results = utf8mb4 */ ;
/*!50003 SET collation_connection  = utf8mb4_0900_ai_ci */ ;
/*!50003 SET @saved_sql_mode       = @@sql_mode */ ;
/*!50003 SET sql_mode              = 'ONLY_FULL_GROUP_BY,STRICT_TRANS_TABLES,NO_ZERO_IN_DATE,NO_ZERO_DATE,ERROR_FOR_DIVISION_BY_ZERO,NO_ENGINE_SUBSTITUTION' */ ;
DELIMITER ;;
/*!50003 CREATE*/ /*!50017 DEFINER=`root`@`localhost`*/ /*!50003 TRIGGER `likes_validation` BEFORE INSERT ON `likes` FOR EACH ROW BEGIN
  IF NOT is_row_exists(NEW.target_id, NEW.target_type) THEN
    SIGNAL SQLSTATE "45000"
    SET MESSAGE_TEXT = "Error adding like! Target table doesn't contain row id provided!";
  END IF;
END */;;
DELIMITER ;
/*!50003 SET sql_mode              = @saved_sql_mode */ ;
/*!50003 SET character_set_client  = @saved_cs_client */ ;
/*!50003 SET character_set_results = @saved_cs_results */ ;
/*!50003 SET collation_connection  = @saved_col_connection */ ;

--
-- Table structure for table `messages`
--

DROP TABLE IF EXISTS `messages`;
/*!40101 SET @saved_cs_client     = @@character_set_client */;
/*!50503 SET character_set_client = utf8mb4 */;
CREATE TABLE `messages` (
  `id` int unsigned NOT NULL AUTO_INCREMENT COMMENT 'Идентификатор строки',
  `from_user_id` int unsigned NOT NULL COMMENT 'Ссылка на отправителя сообщения',
  `to_user_id` int unsigned NOT NULL COMMENT 'Ссылка на получателя сообщения',
  `body` text CHARACTER SET utf8mb4 COLLATE utf8mb4_unicode_ci NOT NULL COMMENT 'Текст сообщения',
  `is_important` tinyint(1) DEFAULT NULL COMMENT 'Признак важности',
  `is_delivered` tinyint(1) DEFAULT NULL COMMENT 'Признак доставки',
  `created_at` datetime DEFAULT CURRENT_TIMESTAMP COMMENT 'Время создания строки',
  PRIMARY KEY (`id`),
  KEY `messages_from_user_id_fk` (`from_user_id`),
  KEY `messages_to_user_id_fk` (`to_user_id`),
  CONSTRAINT `messages_from_user_id_fk` FOREIGN KEY (`from_user_id`) REFERENCES `users` (`id`),
  CONSTRAINT `messages_to_user_id_fk` FOREIGN KEY (`to_user_id`) REFERENCES `users` (`id`) ON DELETE CASCADE
) ENGINE=InnoDB AUTO_INCREMENT=201 DEFAULT CHARSET=utf8mb4 COLLATE=utf8mb4_unicode_ci COMMENT='Сообщения';
/*!40101 SET character_set_client = @saved_cs_client */;

--
-- Dumping data for table `messages`
--

LOCK TABLES `messages` WRITE;
/*!40000 ALTER TABLE `messages` DISABLE KEYS */;
INSERT INTO `messages` VALUES (1,1,55,'Reprehenderit quasi sequi deserunt. Fuga dolorum quo ipsum sit. Et ipsam ducimus dolores quia. Voluptates non recusandae corrupti quibusdam quisquam quaerat soluta neque.',0,0,'2017-03-19 21:14:37'),(2,2,84,'Impedit perspiciatis aut ducimus delectus iure molestias ut. Numquam ea eum sint pariatur similique. Distinctio iste possimus temporibus iusto enim.',1,0,'2012-08-10 08:33:35'),(3,3,100,'Veritatis saepe sed pariatur tempora dolorem nam ea impedit. Architecto sed repellat qui sapiente perspiciatis harum et. Incidunt sunt consequatur quod repudiandae ut aut quibusdam.',1,0,'2015-07-28 16:12:39'),(4,4,75,'Quisquam distinctio dicta et. Molestias ut culpa provident asperiores. Voluptatem rerum consequuntur maxime est hic.',1,0,'2016-07-28 12:58:35'),(5,5,23,'Nisi exercitationem assumenda explicabo magnam aspernatur ipsa nam. Vel harum eum ipsam ducimus in et aut. Dolor iure reprehenderit et ullam. Eveniet debitis provident quo molestiae quae.',1,0,'2020-08-18 10:13:35'),(6,6,25,'Dolorem dicta consequuntur facere minus. Asperiores enim quaerat occaecati voluptatem veritatis voluptas. Consequatur dolorem voluptatem consectetur velit omnis vel sit.',0,1,'2014-05-16 09:22:27'),(7,7,52,'Sed aut rem perspiciatis ducimus ad quis. Iste non eligendi sint corrupti. Id eius nesciunt officiis deserunt. Sint consequatur qui nam et exercitationem quia.',0,0,'2019-01-20 14:36:38'),(8,8,67,'Nihil omnis optio ipsam. Reprehenderit et et possimus accusantium odit dolor rerum. Esse amet aut sint quod vel. Natus excepturi harum consectetur ducimus aut illum.',0,1,'2020-09-13 10:27:40'),(9,9,52,'Et eaque adipisci reiciendis ipsa id. Sed odit quia enim veniam. Distinctio totam dolores quo corrupti qui aut voluptate. Occaecati laborum sed ullam esse provident dolor sunt.',1,0,'2017-12-03 18:01:53'),(10,10,96,'Saepe sunt nemo itaque culpa commodi cum. Ea et eos quo sunt nesciunt ab. Soluta magni reprehenderit nostrum est qui. Vero perspiciatis beatae illum.',1,0,'2014-12-09 23:34:54'),(11,11,7,'Vitae dolor impedit impedit eos. Quae iste earum commodi. Libero vero et et et. Maxime dignissimos facilis hic culpa labore dolorem.',0,0,'2020-02-15 00:26:05'),(12,12,98,'Aut molestias ab dignissimos. Blanditiis nobis itaque fugit alias enim quidem voluptatem. Velit quam iusto eligendi eos suscipit vero qui. Possimus ea nemo et qui.',1,0,'2016-12-15 21:10:20'),(13,13,23,'Voluptatem voluptatibus facere iure ut unde quo. Cupiditate ut non est voluptatem laudantium sit incidunt possimus. Sit et non consequatur repudiandae.',1,0,'2011-08-26 09:55:16'),(14,14,26,'Ullam tempore voluptatum perspiciatis ex aliquam. Cupiditate et dolore in quibusdam nisi. Excepturi ut quo officiis. Dolores necessitatibus reiciendis mollitia et quisquam voluptatibus omnis totam.',1,0,'2020-06-04 21:13:10'),(15,15,22,'Sapiente magni ab debitis quis quam. Dolor quos alias fugit recusandae et. Qui aut animi quisquam voluptates tenetur rerum. Natus ut et dolor.',0,1,'2013-10-19 21:10:05'),(16,16,35,'Saepe sint atque dolore voluptatem. Quos et aut quae. Ut voluptatibus corrupti esse rerum. Eius enim incidunt necessitatibus nam. Blanditiis nihil error ipsa esse adipisci.',1,0,'2013-07-13 17:19:23'),(17,17,75,'Omnis sunt eos quidem eius molestiae nisi. Error nesciunt velit sint aut quis aut. Sapiente quia voluptatem molestias provident soluta.',1,1,'2020-09-30 06:38:33'),(18,18,3,'Rem doloremque expedita et eaque quidem sit aliquid voluptates. Consequatur modi sit labore enim perspiciatis atque eaque. Quia harum culpa dolore excepturi.',1,1,'2015-03-04 00:17:47'),(19,19,75,'Rerum quis voluptates possimus at est asperiores. Illum velit sit omnis sunt fugit aut labore quo. Tenetur laboriosam et corporis voluptas.',1,0,'2020-04-22 12:16:53'),(20,20,84,'Adipisci placeat et asperiores aspernatur. Sint at aut maiores ipsa. Eum id molestiae voluptatem eligendi minima similique itaque.',1,1,'2015-01-22 22:22:23'),(21,21,53,'Ex iusto saepe explicabo qui quia at. Ab tempore amet aut eius laboriosam voluptas. Et maxime quis qui omnis maiores iusto voluptatem. Eligendi et sint facere vitae.',0,0,'2012-05-14 22:09:00'),(22,22,94,'Id et velit fugiat odit aspernatur. Laudantium fugiat ullam quae qui culpa et repellat. Minus et omnis omnis debitis odit dignissimos et. Accusamus deserunt quam quia fuga nesciunt.',1,1,'2015-08-19 12:00:01'),(23,23,47,'Magnam provident cumque dolorem possimus. Nihil est quam ipsam esse omnis et esse iusto. Sed doloribus deserunt corporis ducimus.',0,1,'2020-05-01 07:47:58'),(24,24,11,'Expedita ea delectus in voluptas. Molestiae sed eum necessitatibus. Quod ducimus ducimus dolor ipsa quos vero.',1,0,'2018-01-29 20:39:00'),(25,25,37,'Ut id temporibus aut inventore iusto vero quia aut. Veritatis porro sit et itaque quis occaecati reprehenderit. Voluptatum sunt saepe cum ullam maiores.',1,1,'2021-02-10 13:28:53'),(26,26,48,'Aut omnis qui illum ut ad iste incidunt. Eos distinctio exercitationem incidunt sint ut qui nesciunt id. Sed temporibus assumenda tenetur. Est sit optio ut sed odio recusandae odio et.',1,0,'2012-09-14 22:33:53'),(27,27,29,'Accusantium inventore dolor sequi nam. Ipsa omnis laborum et perspiciatis temporibus dicta laboriosam. Error aut consequatur ut sunt ratione vel. Numquam assumenda quia et commodi et sit est.',1,0,'2014-01-16 21:41:44'),(28,28,35,'Omnis reprehenderit libero quae in illo. Animi deleniti ratione qui et. Consequatur amet a tempora id. Sequi voluptas dicta eius quo cumque.',1,1,'2011-11-24 17:04:31'),(29,29,41,'Voluptatem aperiam nam non assumenda laudantium. Dolor omnis rerum aliquam non. Fugiat distinctio autem quia quo qui necessitatibus est enim.',0,1,'2019-12-05 22:11:25'),(30,30,32,'Eveniet velit dignissimos quia tenetur quidem a. Consectetur placeat cupiditate voluptates suscipit. Labore aut molestiae accusantium eum.',1,1,'2018-02-02 06:24:43'),(31,31,29,'Corporis voluptatem facere odit aliquam. Eos ipsam perferendis natus consequatur. Totam et et aspernatur atque.',1,1,'2016-08-01 21:40:38'),(32,32,79,'Accusantium tempore ut voluptatem eveniet. Enim non deleniti unde officiis totam rerum. Asperiores fuga ut quisquam reprehenderit. Quas corporis qui sunt aperiam tempora dolor commodi.',0,0,'2017-03-31 19:28:00'),(33,33,80,'Et provident eaque quia dolorem similique. Dolorem molestiae sit vero iste in. Eum nihil veritatis quos. Unde quia qui doloremque magnam facere magnam autem.',0,1,'2012-07-07 20:00:28'),(34,34,90,'Et corporis aut itaque nihil. Sint velit in ut. Itaque culpa qui nihil quia quo eos officiis.',0,1,'2018-12-15 19:27:20'),(35,35,41,'Rerum labore dolor quos doloribus nobis. Magnam et excepturi nobis qui eligendi distinctio. Tempore rerum quia minima maiores. Sit dolor iusto sit dolorem autem debitis.',1,1,'2021-02-14 18:01:12'),(36,36,85,'Voluptas maxime omnis incidunt fugit distinctio. Excepturi necessitatibus non non est praesentium quae maxime et. Animi est occaecati quo. Voluptas minus temporibus in eveniet.',1,0,'2012-08-01 15:43:31'),(37,37,90,'Quia quia tempora autem omnis non repellendus. Vel doloremque laboriosam iste dolorum harum nemo fugit. Ea culpa non possimus autem maxime aut rerum aut.',0,1,'2018-05-11 10:20:13'),(38,38,61,'Qui omnis error voluptatum at optio magnam. Sint vel enim ipsa odio quia corrupti vero. Repellendus qui qui ea. Corrupti mollitia quis expedita soluta et quia.',0,1,'2019-04-25 12:27:58'),(39,39,97,'Eaque porro eos voluptatibus odit sint dolorem doloribus. Delectus eius molestias cumque voluptatem. Id inventore dolor exercitationem sunt hic.',1,1,'2011-10-22 17:35:11'),(40,40,39,'Odit ratione quia molestiae illum dolorum. Quia delectus et est explicabo assumenda quisquam adipisci et. Magnam adipisci perferendis voluptas ut dolores.',0,1,'2018-01-13 04:22:43'),(41,41,5,'Non qui ut iure asperiores dignissimos. Quae sed est enim qui. Consequatur neque enim quo a labore. Numquam et esse voluptatibus est ipsam est neque.',1,0,'2019-11-09 05:52:15'),(42,42,67,'Tempore est accusamus magni sapiente sit beatae. Ratione hic omnis et sint ipsam ducimus. Mollitia laboriosam qui quibusdam vel sint cupiditate reprehenderit.',0,0,'2018-03-20 23:23:29'),(43,43,22,'Nostrum eveniet unde deserunt ad doloribus. Minus ea nisi iusto aut dicta non aut repudiandae. Sit sit labore aut voluptatibus id illo nobis. Maiores natus laudantium in.',1,1,'2018-06-29 22:43:29'),(44,44,75,'Voluptatem optio officia et sapiente temporibus voluptates. Unde tenetur vel doloribus dolorem. Occaecati voluptatem at et vero. Error pariatur aliquam magnam.',1,1,'2017-10-12 02:20:31'),(45,45,52,'Eligendi voluptatem officia mollitia culpa inventore eaque. Doloremque in autem similique ea omnis neque. Ad et incidunt amet dolor consequuntur non repudiandae.',1,0,'2011-12-23 07:08:30'),(46,46,57,'Ut est eum odio explicabo quae nobis et ipsam. Vitae modi consectetur aut saepe consequatur sed. Ut facilis dolor qui asperiores repellat.',1,0,'2012-12-11 19:34:40'),(47,47,64,'Quis necessitatibus nisi aut. Ducimus nulla reprehenderit quod nisi tenetur et et ea. Ut porro sint odio porro.',0,0,'2012-09-20 04:19:54'),(48,48,87,'Totam dolorem animi labore id. Perspiciatis consequatur eaque eaque et. Aut et qui sed eligendi voluptatibus natus et. Consequatur dolorem autem possimus corrupti et praesentium.',1,1,'2018-07-02 01:23:54'),(49,49,45,'Facere asperiores vel omnis voluptatem quia tempore. At autem iste dolor animi est pariatur cum. Tempora molestiae necessitatibus ut.',0,0,'2012-04-20 10:52:59'),(50,50,28,'Dolor voluptatem consequuntur consequatur. Dignissimos laboriosam aut nostrum aut. Omnis deleniti culpa cupiditate aut reprehenderit et.',0,0,'2016-01-22 15:31:38'),(51,51,58,'Et tempore rerum totam omnis assumenda nihil voluptas. Quae nam qui sequi quia quos. Veritatis illum voluptatem provident temporibus occaecati nihil ratione quia.',0,1,'2017-08-12 07:29:01'),(52,52,8,'Vero temporibus minima ut unde odit quo et. Molestiae deserunt quod voluptatem consectetur facilis voluptatem qui. Officiis facilis sed perferendis vitae ea veritatis.',0,0,'2012-04-01 03:59:42'),(53,53,61,'Laboriosam omnis qui adipisci ea sit. Corrupti quas et sed eum voluptatem consectetur est. Voluptates impedit accusamus ut est ut aut qui.',0,0,'2015-01-02 08:12:48'),(54,54,84,'Sunt tempore non et ea odio minima. Perferendis et a accusantium debitis autem incidunt consequuntur. Neque quasi dolor ad cumque optio et sunt. Inventore et nisi voluptatem dignissimos.',1,0,'2020-08-01 19:31:15'),(55,55,30,'Consequuntur quibusdam ipsam pariatur consequuntur dolor. Voluptatem et fugit sed tempore et. Est quis fugiat id ut. Iusto a possimus neque omnis aut nemo et blanditiis.',1,0,'2016-07-18 08:50:20'),(56,56,77,'Laborum voluptatem nesciunt et debitis est ea. Maxime ratione et aperiam deserunt molestiae. Incidunt accusamus similique ullam dolore cum. Neque quod mollitia odio inventore.',0,1,'2015-05-07 01:06:27'),(57,57,55,'Dolor et officia nihil aut vitae vitae modi autem. Qui ipsam soluta quae odit voluptas commodi quod. Atque eaque laudantium distinctio nobis iusto fugit qui ut.',1,1,'2016-02-17 15:24:52'),(58,58,97,'Corrupti a fugiat sunt eum libero voluptatibus ut. Delectus labore omnis commodi distinctio perferendis cupiditate. Ad ut animi minus enim necessitatibus.',0,1,'2014-10-02 08:18:50'),(59,59,33,'Et necessitatibus delectus tempora aperiam sed ad. Asperiores explicabo voluptatem corrupti iste minus. Qui et voluptatibus in eveniet magni optio.',0,1,'2014-08-30 15:00:27'),(60,60,47,'Sunt id sed sunt necessitatibus qui ea sint. Qui ipsum et alias quibusdam reprehenderit. Hic omnis deleniti facilis modi et ut illo. Qui iure sequi eveniet asperiores laborum quibusdam explicabo.',1,1,'2021-01-21 02:08:17'),(61,61,5,'Nam numquam velit eius ut culpa. Animi sed sint saepe velit dolorem. Cum est enim quis similique ducimus. Beatae qui adipisci et voluptas voluptates voluptatem.',1,1,'2015-07-07 18:48:46'),(62,62,57,'Fugiat pariatur qui explicabo id amet unde quisquam at. Dolore eos nesciunt iusto voluptas deserunt ratione velit. Est sunt similique illum et et occaecati deserunt.',1,1,'2018-02-23 12:45:12'),(63,63,62,'Ut quia placeat nihil eum. Aspernatur quod exercitationem necessitatibus rerum. Dicta et est excepturi odio dicta.',0,0,'2019-02-10 19:36:49'),(64,64,61,'Commodi ut id aut sit impedit aut. Sunt laboriosam iure corrupti et fugit animi possimus. Ullam ut laborum cupiditate error unde architecto. Non esse vel laboriosam architecto nesciunt.',0,1,'2019-10-01 09:54:11'),(65,65,32,'Alias cumque deserunt cum dolor quod. Autem sit quisquam expedita qui corporis dolore. Enim quia qui pariatur nulla cumque voluptatem. Possimus veritatis dolorum a nihil reprehenderit ut non.',0,1,'2013-12-26 15:03:59'),(66,66,99,'Dolores ea molestiae optio nesciunt. Voluptates minima et sapiente. Perspiciatis odit voluptas ea consectetur sed cum. Cum laudantium ipsa ipsam quisquam sequi nostrum ipsam.',1,1,'2017-10-20 15:23:43'),(67,67,87,'Nostrum dolorum molestiae ut nulla. Pariatur hic rem quia facilis est molestias. Sequi et deserunt similique itaque ex et. Velit sed dolorem a nemo ex est velit.',1,1,'2011-07-15 14:47:39'),(68,68,38,'Eum in aut est atque. Sunt et nulla incidunt impedit architecto. Molestias laborum asperiores corrupti debitis quibusdam aliquid error. Voluptas doloremque consequatur incidunt et omnis et esse.',0,0,'2019-04-01 05:45:08'),(69,69,40,'Error aut iste incidunt occaecati. Temporibus eligendi blanditiis adipisci magnam dolorem recusandae nostrum.',1,1,'2019-05-23 17:50:27'),(70,70,47,'Ea aliquam doloremque sit ipsum alias numquam. Qui ut officiis nulla incidunt est quis id. Saepe voluptatem dolores dolorum veniam nemo enim illo quo.',0,0,'2020-10-22 21:12:28'),(71,71,44,'At impedit autem consequuntur et. Rem nisi veritatis necessitatibus repellendus porro. Esse dicta et in nostrum fugit beatae quis dignissimos.',0,0,'2021-04-01 07:02:49'),(72,72,55,'Sint quis officia eos consequatur excepturi quasi quidem dolore. Magnam maiores at eos molestiae. Eos vel cum sint placeat. Harum non delectus doloremque culpa ratione doloribus.',1,1,'2015-11-17 13:03:36'),(73,73,97,'Omnis culpa eligendi molestias assumenda sit laudantium id. Eum nemo dolorum architecto. Praesentium exercitationem qui nemo saepe.',1,0,'2020-02-14 11:37:29'),(74,74,52,'Aut inventore error veniam et praesentium quas nobis. Possimus accusamus odit aspernatur quisquam. Aliquid eaque voluptatum omnis aut. Rerum vel aut quisquam ab doloribus minus laudantium.',0,1,'2018-12-17 09:37:13'),(75,75,69,'Deserunt non error ut aut non. Molestias suscipit eos fugit distinctio eos voluptas sint. Quod animi sit sit ex et veniam quia. Quia non at dolores non.',0,0,'2011-10-08 19:21:32'),(76,76,39,'Doloribus dolor recusandae et eveniet. Earum non minus sunt deleniti. Ut adipisci et et architecto.',1,1,'2019-02-24 05:34:21'),(77,77,21,'Nam sed labore inventore incidunt temporibus pariatur laborum. Dolor accusamus explicabo omnis architecto cumque iure enim est. Sed sed earum sed aut mollitia ut tempora.',1,0,'2019-02-02 19:08:33'),(78,78,38,'Et quia voluptatum sit eveniet. Aut ut eos architecto neque. Ut voluptatem occaecati magni atque.',1,0,'2019-03-02 00:09:39'),(79,79,35,'Nostrum inventore occaecati ut velit. Ipsam qui ratione nobis perspiciatis et consequatur reiciendis. Aut est eius ut qui.',1,1,'2020-12-14 22:30:08'),(80,80,11,'Deleniti beatae ducimus dolores iure dolores minus delectus. Est qui omnis cumque ratione sint cupiditate possimus quae. Reiciendis aut pariatur alias pariatur. Consectetur aut explicabo facere sunt.',0,1,'2020-04-22 14:56:33'),(81,81,99,'Porro expedita soluta et et quidem velit voluptate. Expedita in ut repudiandae molestiae. Vitae ea voluptates perferendis itaque beatae sit occaecati.',1,0,'2021-02-22 12:35:41'),(82,82,86,'Voluptates ipsa dolorem esse numquam quia amet et. Quo ducimus ut sunt. Quod minima quisquam iste iste.',1,0,'2018-05-11 04:46:28'),(83,83,77,'Soluta temporibus praesentium omnis rerum dicta. Ab architecto vero eos tempora cum quos est odio. Et nobis quae occaecati praesentium ad nobis repellat. Ex perferendis nam repellat fuga voluptate.',1,1,'2018-05-21 15:05:48'),(84,84,30,'Assumenda commodi qui officia repellendus. Accusamus fugiat sapiente id nesciunt qui. Labore excepturi architecto sed officiis qui dolorem deleniti. Sint fugiat aliquam sint et vel sequi vitae.',0,0,'2020-03-14 00:40:32'),(85,85,8,'Dolor aut sed quia dolor voluptatibus non. Voluptatum esse aut facilis quia necessitatibus quo dignissimos et. Eaque vero expedita reprehenderit laborum nesciunt in.',0,0,'2012-10-24 09:32:20'),(86,86,6,'Ea sit rem explicabo in facere voluptatibus illo. Ea vitae et quam. Minus natus et autem blanditiis. Magnam at qui quia tempora sunt voluptate reiciendis ut.',0,1,'2019-10-28 17:39:44'),(87,87,98,'Nobis eum laboriosam itaque. Atque ut facere hic voluptatem molestiae optio nesciunt. Distinctio quidem accusamus tempora asperiores aut sunt cum sint.',1,0,'2015-11-16 02:15:47'),(88,88,22,'Voluptas optio ad rerum aperiam officia aut veritatis. Commodi sed consequatur iure nihil et non.',1,0,'2018-01-31 18:29:19'),(89,89,78,'Eaque voluptates dolores voluptatibus quisquam. Autem et blanditiis impedit eos. Saepe repellendus id voluptate iusto deleniti autem et. Temporibus at at id aperiam aut nesciunt at consequatur.',0,1,'2015-01-29 03:31:03'),(90,90,88,'Magni accusantium nulla sit voluptatem reprehenderit voluptatem velit. Sit eveniet totam perferendis et voluptates doloremque quidem. Distinctio eum dignissimos eveniet consequuntur quaerat itaque.',0,0,'2012-07-29 09:35:19'),(91,91,100,'Iusto neque in nihil et laborum id ut. Porro labore culpa praesentium voluptas minus quo incidunt voluptatem. Quia est consequatur molestiae repellendus amet vel aut deserunt.',1,0,'2016-11-04 08:07:30'),(92,92,1,'Et maxime et eaque inventore occaecati nihil. Odio atque voluptatem modi non. Dolor laboriosam ut inventore rerum explicabo voluptates est. Vero dolore impedit natus similique illum et et nobis.',0,0,'2015-10-23 02:13:12'),(93,93,79,'Aliquam rem ea officia non dolore perspiciatis. Corrupti vel et et.',1,1,'2015-02-08 23:57:02'),(94,94,49,'Ut sint aut dolores et delectus pariatur. Ipsum harum consequatur rerum omnis earum. Est sunt repudiandae sed deserunt quas. Ea quo sequi corporis minus facilis. Neque praesentium fugiat aut ex fuga.',0,1,'2012-03-03 07:00:08'),(95,95,53,'Aut doloremque cum minima eius deleniti temporibus aut. Commodi laboriosam quos rerum non voluptate quia. Incidunt repudiandae ea vitae ipsum aut.',1,1,'2012-03-02 15:19:49'),(96,96,29,'Eveniet ut deleniti aliquam et atque. Occaecati nihil rem eos vel ut magni et. Et unde temporibus optio explicabo quis.',0,0,'2012-03-24 13:20:27'),(97,97,72,'Eius ea voluptate ea eaque quod qui et. Aut deleniti veritatis nostrum ducimus rerum aperiam. Ullam blanditiis tempora ut occaecati perferendis deleniti. Commodi optio nisi atque.',0,0,'2012-09-29 05:16:38'),(98,98,23,'Magni sapiente voluptas quia voluptatibus accusamus perspiciatis vel. Dolorum aut illum quia sequi magni error.',0,1,'2012-09-03 06:24:29'),(99,99,83,'Voluptate rem distinctio dignissimos consequatur. Quae laborum laborum quod. Dolorum consequuntur molestiae suscipit labore totam.',1,0,'2018-01-25 15:34:03'),(100,100,86,'Impedit est voluptatem ad. Asperiores consequatur sunt quas culpa minus blanditiis.',0,0,'2020-09-29 18:46:48'),(101,1,79,'Voluptatem velit nesciunt natus aut dolor. Tempora aut eaque ex consectetur ex ipsam quis. Et placeat harum voluptates quidem placeat asperiores sit. Eos voluptate sit est quo aut.',0,1,'2017-03-03 02:30:55'),(102,2,12,'Et ut magnam asperiores inventore corrupti voluptas aliquid. Esse inventore alias repudiandae rerum iusto dolorem eius dolorem. Modi perspiciatis amet alias.',1,0,'2011-10-02 04:57:15'),(103,3,96,'Eaque eos voluptates animi eum. Repellendus autem quidem corporis illum. Dignissimos cupiditate ipsam rerum natus hic iusto sit. Dolorum qui quo quidem.',0,0,'2012-11-29 00:32:51'),(104,4,28,'Odit culpa vel voluptate porro. A voluptas in quod. Nihil quod facere enim numquam enim.',1,1,'2018-07-22 02:44:14'),(105,5,9,'Voluptas est et iste voluptates impedit ipsa a. Velit aliquid iste eligendi. Ea incidunt porro voluptas nisi aut sit soluta.\nAd harum ea id esse. Ad vitae dolor vero dignissimos id.',0,0,'2018-12-30 08:13:26'),(106,6,35,'Aut voluptates in eligendi qui cum odit. Eligendi dolorem ab ratione enim et quasi est. Enim et quasi rerum.',1,0,'2014-01-14 05:24:45'),(107,7,81,'Voluptatem ut cum voluptatem occaecati libero voluptatibus. Veritatis consectetur corporis qui quo officia voluptatem. Minus harum cupiditate ad. Voluptatum sed esse ut incidunt.',0,0,'2016-09-11 23:41:57'),(108,8,20,'Dolorem neque sit ut at ut. Non est quos voluptas deleniti voluptatum et. Eveniet et repellendus nostrum pariatur hic voluptatem. Quae iusto mollitia enim dolores.',0,1,'2019-04-24 18:32:01'),(109,9,27,'Eos temporibus nostrum praesentium ut omnis ipsa eum. Blanditiis reprehenderit magni architecto suscipit omnis autem. Debitis blanditiis mollitia deleniti iste. Quam ea sunt at suscipit dolorem qui.',1,1,'2014-03-18 13:11:30'),(110,10,55,'Fugit dignissimos est aut reiciendis culpa eum voluptatem est. Id ut quis quibusdam non vel. Neque omnis quis et omnis ipsam. Quod blanditiis aliquam temporibus dicta.',0,0,'2018-10-30 10:38:25'),(111,11,85,'Est voluptatibus et dolor ea. Quasi dolor odit quisquam a qui. Qui omnis qui et fugiat animi quas.',1,1,'2016-01-15 15:21:47'),(112,12,54,'Ullam sit possimus accusamus ut laudantium. Cum est voluptatem reprehenderit natus vel ut. Ea est sed architecto est recusandae nulla. Libero sint est dolores voluptatem.',0,1,'2015-11-23 07:34:48'),(113,13,98,'Et tenetur qui ut dignissimos cum. Amet magni incidunt earum ut tempore tempora sed. Non unde quaerat rerum minima quia. Fugiat beatae sunt sapiente est. Dolorem quo molestiae et iste consequatur.',0,0,'2020-07-04 12:35:14'),(114,14,29,'Ut facere iure id. Ex aut facilis eaque officia. Adipisci accusamus esse sequi eligendi. Alias deserunt mollitia autem ex eos voluptatibus culpa.',0,0,'2019-05-14 03:58:23'),(115,15,8,'Et neque aliquam magnam voluptatem eos beatae sunt. Maxime dolorem qui nam dolor. Inventore fugiat harum veniam provident iste.',0,0,'2012-02-13 18:30:37'),(116,16,2,'Eum autem qui soluta nesciunt molestias dignissimos sit cum. Sit qui praesentium omnis. Sint amet distinctio quisquam non vero quia. Quos quisquam aut odio unde et mollitia.',0,1,'2019-02-08 20:19:26'),(117,17,63,'Dolor ut doloremque quia doloribus a nesciunt quia. Adipisci consequatur optio facere rem. Explicabo sequi nostrum aut exercitationem qui qui voluptate.',0,1,'2019-04-28 16:20:55'),(118,18,40,'Veniam excepturi officia quisquam modi tempora. Doloribus unde quo velit accusantium eos. Doloremque iure quia quae a dolor aut assumenda. Incidunt quis dolorem eos qui.',0,0,'2011-10-27 06:39:29'),(119,19,57,'At modi illo qui debitis quo omnis. Sapiente ipsam saepe sed dicta voluptatum. Possimus cumque ea quo ut. Architecto odit veniam aut accusantium nemo voluptatibus magni.',1,1,'2012-06-03 05:19:49'),(120,20,73,'Non est non sunt voluptatem aliquam corrupti. Quibusdam quos nihil praesentium hic laboriosam ipsa vel. Vero tempora ex dolore non aperiam.',1,0,'2017-10-04 21:57:39'),(121,21,64,'Accusantium omnis officiis rerum omnis deserunt sit qui. Temporibus ex est qui mollitia rerum. Et odio ratione quas omnis id dignissimos. A occaecati et et labore quisquam ut quae soluta.',0,1,'2021-02-01 03:47:14'),(122,22,12,'Mollitia eius eos dolores qui aliquid et. Dolor eum non fugiat necessitatibus architecto debitis. Officia omnis minima dolor. Nihil aliquam sed ut.',0,0,'2018-04-20 21:54:11'),(123,23,31,'Quos atque nulla nihil tempore est ea ab. Officiis dolore et distinctio tempora vel dolorem vel aut. Quis quaerat doloremque incidunt voluptatem placeat.',0,0,'2014-06-17 04:33:06'),(124,24,82,'Molestiae doloremque minima est eos. Officiis omnis animi consequuntur alias. Eligendi fugit libero quas velit molestiae recusandae vitae praesentium.',0,0,'2017-05-02 10:29:36'),(125,25,72,'Ut sed officia illum odio quos recusandae perspiciatis. Ipsum ullam quia voluptas voluptas consectetur fuga. Aut labore dolor ut odio quibusdam reprehenderit vel.',0,1,'2020-02-07 04:58:46'),(126,26,31,'Praesentium odio repellat fugiat sint quos. Sequi et odio iure. Voluptas omnis aspernatur quas ut.\nModi amet sunt maxime velit. Soluta quasi rerum qui dolor. Saepe ad modi ea est veniam velit.',1,1,'2017-12-12 12:36:42'),(127,27,85,'Quo qui sit aut quis. Voluptas non sed vitae dolorem sint. Soluta porro voluptatem suscipit aut qui inventore enim. Itaque in nisi aperiam expedita.',1,1,'2018-07-02 10:17:49'),(128,28,8,'Vel dolorem nemo ea. Dolorem voluptas error repudiandae totam voluptatibus.',0,0,'2017-02-17 00:47:15'),(129,29,4,'Reiciendis eos officia similique est quia aut ratione. Similique laboriosam suscipit nulla inventore. Cupiditate nam quod corrupti vel. Corporis dolorum quam illo corrupti consequatur quis ab.',1,1,'2018-09-14 18:55:25'),(130,30,1,'Nihil pariatur fuga minima et accusamus. Amet sunt cum autem amet eius architecto explicabo. Tenetur voluptatem qui aut suscipit.',1,1,'2018-02-16 21:24:52'),(131,31,64,'Eius quibusdam voluptatem nobis eum provident earum illum. Sed assumenda qui eos incidunt minus. Maxime excepturi rerum est atque. Ut et sed rerum eius beatae.',0,1,'2018-02-09 23:05:31'),(132,32,74,'Itaque provident adipisci rerum nesciunt temporibus officiis commodi. Officia tempore quis et eius in quidem sunt. Sit corrupti nisi ullam molestiae occaecati numquam quia.',1,1,'2019-09-22 21:28:19'),(133,33,30,'Ipsam numquam necessitatibus aperiam est aspernatur. Ut ab nihil autem autem cupiditate. Reprehenderit voluptates odio earum tenetur.',1,1,'2014-08-01 21:09:45'),(134,34,39,'Repudiandae corrupti mollitia accusantium quidem. Quasi maxime ipsam assumenda velit. Commodi tenetur aut dicta omnis voluptatem. Illo quas aut recusandae in et.',1,1,'2019-09-26 04:09:30'),(135,35,90,'Aut ipsam earum quam et. Repudiandae ut magnam nihil et quis earum explicabo tempora. Debitis sit quam ut quia itaque velit officia. Sed eligendi sunt aut.',0,1,'2020-12-10 16:03:25'),(136,36,82,'Id iste asperiores aspernatur quo molestiae dolor voluptatum harum. Eius exercitationem cupiditate temporibus omnis amet ea nemo. Est architecto excepturi quidem est minima.',0,1,'2015-09-08 02:32:08'),(137,37,5,'Enim sunt eligendi eum dolor ut animi in. Iusto maiores aut deserunt a enim.',1,0,'2014-01-19 02:24:03'),(138,38,6,'Rerum dolor explicabo veniam quaerat est tempora. Recusandae saepe tempore rem minus quaerat repudiandae. Aut corporis error perspiciatis et et. Recusandae magnam omnis sit.',0,1,'2011-09-22 14:03:31'),(139,39,60,'Optio vitae architecto corporis. Voluptas consequatur quidem molestiae. Omnis velit ex ab possimus atque harum. Commodi fugiat a eum voluptates a. Facere et ex in ad enim doloremque cupiditate.',0,0,'2014-04-16 03:36:28'),(140,40,61,'Magnam magni sit quod ea quod. Mollitia odit praesentium aspernatur nisi omnis aut quia repudiandae. Vero et omnis nam sunt fugit. Aspernatur voluptas voluptatem rerum maiores sit sed ea.',0,0,'2018-02-03 01:56:58'),(141,41,89,'Asperiores distinctio numquam asperiores. Ut aliquid nesciunt blanditiis recusandae libero optio consequatur. Et ea saepe et sit reprehenderit dolor veritatis.',0,1,'2014-08-10 12:15:06'),(142,42,37,'Est non quibusdam alias quibusdam velit ex. Distinctio rerum est consequatur ut omnis. Consectetur repellendus odio dolorum quo magnam quisquam. Sed blanditiis repellendus tempora ea sit.',1,0,'2014-09-07 13:12:17'),(143,43,16,'Accusantium pariatur doloribus maxime est similique blanditiis. Incidunt dolorem vitae distinctio. Eum praesentium laboriosam quia inventore aliquam. Et provident et debitis velit debitis in.',0,1,'2011-11-06 14:41:35'),(144,44,56,'Voluptatem nihil quos quibusdam odit commodi quidem voluptatem. Fugit a nihil culpa quia. Rerum qui nostrum enim quidem distinctio. Aliquid qui animi rem nesciunt quo non ducimus.',0,1,'2013-04-01 00:43:51'),(145,45,72,'Soluta tempora expedita beatae. Quo reiciendis omnis rerum. Occaecati ad enim quae id. Delectus eum animi consequatur quaerat ratione sunt et velit.',1,1,'2014-12-31 23:57:01'),(146,46,54,'Quo voluptatem eum eveniet ex laborum. Voluptatem voluptates fugit vero porro asperiores sint eaque rerum. At dolorem commodi et perferendis animi id dicta.',0,0,'2012-06-02 15:44:53'),(147,47,69,'Et alias molestiae aut in. Quisquam aliquam nostrum similique nostrum qui eos. Deserunt ipsam incidunt porro velit et fuga qui.',0,1,'2013-02-13 12:47:18'),(148,48,44,'Voluptatem consequatur sed est repudiandae nulla voluptatum ipsa. Nihil cumque aut autem error. Esse possimus delectus aliquid.\nBlanditiis non eos eum. Debitis architecto maxime provident et autem.',1,1,'2018-06-21 18:55:24'),(149,49,98,'Ea ipsa ipsa autem veniam optio vel ducimus. Itaque cumque nesciunt qui impedit. Similique quisquam explicabo in harum sequi molestias.',0,0,'2019-05-23 23:45:19'),(150,50,34,'Ut architecto neque quod distinctio quasi est. Iure velit amet qui ut. Enim aut qui aut dolor autem enim. Occaecati sunt eaque quibusdam.',1,0,'2020-10-15 03:43:13'),(151,51,27,'Reiciendis libero tenetur quidem. Qui ut doloribus minima cumque quo labore. Maiores neque et blanditiis error.',0,0,'2017-08-14 13:46:57'),(152,52,31,'Qui nulla reiciendis aut unde similique autem quibusdam. Quaerat saepe magni nulla cupiditate cupiditate. Nulla beatae nostrum asperiores sint aut voluptas itaque.',0,0,'2013-09-29 02:32:55'),(153,53,87,'Quia velit perspiciatis quisquam eius dolorem. Qui voluptas sit quia ipsum eos dolores architecto rerum. Asperiores in illo reiciendis quo.',1,1,'2016-06-22 06:09:19'),(154,54,95,'Sint consequatur ut sint sapiente aperiam voluptate recusandae. Qui odio et earum ad modi maxime reiciendis. Architecto molestias quia voluptatem accusantium sed et.',1,0,'2014-08-17 02:25:29'),(155,55,25,'Voluptas provident quasi velit ad. Et consequatur voluptatem est. Voluptatum quidem a natus optio quasi ullam sed.',1,0,'2019-09-26 13:14:31'),(156,56,75,'Ullam reprehenderit aspernatur eaque cupiditate vel. Repellat eos non incidunt sequi. Non et possimus at corporis.',1,0,'2012-09-28 15:29:48'),(157,57,41,'Quis corporis sed quae ut quibusdam. Maxime consequatur aut et voluptas. Ipsum ut ut deserunt eligendi. Enim ad aut repellendus voluptatibus.',1,1,'2015-05-09 22:58:37'),(158,58,10,'Maiores iure voluptatum itaque harum praesentium rem et magnam. Eveniet consequatur ab voluptatem beatae. Doloribus voluptatem ipsam ratione consequatur unde.',0,0,'2018-07-18 10:44:36'),(159,59,69,'Non at omnis nihil qui non expedita saepe. Modi vel similique labore officia voluptas iste error.\nEt et voluptatem rerum possimus. Voluptas consequatur ut sit ut.',0,0,'2011-09-16 03:43:09'),(160,60,55,'Aut velit sed in et. Sed asperiores qui ipsam qui labore iure vitae sunt.',0,1,'2012-07-26 08:50:01'),(161,61,78,'Maiores natus sint omnis laudantium quia. Similique cumque possimus qui nam ad sunt facere. Sed odit ut enim in dolores. Corrupti id eum quod hic dolorem est quos.',0,1,'2020-05-21 12:49:11'),(162,62,58,'Voluptatum neque odit dolorum. Animi dolores id modi tenetur quia. Eos assumenda est quo sit. Qui et cum qui tempore.',1,1,'2011-05-25 23:02:53'),(163,63,14,'Qui vel deserunt repellendus ad consequatur. Voluptas id id ad et doloremque quasi eius. Sed animi possimus est adipisci. Eligendi ea animi non eaque et iusto.',1,1,'2012-11-18 02:51:23'),(164,64,50,'Similique culpa id temporibus velit nesciunt. Magnam impedit consequuntur nulla.',1,0,'2014-11-04 18:00:20'),(165,65,65,'Tempore dolores consequatur placeat. Qui velit asperiores aut excepturi aut. Repellat aspernatur amet nesciunt est.',0,0,'2017-11-17 12:38:57'),(166,66,90,'Eaque ut nam repellat dolor cumque magni. Ipsam amet asperiores fugit rerum vero. Enim dolor unde tempore. Sed et est illum error impedit.',1,0,'2012-02-14 20:53:24'),(167,67,38,'Labore vitae iure sunt et suscipit velit. Nihil molestias sit earum et nemo dolor. Ea a perspiciatis inventore.',0,1,'2017-05-12 07:33:58'),(168,68,60,'Facere architecto qui error. Qui atque impedit iste. Unde omnis omnis sint ipsum non. Fugit explicabo est ipsam facere ut voluptatem impedit.',0,0,'2014-05-12 08:43:40'),(169,69,65,'Sapiente modi soluta facilis voluptas architecto sit. Dolorum voluptates qui expedita tempora cumque quas. Qui delectus quos soluta suscipit qui et et.',1,0,'2018-03-15 08:07:47'),(170,70,2,'Sint voluptas ipsa quo porro. Et facere ipsum exercitationem adipisci cupiditate sed voluptates. Et sapiente qui non ipsam molestiae.',1,1,'2019-07-03 23:10:30'),(171,71,77,'Atque qui corporis dolore et. Autem qui excepturi accusantium. Aut rerum hic et in.',1,0,'2020-01-21 10:51:23'),(172,72,12,'Et quisquam quia voluptatem molestiae sint. Id quo ipsum quasi. Eligendi molestias exercitationem molestias ut. In quia a ipsa ducimus ut est.',1,0,'2017-04-05 11:53:24'),(173,73,52,'Et in beatae autem at qui temporibus quam cum. Molestiae quaerat officiis incidunt consequatur excepturi labore. Suscipit et distinctio nobis necessitatibus.',0,0,'2012-02-14 23:37:12'),(174,74,55,'Quisquam et quo est omnis. Aut consequuntur cumque voluptatem unde mollitia. Labore qui saepe quibusdam suscipit.',1,1,'2018-02-18 16:47:01'),(175,75,18,'Ut similique vel culpa sint. Nemo quo voluptatum neque nihil dolorum sit. Labore qui in velit et nihil.',0,0,'2016-11-10 16:49:35'),(176,76,55,'Velit est quia ut id nesciunt. Ipsam perferendis occaecati veritatis doloremque. Asperiores consectetur illo illo perferendis hic et.',1,0,'2021-04-08 14:50:16'),(177,77,32,'Harum qui et qui praesentium aliquam quas aspernatur. Delectus ad velit incidunt eos quibusdam provident est. Fuga odit delectus possimus mollitia. Non cupiditate corporis vel commodi quo.',1,0,'2019-08-15 23:19:18'),(178,78,51,'Recusandae voluptate cumque quia sit inventore nesciunt voluptas. Dolore nam minus voluptatum facilis. Consectetur odit ex quaerat ex hic reiciendis.',0,1,'2017-04-12 09:19:19'),(179,79,63,'Rem natus doloremque illo natus. Omnis quod ut ipsa doloribus consequuntur.',1,0,'2018-07-10 17:58:49'),(180,80,57,'Ad eum minus qui doloribus et. Voluptates eos voluptatem voluptatum fugit quae ad veniam. Maxime sint qui ea minima in odio consequatur.',1,1,'2018-09-16 02:46:43'),(181,81,70,'Nemo et sed necessitatibus rem nihil totam voluptas. Vero sit ut veniam ut voluptatem quas. Sit non eos quibusdam dolor. Dolore ratione qui hic dolores.',1,1,'2013-01-31 22:53:15'),(182,82,74,'Corporis voluptatem suscipit dolor ea sit. Voluptatem voluptatem accusamus sed doloremque incidunt voluptas sed.',1,1,'2018-11-30 08:46:11'),(183,83,37,'Et non architecto provident provident cumque harum quas eum. Ea aut veritatis velit fugit in doloremque. Mollitia ut inventore ut sint facere ab omnis.',1,1,'2011-12-16 08:20:53'),(184,84,51,'Tempore et nemo architecto aut. Cupiditate et hic totam ut odio eos in. Dolorem soluta ut ut aut non reiciendis veniam. Est aperiam numquam ratione tempore.',0,0,'2016-09-01 12:03:58'),(185,85,53,'Et quas commodi alias sit nesciunt labore. Et quas blanditiis et placeat enim animi. Officia non possimus modi quisquam sed accusamus autem corporis.',1,1,'2020-05-07 12:22:55'),(186,86,45,'Aliquid eum et repudiandae quaerat sed qui maiores. Neque dolore iusto dolorem. Aliquid accusamus sit et sed sequi officia at. Delectus repudiandae quia omnis et.',1,1,'2019-06-12 20:15:37'),(187,87,79,'Eos aperiam quibusdam iure id et omnis. Sed omnis quia facilis dolorem aut. Labore et consequatur sint est omnis dignissimos.',0,1,'2011-12-08 03:38:54'),(188,88,18,'Cupiditate reiciendis voluptates asperiores consequuntur id. Soluta debitis ratione aut laudantium. Omnis soluta est id laborum id consequatur soluta veritatis.',1,0,'2019-02-03 20:07:13'),(189,89,19,'Et tenetur repellendus iusto quia. Et quam vel totam facilis est. Laudantium quos quia accusantium officiis et eos ut ullam.',0,0,'2015-06-04 10:16:50'),(190,90,26,'Expedita et sit consectetur voluptatem. Et ad nostrum et adipisci eum sit laboriosam qui. Facilis fuga natus id totam doloremque velit.',0,0,'2011-11-06 12:48:19'),(191,91,30,'Quos quia qui non modi eligendi necessitatibus voluptatem. Est maiores aut voluptas. Tenetur asperiores voluptatem sit qui non illo cumque.',1,1,'2013-04-30 04:32:21'),(192,92,99,'Ipsa nesciunt fugiat porro et ipsum sed. Inventore velit assumenda nesciunt voluptate voluptas unde. Numquam in ex pariatur omnis veniam et. Et numquam distinctio qui quia asperiores eaque.',1,0,'2013-06-14 13:30:56'),(193,93,100,'Maiores vel et quaerat porro saepe id ut. Omnis aliquam assumenda placeat officiis est voluptatem. Ut nam sint aliquam inventore fuga.',0,0,'2012-06-13 22:28:58'),(194,94,69,'Molestias odio accusantium id id. Quaerat suscipit quos ipsum. Dolor commodi omnis soluta eveniet ratione est aperiam nam. Veritatis explicabo iste sunt non quo non debitis.',1,0,'2021-04-19 03:35:08'),(195,95,3,'Porro veniam quia aut laborum nihil aut est quia. Inventore at veritatis debitis nesciunt. Vel aut id saepe perferendis accusamus. Architecto adipisci ea eveniet dolorem sed.',0,0,'2011-07-11 23:26:18'),(196,96,26,'Vero impedit quos autem illo. Ex consequuntur repellat enim. Totam minus minima quia nam ex qui.',0,1,'2011-06-30 09:49:40'),(197,97,86,'Et tempore ullam et in nemo enim omnis. Omnis aperiam ab enim veniam ea velit cumque. Voluptatem aut earum sint rerum voluptates dignissimos iusto iusto.',0,1,'2020-06-19 18:22:52'),(198,98,70,'Aliquid voluptatum vel minus cum. Asperiores eaque voluptatem quisquam et dicta. Sed aut quibusdam modi consequatur ex.',0,0,'2018-12-20 19:15:38'),(199,99,95,'Quae vitae et corporis. Amet rerum voluptatem cum aliquid doloremque. Et voluptatem ut in est asperiores in.',0,1,'2020-12-23 12:45:23'),(200,100,9,'Eum omnis quae eos id aliquid eos. Accusamus sit libero error ut.',0,1,'2014-09-13 04:07:29');
/*!40000 ALTER TABLE `messages` ENABLE KEYS */;
UNLOCK TABLES;

--
-- Temporary view structure for view `messages_from`
--

DROP TABLE IF EXISTS `messages_from`;
/*!50001 DROP VIEW IF EXISTS `messages_from`*/;
SET @saved_cs_client     = @@character_set_client;
/*!50503 SET character_set_client = utf8mb4 */;
/*!50001 CREATE VIEW `messages_from` AS SELECT 
 1 AS `id`,
 1 AS `from_user_id`,
 1 AS `from_name`,
 1 AS `to_user_id`,
 1 AS `to_name`*/;
SET character_set_client = @saved_cs_client;

--
-- Table structure for table `screenshots`
--

DROP TABLE IF EXISTS `screenshots`;
/*!40101 SET @saved_cs_client     = @@character_set_client */;
/*!50503 SET character_set_client = utf8mb4 */;
CREATE TABLE `screenshots` (
  `id` int unsigned NOT NULL AUTO_INCREMENT COMMENT 'Идентификатор строки',
  `user_id` int unsigned NOT NULL COMMENT 'Ссылка на автор скрина',
  `filename` varchar(255) CHARACTER SET utf8mb4 COLLATE utf8mb4_unicode_ci NOT NULL COMMENT 'Путь к файлу',
  `posts` text CHARACTER SET utf8mb4 COLLATE utf8mb4_unicode_ci NOT NULL COMMENT 'Описание к скрину',
  `size` int NOT NULL COMMENT 'Размер файла',
  `metadata` longtext CHARACTER SET utf8mb4 COLLATE utf8mb4_bin COMMENT 'Метаданные файла',
  `created_at` datetime DEFAULT CURRENT_TIMESTAMP COMMENT 'Время создания строки',
  `url` varchar(255) COLLATE utf8mb4_unicode_ci NOT NULL,
  PRIMARY KEY (`id`),
  KEY `screenshots_user_id_from_users_id_fk` (`user_id`),
  CONSTRAINT `screenshots_user_id_from_users_id_fk` FOREIGN KEY (`user_id`) REFERENCES `users` (`id`) ON DELETE CASCADE,
  CONSTRAINT `screenshots_chk_1` CHECK (json_valid(`metadata`))
) ENGINE=InnoDB AUTO_INCREMENT=201 DEFAULT CHARSET=utf8mb4 COLLATE=utf8mb4_unicode_ci COMMENT='Screenshoot';
/*!40101 SET character_set_client = @saved_cs_client */;

--
-- Dumping data for table `screenshots`
--

LOCK TABLES `screenshots` WRITE;
/*!40000 ALTER TABLE `screenshots` DISABLE KEYS */;
INSERT INTO `screenshots` VALUES (1,1,'scr_doloribus','Voluptatum placeat cum asperiores sequi quo eos odio. Itaque ut et asperiores nam eaque eius. Sequi odio mollitia tempore voluptate quia sint. Deserunt aliquam voluptate omnis tenetur aliquam qui ut.',6378,'{\"owner\":\"vitae scr_doloribus\"}','2015-01-02 07:47:51','https://steamcommunity.com/screenshots/scr_doloribus82'),(2,2,'scr_debitis','Magnam consectetur veniam expedita quia unde molestiae et. Omnis tempora quod nihil atque nemo veniam. Earum iste cumque eveniet debitis nihil vel ut ut.',9132,'{\"owner\":\"dolore scr_debitis\"}','2015-12-29 19:31:30','https://steamcommunity.com/screenshots/scr_debitis16'),(3,3,'scr_ad','Quam et iure itaque fugit nulla velit. Aspernatur sed enim debitis quia. Ut porro minus perspiciatis.',8694,'{\"owner\":\"corporis scr_ad\"}','2016-09-17 07:04:47','https://steamcommunity.com/screenshots/scr_ad37'),(4,4,'scr_et','Dolores et itaque sed dolores deleniti omnis quo. Iste perferendis vel alias nihil dolorem numquam. Asperiores rerum magnam quidem praesentium harum. Excepturi esse minus nemo ducimus.',3716,'{\"owner\":\"animi scr_et\"}','2016-12-18 16:01:06','https://steamcommunity.com/screenshots/scr_et35'),(5,5,'scr_dignissimos','Corporis animi porro corrupti enim. Ducimus at beatae expedita exercitationem distinctio. Animi a autem dignissimos. Qui et assumenda exercitationem.',6272,'{\"owner\":\"cum scr_dignissimos\"}','2013-07-13 06:41:43','https://steamcommunity.com/screenshots/scr_dignissimos63'),(6,6,'scr_animi','Et libero ducimus dolor numquam ut inventore vel. Perspiciatis hic facere nesciunt architecto eius. Dolor tempore velit est iure qui.',2966,'{\"owner\":\"consequatur scr_animi\"}','2014-01-02 02:09:18','https://steamcommunity.com/screenshots/scr_animi11'),(7,7,'scr_saepe','Qui deleniti dolores non aut ad eius. Enim ab consequatur ad sapiente officiis. Optio rerum optio eum et earum repudiandae.',1500,'{\"owner\":\"id scr_saepe\"}','2016-05-02 21:54:59','https://steamcommunity.com/screenshots/scr_saepe67'),(8,8,'scr_nostrum','Dolorum nostrum fuga hic doloribus qui eum. Quaerat quam laborum repudiandae ducimus quas assumenda non. Repudiandae quo et officia.',6801,'{\"owner\":\"quos scr_nostrum\"}','2017-09-13 00:33:55','https://steamcommunity.com/screenshots/scr_nostrum99'),(9,9,'scr_quis','Rerum nulla ex veritatis autem ipsam consequatur cumque. Rerum recusandae natus dolor eum laudantium sit. Culpa dolor iure non sed.',8841,'{\"owner\":\"molestias scr_quis\"}','2018-03-11 19:16:08','https://steamcommunity.com/screenshots/scr_quis93'),(10,10,'scr_optio','Veniam voluptatem omnis et aliquid molestias temporibus voluptas. Ut itaque assumenda animi nemo temporibus. Aut aut qui occaecati veritatis. Placeat cum ratione est exercitationem.',2639,'{\"owner\":\"est scr_optio\"}','2012-05-07 09:32:11','https://steamcommunity.com/screenshots/scr_optio70'),(11,11,'scr_cupiditate','Ut itaque qui quasi voluptatem. Et qui necessitatibus et inventore consequuntur est. Rerum ut amet ab qui. Et corporis maxime eos dolorem velit debitis corrupti.',8829,'{\"owner\":\"vitae scr_cupiditate\"}','2018-09-29 07:47:15','https://steamcommunity.com/screenshots/scr_cupiditate70'),(12,12,'scr_omnis','Dolor sed voluptas velit. Suscipit quam voluptatem voluptate similique quis. Nisi voluptate facere enim sunt aliquam.',6281,'{\"owner\":\"earum scr_omnis\"}','2014-08-10 18:07:33','https://steamcommunity.com/screenshots/scr_omnis38'),(13,13,'scr_eum','Est vitae autem aliquid suscipit et. Labore maxime possimus accusantium fugit veritatis aut qui. Sed necessitatibus non laudantium dolorem corporis minima. Ducimus aut necessitatibus quod.',8994,'{\"owner\":\"iure scr_eum\"}','2012-09-04 03:02:12','https://steamcommunity.com/screenshots/scr_eum81'),(14,14,'scr_neque','Voluptatem eveniet suscipit similique numquam voluptatem quis. Dolores dolorem possimus et molestias asperiores. Voluptas nobis ad et blanditiis minima porro.',6141,'{\"owner\":\"natus scr_neque\"}','2017-07-20 22:58:51','https://steamcommunity.com/screenshots/scr_neque91'),(15,15,'scr_omnis','Debitis similique consequuntur voluptas ut. Aut cum pariatur totam id eum quod autem. Mollitia inventore perspiciatis dolor est et mollitia. Ea voluptas tempore ducimus.',1693,'{\"owner\":\"voluptas scr_omnis\"}','2015-12-10 03:02:34','https://steamcommunity.com/screenshots/scr_omnis11'),(16,16,'scr_eos','Hic ab excepturi occaecati nostrum a et est. Delectus expedita praesentium omnis quod non dolorem. Perferendis magnam cum qui aspernatur doloremque mollitia. Eveniet quasi ut ut et saepe qui.',5074,'{\"owner\":\"sed scr_eos\"}','2013-11-12 20:14:39','https://steamcommunity.com/screenshots/scr_eos79'),(17,17,'scr_nam','Sit ipsam et maiores. Dignissimos et perspiciatis velit laudantium quasi porro et consequuntur. Dolor praesentium aut est consequuntur.',8669,'{\"owner\":\"dolores scr_nam\"}','2013-07-09 22:52:58','https://steamcommunity.com/screenshots/scr_nam64'),(18,18,'scr_quidem','Distinctio sunt dignissimos qui. Cumque iusto voluptatum repellendus magnam quas. Deserunt eligendi pariatur illum ipsa et non.',9351,'{\"owner\":\"sunt scr_quidem\"}','2019-04-15 05:25:57','https://steamcommunity.com/screenshots/scr_quidem83'),(19,19,'scr_earum','Iusto provident soluta quaerat reprehenderit. Voluptates quaerat asperiores eum. Quasi labore ratione omnis pariatur.',6918,'{\"owner\":\"ipsam scr_earum\"}','2013-07-18 18:13:06','https://steamcommunity.com/screenshots/scr_earum23'),(20,20,'scr_nesciunt','Dolorem quas eum eligendi rem blanditiis atque asperiores. Ut maxime tempore ipsam. Esse quos est aliquam est voluptatem aut impedit. Eos quod commodi blanditiis vel aut dolorem dolorem aut.',7441,'{\"owner\":\"et scr_nesciunt\"}','2016-10-02 21:43:00','https://steamcommunity.com/screenshots/scr_nesciunt67'),(21,21,'scr_mollitia','Numquam modi sint illo voluptatem illum ab nam. Enim modi fugit nihil ad. Fugit ut velit tempore veritatis aut. Voluptatem quia et animi quasi.',1831,'{\"owner\":\"numquam scr_mollitia\"}','2012-04-04 09:17:09','https://steamcommunity.com/screenshots/scr_mollitia62'),(22,22,'scr_voluptas','Nobis magnam magni et rerum doloribus. Minus rem ut dolore quia qui omnis. Non corrupti tempora sequi pariatur. Natus similique consequatur nihil ut porro tenetur omnis.',7832,'{\"owner\":\"laborum scr_voluptas\"}','2016-11-07 06:49:20','https://steamcommunity.com/screenshots/scr_voluptas9'),(23,23,'scr_quis','Ut doloremque quo at dolor in aut aut. Minima explicabo dolorum voluptas nobis et sapiente nostrum provident. Nihil id aliquam ut.',2451,'{\"owner\":\"enim scr_quis\"}','2018-11-03 02:07:06','https://steamcommunity.com/screenshots/scr_quis61'),(24,24,'scr_dicta','Non quis quos nam laborum velit cumque. Omnis voluptatem qui a eum. Sed dicta facere ex quo impedit aspernatur. Et rerum ducimus rem veniam minima et magni.',3929,'{\"owner\":\"eos scr_dicta\"}','2018-09-24 06:14:18','https://steamcommunity.com/screenshots/scr_dicta75'),(25,25,'scr_quis','Voluptate et accusantium voluptatem. Et iusto vel recusandae eos. Quibusdam illo eveniet et minima ratione autem.',8680,'{\"owner\":\"eum scr_quis\"}','2020-12-30 11:38:12','https://steamcommunity.com/screenshots/scr_quis93'),(26,26,'scr_aspernatur','Adipisci at et aliquid dignissimos. Occaecati ea deleniti dolore tempora. Quisquam consequatur nobis nobis aut sint fugit facere. Neque eaque reprehenderit voluptatem voluptatem repellat.',2300,'{\"owner\":\"laudantium scr_aspernatur\"}','2019-06-02 13:10:11','https://steamcommunity.com/screenshots/scr_aspernatur40'),(27,27,'scr_praesentium','Omnis ipsam ut architecto omnis. Omnis excepturi consequuntur et impedit sint nulla eaque.\nUt accusantium minima quaerat molestiae. Nihil omnis vel et. Porro optio aut laboriosam dolor et.',6728,'{\"owner\":\"nemo scr_praesentium\"}','2017-09-12 11:58:33','https://steamcommunity.com/screenshots/scr_praesentium21'),(28,28,'scr_non','Voluptatem ut et blanditiis et consequatur suscipit consequatur. Quos amet odio ut voluptatem ex illo. Sed quia doloremque voluptatem accusamus et molestias.',4850,'{\"owner\":\"et scr_non\"}','2016-06-30 06:09:51','https://steamcommunity.com/screenshots/scr_non83'),(29,29,'scr_reiciendis','Maiores soluta eius provident amet. Nostrum consequatur corrupti veniam sunt at. Eum sapiente est sunt placeat ex dolorem ratione. Molestias qui aut consequuntur.',9594,'{\"owner\":\"nihil scr_reiciendis\"}','2017-08-03 04:59:42','https://steamcommunity.com/screenshots/scr_reiciendis50'),(30,30,'scr_similique','Ullam dolorum repudiandae vero asperiores et. Ad dolore illo dolorem eaque. Omnis dolorum id assumenda. Et quam voluptatem qui numquam culpa pariatur.',9771,'{\"owner\":\"porro scr_similique\"}','2013-08-28 23:37:22','https://steamcommunity.com/screenshots/scr_similique1'),(31,31,'scr_quos','Et ducimus aliquid voluptatem ut nesciunt velit. Eius qui consectetur iusto et voluptatem perspiciatis. Impedit itaque molestiae rerum iure autem quia sed ea.',6698,'{\"owner\":\"laudantium scr_quos\"}','2017-05-16 11:04:54','https://steamcommunity.com/screenshots/scr_quos57'),(32,32,'scr_voluptatem','Sit laboriosam animi quia quo aliquam sit vel. Voluptatum et est sit quo. Quisquam repudiandae et ut cupiditate earum voluptatem tempora.',9744,'{\"owner\":\"ad scr_voluptatem\"}','2020-12-08 02:28:04','https://steamcommunity.com/screenshots/scr_voluptatem78'),(33,33,'scr_repellat','Aut est quia dolore quis. Culpa saepe eius totam enim accusantium facere libero. Atque unde nisi doloribus in rerum. Enim eaque possimus dolores molestias similique eos.',9299,'{\"owner\":\"animi scr_repellat\"}','2016-03-27 09:50:46','https://steamcommunity.com/screenshots/scr_repellat20'),(34,34,'scr_voluptatem','Adipisci repellat eos necessitatibus exercitationem officia. Dolor porro magni quaerat deleniti tempore. Ab quisquam voluptas est labore.',8406,'{\"owner\":\"voluptate scr_voluptatem\"}','2013-12-01 19:09:22','https://steamcommunity.com/screenshots/scr_voluptatem67'),(35,35,'scr_aut','Ipsam id totam eaque ipsum et deserunt deleniti. Doloremque at sint corrupti qui.',2109,'{\"owner\":\"deleniti scr_aut\"}','2017-09-28 13:06:49','https://steamcommunity.com/screenshots/scr_aut74'),(36,36,'scr_iure','Repellat neque enim dolore. Quia fuga ut occaecati nostrum. Fugit ex voluptates eos autem corporis labore. Quasi quae aut rerum. Labore magni eum tempore minima velit.',1750,'{\"owner\":\"sunt scr_iure\"}','2014-04-20 12:40:48','https://steamcommunity.com/screenshots/scr_iure68'),(37,37,'scr_sed','Nihil explicabo accusamus totam quia. Voluptatem dignissimos officia non eum voluptatem maxime. Itaque autem deleniti sed et vel. Excepturi autem hic sint reprehenderit dolorum.',2298,'{\"owner\":\"sit scr_sed\"}','2015-02-16 14:29:46','https://steamcommunity.com/screenshots/scr_sed19'),(38,38,'scr_sit','Excepturi ut nihil minima aut iusto culpa. Dolore illo expedita est ratione et qui aliquid. Hic sequi necessitatibus magni. Nemo possimus eos est voluptatum rem soluta et.',2008,'{\"owner\":\"nihil scr_sit\"}','2016-11-28 06:47:22','https://steamcommunity.com/screenshots/scr_sit90'),(39,39,'scr_dicta','Nihil non quis quo consequatur dolores. Hic dolores consequatur laudantium vel corrupti quibusdam. Vel aut in impedit quibusdam sed sequi.',3309,'{\"owner\":\"at scr_dicta\"}','2020-03-03 05:40:14','https://steamcommunity.com/screenshots/scr_dicta94'),(40,40,'scr_magnam','Ut a optio aspernatur accusamus. Sit distinctio consectetur dolores sed sint rerum nam autem. Adipisci ut enim voluptate. Odit quis repellendus nobis.',4814,'{\"owner\":\"earum scr_magnam\"}','2017-12-19 23:24:27','https://steamcommunity.com/screenshots/scr_magnam98'),(41,41,'scr_deleniti','Quia rerum facilis ex tempore eveniet consectetur rerum. Qui aut aut facilis molestiae. Cum aut reiciendis enim molestiae. Rem voluptates eligendi et ipsa fugit.',3963,'{\"owner\":\"rerum scr_deleniti\"}','2018-09-25 20:42:10','https://steamcommunity.com/screenshots/scr_deleniti7'),(42,42,'scr_inventore','Rerum et nulla repudiandae ullam cum fugit et qui. Maxime unde quos ducimus voluptatem. Mollitia accusantium nemo qui fugiat quia nam.',7530,'{\"owner\":\"dolores scr_inventore\"}','2013-11-21 09:57:58','https://steamcommunity.com/screenshots/scr_inventore42'),(43,43,'scr_sed','Voluptatum earum tempore in adipisci et est et. Tempora voluptatem aut sit sed. Et non nihil et rerum est voluptatem quaerat maxime.',6326,'{\"owner\":\"sunt scr_sed\"}','2016-10-25 15:34:32','https://steamcommunity.com/screenshots/scr_sed86'),(44,44,'scr_quasi','Sit aut ut mollitia minima vero ex aut. Voluptatem optio eaque quia iste. Officiis exercitationem ipsam dolores explicabo maxime. Iste illo velit est quam voluptas qui.',7042,'{\"owner\":\"quidem scr_quasi\"}','2016-05-19 22:29:35','https://steamcommunity.com/screenshots/scr_quasi3'),(45,45,'scr_cupiditate','Exercitationem ut atque autem tenetur consequatur. Ut ab voluptatem itaque error eveniet. Ab et perferendis eos voluptatum ut illo et. Velit et delectus est ab. Minima fuga velit perspiciatis.',3971,'{\"owner\":\"natus scr_cupiditate\"}','2016-05-23 15:37:00','https://steamcommunity.com/screenshots/scr_cupiditate59'),(46,46,'scr_nam','Vel omnis est quia sint eos suscipit omnis. Non ut esse in quos dolores. Suscipit sed amet mollitia saepe facere ut.',8467,'{\"owner\":\"quia scr_nam\"}','2012-01-06 13:26:56','https://steamcommunity.com/screenshots/scr_nam84'),(47,47,'scr_repellat','Eaque tenetur nostrum possimus facere. Pariatur et tempora mollitia est qui sed et autem. Ducimus amet distinctio sit. Dolore voluptatibus aut dolorem.',2787,'{\"owner\":\"expedita scr_repellat\"}','2016-01-07 00:48:38','https://steamcommunity.com/screenshots/scr_repellat42'),(48,48,'scr_accusantium','Eos et dicta beatae voluptatem eos molestiae possimus. Molestiae dolore nemo voluptatum aut assumenda quae accusamus. Quos tenetur ab enim.',8662,'{\"owner\":\"repellat scr_accusantium\"}','2012-05-21 07:07:37','https://steamcommunity.com/screenshots/scr_accusantium59'),(49,49,'scr_fuga','Ab dolorum architecto sequi. Tenetur nisi itaque sint autem. Aut ut quasi quisquam et odio consectetur. Sed et autem iure autem architecto. Minus praesentium asperiores est quia.',2466,'{\"owner\":\"recusandae scr_fuga\"}','2018-03-18 20:18:41','https://steamcommunity.com/screenshots/scr_fuga69'),(50,50,'scr_aut','Error quia quaerat sunt ut. Quaerat est at deleniti id dolorum ut ut. Ad tempora quia fugit voluptas. Est blanditiis et minima sequi. Molestias consequatur aut aliquid eaque aliquid et.',1049,'{\"owner\":\"consequatur scr_aut\"}','2019-02-19 14:52:26','https://steamcommunity.com/screenshots/scr_aut67'),(51,51,'scr_rerum','Error voluptas voluptas maiores mollitia consectetur accusamus. Tenetur iste repellat aut eligendi illum. Nobis eligendi voluptatibus omnis sint eveniet consequatur nam doloribus.',2036,'{\"owner\":\"quod scr_rerum\"}','2018-02-18 10:25:24','https://steamcommunity.com/screenshots/scr_rerum29'),(52,52,'scr_perferendis','Corrupti officiis consequuntur quo et similique. Magni saepe neque corporis magni. Nostrum eaque assumenda tempora est.',3857,'{\"owner\":\"inventore scr_perferendis\"}','2015-04-28 05:20:11','https://steamcommunity.com/screenshots/scr_perferendis43'),(53,53,'scr_ab','Corrupti tempore nemo dignissimos quaerat ipsum commodi. Quos inventore earum sint ipsa vero in. Eligendi eius repellendus ipsa sunt animi modi nihil. Quia quia alias aut impedit.',6777,'{\"owner\":\"ducimus scr_ab\"}','2017-07-25 21:08:46','https://steamcommunity.com/screenshots/scr_ab29'),(54,54,'scr_saepe','Quia quo earum est at saepe iste. Odio minima quasi fuga dolorem eaque id enim. Illum adipisci et sit et doloribus.',1712,'{\"owner\":\"ea scr_saepe\"}','2012-11-14 21:01:54','https://steamcommunity.com/screenshots/scr_saepe14'),(55,55,'scr_ut','Beatae ipsum dolores voluptas quia ullam. Eius dolor nihil repellendus ex dolor dolor. Tempora accusantium consequatur ea molestiae et laboriosam. Nostrum quis eum odit reiciendis assumenda illum.',3283,'{\"owner\":\"dolores scr_ut\"}','2012-09-26 12:53:22','https://steamcommunity.com/screenshots/scr_ut81'),(56,56,'scr_aut','Ab impedit esse at et assumenda molestias et. Earum id et atque quidem. Reiciendis fugit nihil voluptates aut. Occaecati nulla et debitis voluptatem quam.',1974,'{\"owner\":\"quod scr_aut\"}','2013-05-02 20:27:55','https://steamcommunity.com/screenshots/scr_aut62'),(57,57,'scr_soluta','Voluptate illum et et voluptatem nesciunt quo. Quas vel consequatur dignissimos ipsa. Id iste eum et. Aut non cumque modi.',4830,'{\"owner\":\"amet scr_soluta\"}','2018-01-11 01:18:56','https://steamcommunity.com/screenshots/scr_soluta69'),(58,58,'scr_reiciendis','Maxime provident id officiis quisquam autem provident modi dignissimos. Fuga labore velit hic recusandae recusandae quos.',3667,'{\"owner\":\"qui scr_reiciendis\"}','2015-06-30 23:20:32','https://steamcommunity.com/screenshots/scr_reiciendis56'),(59,59,'scr_ipsam','Aperiam eveniet dolorem quidem. Omnis aut id omnis dolor vel voluptas cumque at. Ab numquam doloribus commodi veniam dolorem.',7447,'{\"owner\":\"tempore scr_ipsam\"}','2017-10-22 01:56:11','https://steamcommunity.com/screenshots/scr_ipsam74'),(60,60,'scr_quidem','Est aliquid beatae dolorum natus exercitationem eum. Molestiae quis aut ut eligendi. Sint nostrum quasi explicabo fugit labore ex voluptatibus. Possimus porro ab velit qui.',4333,'{\"owner\":\"laboriosam scr_quidem\"}','2013-08-09 08:00:45','https://steamcommunity.com/screenshots/scr_quidem100'),(61,61,'scr_animi','Nemo fugit accusamus voluptas eos deserunt. Nam quae dolorem nesciunt provident quaerat et. Dolore sit in tempora voluptas velit facilis dolorem.',1553,'{\"owner\":\"rerum scr_animi\"}','2013-12-14 12:16:16','https://steamcommunity.com/screenshots/scr_animi78'),(62,62,'scr_ut','Ut iure eaque nisi rem sint quia et. Ut omnis dolor sit corporis. Adipisci id qui amet qui molestias quae.',5947,'{\"owner\":\"accusamus scr_ut\"}','2014-02-17 04:50:47','https://steamcommunity.com/screenshots/scr_ut89'),(63,63,'scr_a','Vero nihil omnis beatae commodi est. Qui dignissimos unde tempora facilis omnis perspiciatis esse reprehenderit. Beatae eos fuga libero quisquam porro.',3702,'{\"owner\":\"totam scr_a\"}','2018-07-13 05:01:17','https://steamcommunity.com/screenshots/scr_a12'),(64,64,'scr_aut','Aut aut molestiae illum quisquam expedita. Voluptatem maxime eveniet adipisci totam error asperiores. In dolorum consequuntur reprehenderit iusto.',7586,'{\"owner\":\"magnam scr_aut\"}','2011-12-28 04:00:53','https://steamcommunity.com/screenshots/scr_aut93'),(65,65,'scr_aut','Sunt quia et ipsum laudantium. Sit qui molestias ducimus illo hic. Et cumque non dolorem neque non quo totam. Quisquam vel officia alias ipsum molestias similique.',4353,'{\"owner\":\"quibusdam scr_aut\"}','2017-02-07 09:32:13','https://steamcommunity.com/screenshots/scr_aut27'),(66,66,'scr_non','Qui exercitationem animi nemo voluptas. Minus molestias numquam ab quod. Rerum minima incidunt minima tempore facilis. Et natus officia sunt voluptatem a.',8658,'{\"owner\":\"hic scr_non\"}','2012-01-30 23:26:27','https://steamcommunity.com/screenshots/scr_non57'),(67,67,'scr_est','Dolore fugit praesentium architecto ea a qui sapiente. Laboriosam voluptatem id et est et mollitia sunt. Fugit veniam eum illo sunt accusantium nesciunt itaque.',1019,'{\"owner\":\"sint scr_est\"}','2014-08-27 04:19:42','https://steamcommunity.com/screenshots/scr_est3'),(68,68,'scr_ab','Molestiae qui ut vero consequatur autem magni. Cumque placeat et dolorem quia. Tempora est magnam cumque dicta ea cumque.',5077,'{\"owner\":\"asperiores scr_ab\"}','2019-07-05 08:40:42','https://steamcommunity.com/screenshots/scr_ab41'),(69,69,'scr_et','Adipisci molestiae rerum numquam voluptatibus id ducimus. Dolores culpa similique atque qui dolorum dolorum. Voluptatum voluptatem quidem facere rerum asperiores quia.',4122,'{\"owner\":\"aut scr_et\"}','2012-06-18 17:56:35','https://steamcommunity.com/screenshots/scr_et99'),(70,70,'scr_fugit','Et odio non et ipsa. Neque illo nostrum possimus sunt nostrum odio consequatur. Quia adipisci provident molestiae non aperiam ut dolorem. Officia ut aspernatur accusantium corporis nemo vel.',4254,'{\"owner\":\"sequi scr_fugit\"}','2017-01-14 06:30:54','https://steamcommunity.com/screenshots/scr_fugit70'),(71,71,'scr_reprehenderit','Nesciunt optio quidem et. Aut qui possimus eos debitis quia in mollitia. Aut est quibusdam ut in eos sequi.',2105,'{\"owner\":\"blanditiis scr_reprehenderit\"}','2018-02-18 17:54:37','https://steamcommunity.com/screenshots/scr_reprehenderit54'),(72,72,'scr_et','Ea officiis totam ullam illo. Aperiam debitis quo est doloribus fugiat incidunt commodi. Porro ducimus odit quam et. Dolores ut animi maxime at.',7860,'{\"owner\":\"expedita scr_et\"}','2018-02-28 18:21:23','https://steamcommunity.com/screenshots/scr_et57'),(73,73,'scr_et','Qui illum voluptas odio quo minus. Delectus et voluptate reprehenderit quia tenetur iste ea et. Delectus eaque est voluptatem illo eius. Enim ratione in voluptatem animi vero dicta.',2383,'{\"owner\":\"sit scr_et\"}','2014-03-03 00:28:00','https://steamcommunity.com/screenshots/scr_et24'),(74,74,'scr_eligendi','Asperiores ipsum deleniti est ut. Aut atque ipsa voluptatibus excepturi. Dolor reiciendis facere rerum et sunt recusandae. Dolores eos assumenda laudantium nobis voluptatibus.',2233,'{\"owner\":\"dolorem scr_eligendi\"}','2016-10-11 08:27:08','https://steamcommunity.com/screenshots/scr_eligendi47'),(75,75,'scr_est','Exercitationem id veniam deleniti. Qui ab voluptatem aspernatur. Placeat dolores asperiores quod. Sunt corporis consequuntur ea.',3027,'{\"owner\":\"aspernatur scr_est\"}','2021-04-12 10:27:57','https://steamcommunity.com/screenshots/scr_est64'),(76,76,'scr_voluptatibus','Amet dignissimos consequatur nesciunt distinctio. Atque voluptas et aliquam porro ea hic. Non qui eligendi architecto dolor dicta ut iusto ipsam.',3607,'{\"owner\":\"quod scr_voluptatibus\"}','2020-09-12 09:29:00','https://steamcommunity.com/screenshots/scr_voluptatibus76'),(77,77,'scr_ut','Tenetur nemo et quod id consequatur. Quod quia veniam qui enim voluptatum. Veritatis eos ea aperiam non doloremque.',3767,'{\"owner\":\"et scr_ut\"}','2017-02-01 18:35:31','https://steamcommunity.com/screenshots/scr_ut90'),(78,78,'scr_laboriosam','Voluptatem quidem ducimus enim ipsa amet tempore aspernatur. Expedita aut in quaerat velit. Modi omnis facilis omnis veritatis.',6574,'{\"owner\":\"et scr_laboriosam\"}','2020-03-20 13:20:18','https://steamcommunity.com/screenshots/scr_laboriosam19'),(79,79,'scr_ratione','Quibusdam aut excepturi fuga molestiae. Dolores id libero a ea et esse est. Temporibus praesentium qui quia laboriosam eveniet.',7288,'{\"owner\":\"temporibus scr_ratione\"}','2019-03-03 19:06:24','https://steamcommunity.com/screenshots/scr_ratione26'),(80,80,'scr_et','Numquam nisi voluptatem maxime. Ut qui provident expedita fugit sit et sit. Tempora perspiciatis temporibus quia vero. Voluptatum tempora voluptatem non dolore quis est.',9625,'{\"owner\":\"culpa scr_et\"}','2014-09-18 05:32:52','https://steamcommunity.com/screenshots/scr_et72'),(81,81,'scr_facilis','Fugit dolore quia aut ipsa voluptatem dolores sit. Doloremque repellendus est voluptatem. Qui eius necessitatibus ut placeat.',3654,'{\"owner\":\"fugiat scr_facilis\"}','2015-12-05 05:45:18','https://steamcommunity.com/screenshots/scr_facilis82'),(82,82,'scr_voluptatem','Magni quia aut non placeat. Quia deleniti hic praesentium numquam sed rem est. Rem consequatur enim placeat numquam at aliquid consequuntur. Voluptas ad rerum eligendi esse.',2529,'{\"owner\":\"quis scr_voluptatem\"}','2020-09-13 23:15:40','https://steamcommunity.com/screenshots/scr_voluptatem92'),(83,83,'scr_soluta','Id modi id officiis harum nostrum. Molestias laborum culpa non ut numquam. Voluptatum totam nemo qui quidem aut. Ut quaerat voluptate nesciunt.',2958,'{\"owner\":\"quis scr_soluta\"}','2013-02-23 10:59:27','https://steamcommunity.com/screenshots/scr_soluta16'),(84,84,'scr_dolores','Eos repellendus ipsum non deleniti nihil mollitia quia. Similique animi ab amet beatae ipsum reprehenderit.',7459,'{\"owner\":\"et scr_dolores\"}','2013-01-27 13:20:01','https://steamcommunity.com/screenshots/scr_dolores3'),(85,85,'scr_sapiente','Rerum suscipit sunt rem dolores. Consequatur fugit natus sequi sit corrupti. Voluptatem minus et et ut. Laudantium aut quis minus dolor dolorem.',4656,'{\"owner\":\"maxime scr_sapiente\"}','2017-09-28 05:42:12','https://steamcommunity.com/screenshots/scr_sapiente64'),(86,86,'scr_ipsam','Voluptatem autem nemo omnis accusamus placeat repellendus sunt. Animi dolores et cum asperiores aperiam beatae. Accusantium ut id quod molestias optio quod.',8373,'{\"owner\":\"sit scr_ipsam\"}','2014-07-15 14:55:35','https://steamcommunity.com/screenshots/scr_ipsam12'),(87,87,'scr_quas','Est ea omnis possimus qui sunt sit aspernatur dolore. Voluptas sit vero esse qui.',4266,'{\"owner\":\"minima scr_quas\"}','2014-05-09 11:06:06','https://steamcommunity.com/screenshots/scr_quas69'),(88,88,'scr_provident','Voluptatem laborum rerum aut enim tenetur ab rerum explicabo. Dolorem voluptatem quam non eaque. Numquam tenetur cumque voluptatem voluptate exercitationem earum facilis minima.',6407,'{\"owner\":\"soluta scr_provident\"}','2019-01-28 16:25:00','https://steamcommunity.com/screenshots/scr_provident7'),(89,89,'scr_quaerat','Sequi nulla ratione est odit consectetur ab. Dolor tempore excepturi totam neque. Numquam soluta eum voluptate et rerum necessitatibus voluptates.',7467,'{\"owner\":\"eum scr_quaerat\"}','2015-06-16 22:53:50','https://steamcommunity.com/screenshots/scr_quaerat30'),(90,90,'scr_eos','Nihil harum veritatis similique nisi voluptatem beatae. Voluptatibus qui magnam eius omnis maiores voluptatem assumenda. Id culpa aut sint consequuntur. Ea dicta voluptas culpa.',7123,'{\"owner\":\"et scr_eos\"}','2017-02-02 06:09:58','https://steamcommunity.com/screenshots/scr_eos26'),(91,91,'scr_officiis','Sed amet illo laboriosam non. Sit eum et cupiditate porro enim. Nemo natus repudiandae est vel illum nesciunt. Odit et blanditiis suscipit alias dolorem optio ducimus.',5284,'{\"owner\":\"ipsum scr_officiis\"}','2017-10-18 07:51:17','https://steamcommunity.com/screenshots/scr_officiis39'),(92,92,'scr_et','Voluptates sit accusamus distinctio qui unde aut ut. Fugiat iusto officiis voluptatem at consequatur et qui. Est expedita odio ut sit. Sit eos sint in est cupiditate saepe.',4121,'{\"owner\":\"aut scr_et\"}','2014-03-21 16:30:59','https://steamcommunity.com/screenshots/scr_et18'),(93,93,'scr_saepe','Quos non magnam non sit est. Quaerat vitae iste aut veritatis sequi.\nDucimus voluptatem aspernatur qui illum laudantium incidunt alias. Quia et veniam aspernatur tenetur. Expedita in magni facilis.',3506,'{\"owner\":\"possimus scr_saepe\"}','2014-02-08 03:58:05','https://steamcommunity.com/screenshots/scr_saepe74'),(94,94,'scr_similique','Voluptas doloribus vel quo dignissimos dolore. Repudiandae possimus sunt voluptas voluptatem accusamus perferendis. Accusantium explicabo omnis dolorum tempora.',3852,'{\"owner\":\"et scr_similique\"}','2019-01-27 11:44:42','https://steamcommunity.com/screenshots/scr_similique12'),(95,95,'scr_ducimus','Placeat rem et non harum. Deleniti aut est dolorum dolorem eum. Eum repellendus cupiditate sapiente non.\nId vitae enim recusandae fuga. Nihil sunt sit molestiae expedita est doloribus.',9269,'{\"owner\":\"perferendis scr_ducimus\"}','2020-06-13 05:54:33','https://steamcommunity.com/screenshots/scr_ducimus40'),(96,96,'scr_delectus','Enim eveniet aut repellendus sequi. Vitae ad nobis illo est qui. Aut corporis quos laudantium est dicta debitis ipsa est. Libero consequatur sunt amet omnis.',1645,'{\"owner\":\"in scr_delectus\"}','2012-11-30 22:57:19','https://steamcommunity.com/screenshots/scr_delectus62'),(97,97,'scr_illum','Aspernatur autem blanditiis vel totam expedita maxime harum. Ad pariatur voluptas excepturi est excepturi id. Eveniet repellendus adipisci consectetur repudiandae.',2865,'{\"owner\":\"et scr_illum\"}','2020-12-30 14:52:39','https://steamcommunity.com/screenshots/scr_illum91'),(98,98,'scr_et','Deserunt non nihil excepturi ipsa vitae est quos temporibus. Nemo et iure est officia maiores aperiam et. Necessitatibus culpa natus illo atque sit. Quaerat dolorem est et aliquid.',2914,'{\"owner\":\"dolore scr_et\"}','2015-09-13 19:53:19','https://steamcommunity.com/screenshots/scr_et70'),(99,99,'scr_laborum','Dolorem rerum nisi eos et aut vero corporis illo. Quo magni voluptas aut magnam. Et mollitia a aliquid odit. Sed molestiae molestiae velit totam recusandae aut.',7014,'{\"owner\":\"hic scr_laborum\"}','2021-02-21 19:54:26','https://steamcommunity.com/screenshots/scr_laborum74'),(100,100,'scr_rerum','Corporis voluptatem deleniti provident amet. Cum fugit et voluptatem et facilis et et molestias. A vel aut ullam rerum tempore ut vel. Dolores ipsam quod itaque voluptatem.',1568,'{\"owner\":\"dolorem scr_rerum\"}','2013-11-18 23:46:29','https://steamcommunity.com/screenshots/scr_rerum62'),(101,1,'scr_quasi','Eos natus quia labore nulla. Voluptas unde qui rerum et ut modi. Autem libero nisi soluta consectetur ipsa asperiores a. Ipsam aut aliquid inventore omnis rerum fuga.',9090,'{\"owner\":\"vitae scr_quasi\"}','2015-06-28 08:36:35','https://steamcommunity.com/screenshots/scr_quasi85'),(102,2,'scr_alias','Maiores at quaerat temporibus quasi quos dolorem. Dolor minus eum ut tempora. Sit aut voluptates voluptatum tempora magni incidunt minima autem. Dolores consequatur voluptatem culpa non.',6163,'{\"owner\":\"dolore scr_alias\"}','2013-10-02 00:16:46','https://steamcommunity.com/screenshots/scr_alias40'),(103,3,'scr_qui','Mollitia tempora in consequatur. Neque dignissimos impedit est aliquid. Animi vel deleniti quo ipsa. Doloremque soluta quos magnam assumenda tempora aspernatur aut.',5802,'{\"owner\":\"corporis scr_qui\"}','2019-05-26 21:15:16','https://steamcommunity.com/screenshots/scr_qui46'),(104,4,'scr_voluptatem','Magnam est consequatur rerum sunt ad natus alias. Eius est harum magni iure et. Molestiae voluptas alias id beatae debitis. Repellat rerum at voluptate fuga ducimus. Enim et animi ea tempore.',6451,'{\"owner\":\"animi scr_voluptatem\"}','2016-12-31 21:40:13','https://steamcommunity.com/screenshots/scr_voluptatem6'),(105,5,'scr_quaerat','Dolores debitis odit provident dicta nisi ea enim minus. Ipsa tenetur recusandae et modi deleniti esse. Quia qui odit aut cumque quis asperiores sapiente magni.',6056,'{\"owner\":\"cum scr_quaerat\"}','2014-11-01 13:22:31','https://steamcommunity.com/screenshots/scr_quaerat95'),(106,6,'scr_dolores','Accusamus qui nulla est necessitatibus quos eligendi ullam accusantium. Eum in repudiandae quas dolor. Autem quis assumenda quas ab autem quia.',7706,'{\"owner\":\"consequatur scr_dolores\"}','2019-06-24 21:28:42','https://steamcommunity.com/screenshots/scr_dolores54'),(107,7,'scr_nihil','Id eos eveniet amet. Vero praesentium tempore ut enim. Optio et quaerat veritatis inventore dignissimos. Debitis dolor nam eum vel. Non sunt et qui nostrum et rerum beatae.',7984,'{\"owner\":\"id scr_nihil\"}','2014-02-12 00:29:54','https://steamcommunity.com/screenshots/scr_nihil85'),(108,8,'scr_eum','Sunt excepturi numquam maiores vero voluptatem exercitationem. Laboriosam cumque suscipit aut. Rem nesciunt magnam architecto voluptas sit vitae.',4465,'{\"owner\":\"quos scr_eum\"}','2021-03-01 17:05:30','https://steamcommunity.com/screenshots/scr_eum62'),(109,9,'scr_accusamus','Sed consequatur id enim eius. Ab at explicabo similique earum enim et. Et aspernatur dolorem maiores qui repellendus illum voluptatem illum.',5309,'{\"owner\":\"molestias scr_accusamus\"}','2013-05-03 03:08:56','https://steamcommunity.com/screenshots/scr_accusamus56'),(110,10,'scr_tempora','Autem harum similique expedita quia id voluptates. Et sit magni eos earum rerum vel. Ipsam laborum voluptatem nostrum beatae velit eius.',9215,'{\"owner\":\"est scr_tempora\"}','2020-05-06 03:44:25','https://steamcommunity.com/screenshots/scr_tempora92'),(111,11,'scr_est','Corporis omnis quis sit tempora. Nemo ut qui corporis corporis eos libero aperiam. Odit corporis consequatur cum dolorem. Ipsum ut in ea esse autem. Aliquid illum nobis quo dignissimos.',8033,'{\"owner\":\"vitae scr_est\"}','2018-06-23 07:13:30','https://steamcommunity.com/screenshots/scr_est91'),(112,12,'scr_nisi','Quia corporis accusamus laudantium eum aspernatur. Itaque magnam eos illum et. Ut consequatur animi iste non. Nihil animi libero atque amet eum architecto.',7263,'{\"owner\":\"earum scr_nisi\"}','2018-12-04 18:21:39','https://steamcommunity.com/screenshots/scr_nisi81'),(113,13,'scr_atque','Ullam sit voluptatem quis error. Aliquam ipsum qui esse a.\nQui dolor vel totam beatae earum quia. Velit ipsam quae non ab. At optio iste vero recusandae fugiat.',7892,'{\"owner\":\"iure scr_atque\"}','2016-04-05 19:49:29','https://steamcommunity.com/screenshots/scr_atque30'),(114,14,'scr_voluptas','Itaque sit voluptas dolore et et ipsum. Inventore sunt qui qui a rem aperiam. Facilis id omnis et nostrum eius quis.',4825,'{\"owner\":\"natus scr_voluptas\"}','2012-11-07 17:38:43','https://steamcommunity.com/screenshots/scr_voluptas5'),(115,15,'scr_aut','Ipsum aliquid incidunt dolorem. Qui omnis maxime sit delectus ex. Laborum deleniti modi iste omnis accusamus aut numquam. Omnis aperiam nesciunt earum eos repellendus quia deleniti.',3648,'{\"owner\":\"voluptas scr_aut\"}','2017-10-11 22:20:20','https://steamcommunity.com/screenshots/scr_aut38'),(116,16,'scr_vel','Sapiente perspiciatis tempora repellendus sit quam. Esse autem voluptatem illum modi eos. Sint natus quidem nesciunt nulla veniam. Odit aliquid deleniti veritatis non.',1740,'{\"owner\":\"sed scr_vel\"}','2014-07-29 20:10:42','https://steamcommunity.com/screenshots/scr_vel71'),(117,17,'scr_odit','Dicta placeat voluptas in est totam. Sequi quidem sed quas cum consectetur quis veritatis. Voluptatem aut ea iste cumque dolores. Voluptatem earum qui mollitia nihil quo esse nobis.',2616,'{\"owner\":\"dolores scr_odit\"}','2016-11-14 04:11:59','https://steamcommunity.com/screenshots/scr_odit42'),(118,18,'scr_harum','Alias eveniet qui est quisquam suscipit qui quis. Nostrum ea repudiandae vel sint labore dolorem fugit. Nihil dolor quia debitis eligendi reprehenderit alias. Quam est soluta eaque reprehenderit ea.',3424,'{\"owner\":\"sunt scr_harum\"}','2015-01-16 12:33:09','https://steamcommunity.com/screenshots/scr_harum96'),(119,19,'scr_temporibus','Cumque autem voluptas odit magnam ut. Dolore aliquam dignissimos perferendis ex soluta. Aliquam rerum quae officia cumque voluptates amet.',5407,'{\"owner\":\"ipsam scr_temporibus\"}','2011-06-09 15:42:57','https://steamcommunity.com/screenshots/scr_temporibus55'),(120,20,'scr_necessitatibus','Dolor qui exercitationem odio qui. Qui tempora est illum nemo iure est voluptatem. Sunt qui laborum voluptate dolore reiciendis. Eligendi quo recusandae dicta dicta possimus eaque porro dolores.',9005,'{\"owner\":\"et scr_necessitatibus\"}','2016-03-28 06:27:59','https://steamcommunity.com/screenshots/scr_necessitatibus87'),(121,21,'scr_aut','Voluptate quaerat quae et quae quia. Velit quo et numquam officiis ut alias voluptas. Odio ut reiciendis aut est impedit.',6673,'{\"owner\":\"numquam scr_aut\"}','2013-04-22 02:11:44','https://steamcommunity.com/screenshots/scr_aut68'),(122,22,'scr_consequatur','Et eum dolore qui voluptatem tempora sed. Architecto eveniet dolorem qui ducimus esse dolores. Accusamus tempora eos repudiandae voluptates velit qui aspernatur.',8388,'{\"owner\":\"laborum scr_consequatur\"}','2021-02-06 14:22:36','https://steamcommunity.com/screenshots/scr_consequatur80'),(123,23,'scr_autem','Nostrum doloribus pariatur dolor sed esse unde quas. Blanditiis consequatur id aut quod est quia. Enim id quisquam quia. Quis non ipsa veritatis dolor repellendus voluptatem dolorem omnis.',8232,'{\"owner\":\"enim scr_autem\"}','2015-11-24 09:51:46','https://steamcommunity.com/screenshots/scr_autem94'),(124,24,'scr_architecto','Eos rerum quaerat sapiente delectus nihil. Quos atque nihil mollitia sint vero mollitia dicta deleniti. Laboriosam et voluptatem molestiae ut eos.',7988,'{\"owner\":\"eos scr_architecto\"}','2017-08-22 09:33:29','https://steamcommunity.com/screenshots/scr_architecto29'),(125,25,'scr_molestiae','Ut ullam iure quibusdam sunt aut impedit. Cum magnam reprehenderit est porro suscipit quas dolorum. Ullam aut aut cum.',4395,'{\"owner\":\"eum scr_molestiae\"}','2017-06-02 13:07:06','https://steamcommunity.com/screenshots/scr_molestiae64'),(126,26,'scr_optio','Harum velit quia aut eos fugiat alias praesentium. Et ut harum harum laborum nobis quo eligendi. Non ut soluta animi soluta nemo. Nemo tempora velit qui aut. Autem quidem sed debitis illum.',2896,'{\"owner\":\"laudantium scr_optio\"}','2015-11-08 03:59:28','https://steamcommunity.com/screenshots/scr_optio32'),(127,27,'scr_nisi','Earum ut esse architecto voluptas sit corrupti iure ipsam. Odit in vel in quia perspiciatis.',6230,'{\"owner\":\"nemo scr_nisi\"}','2020-04-04 02:43:32','https://steamcommunity.com/screenshots/scr_nisi68'),(128,28,'scr_quia','Tenetur non facere officiis magnam adipisci. A accusantium dolores tempore ea amet. Illo alias quam voluptates dolores.',8550,'{\"owner\":\"et scr_quia\"}','2013-11-30 14:51:23','https://steamcommunity.com/screenshots/scr_quia41'),(129,29,'scr_ut','Unde ut ducimus et dolores facere vitae placeat. Quidem dolor dolore dolores. Non voluptatem rerum nisi sit.',2422,'{\"owner\":\"nihil scr_ut\"}','2021-03-08 17:09:07','https://steamcommunity.com/screenshots/scr_ut4'),(130,30,'scr_voluptas','Nobis totam pariatur iste molestias nihil dolorem dolorem. Enim et sunt distinctio beatae. Iusto voluptatem earum minima esse. Saepe repellat ut neque doloremque nesciunt aut odit.',4903,'{\"owner\":\"porro scr_voluptas\"}','2012-12-13 09:51:22','https://steamcommunity.com/screenshots/scr_voluptas94'),(131,31,'scr_quo','Occaecati voluptatum error dignissimos. Recusandae autem veniam commodi eveniet quidem.',8350,'{\"owner\":\"laudantium scr_quo\"}','2021-05-19 18:16:19','https://steamcommunity.com/screenshots/scr_quo60'),(132,32,'scr_sunt','Enim facilis earum est distinctio. Accusamus vitae rerum corporis amet deserunt ex. Omnis voluptatum rerum amet in blanditiis voluptates. Quasi corrupti a odit debitis nostrum error libero autem.',6101,'{\"owner\":\"ad scr_sunt\"}','2018-03-03 04:38:46','https://steamcommunity.com/screenshots/scr_sunt18'),(133,33,'scr_architecto','Nobis ipsam id est voluptatem. Exercitationem nam quasi dicta autem aperiam sunt modi. Corporis qui aut explicabo fuga id. Sint ipsa non qui ratione aliquid. Et esse suscipit eos non et dolorum qui.',5481,'{\"owner\":\"animi scr_architecto\"}','2017-12-17 13:11:19','https://steamcommunity.com/screenshots/scr_architecto7'),(134,34,'scr_explicabo','Aut aut sit qui quam architecto. Fugit esse labore voluptas repudiandae.',2508,'{\"owner\":\"voluptate scr_explicabo\"}','2014-11-19 04:19:51','https://steamcommunity.com/screenshots/scr_explicabo80'),(135,35,'scr_neque','Illo quasi tenetur ut deserunt. Labore alias explicabo nesciunt repellendus quis corrupti facilis aut. Quia et quisquam qui error velit nam.',1410,'{\"owner\":\"deleniti scr_neque\"}','2016-12-29 16:22:52','https://steamcommunity.com/screenshots/scr_neque78'),(136,36,'scr_consequatur','Quis suscipit asperiores voluptas illo sunt. Atque perspiciatis aut alias sint illum. Dolorum quo assumenda dolores commodi totam incidunt veritatis. Nihil quia rerum soluta nostrum.',6034,'{\"owner\":\"sunt scr_consequatur\"}','2018-09-13 14:37:48','https://steamcommunity.com/screenshots/scr_consequatur49'),(137,37,'scr_et','Qui distinctio maiores voluptas aliquam et facere. Impedit asperiores temporibus sit. Et sit quo aspernatur ex at. Dignissimos dicta qui est veritatis et aspernatur quos.',5696,'{\"owner\":\"sit scr_et\"}','2013-12-16 10:06:38','https://steamcommunity.com/screenshots/scr_et13'),(138,38,'scr_rerum','Eos eligendi sunt aut est nulla et ipsum blanditiis. Molestiae facilis veniam nisi minima. Sed aut voluptatem deserunt dolor et eveniet.',7070,'{\"owner\":\"nihil scr_rerum\"}','2019-03-16 03:45:58','https://steamcommunity.com/screenshots/scr_rerum16'),(139,39,'scr_tempore','Esse consectetur illum blanditiis voluptatem. Libero dolorem consequatur ut. Doloribus asperiores et magnam est quos quis. Nisi quisquam repellendus quo totam tempora nobis itaque.',1886,'{\"owner\":\"at scr_tempore\"}','2020-06-29 14:51:12','https://steamcommunity.com/screenshots/scr_tempore41'),(140,40,'scr_eos','Et earum expedita vitae qui soluta maiores et. Quia ut nobis expedita. Accusantium harum quisquam iste vel in est quis repellat. Autem est repellat quisquam quo cumque enim explicabo error.',3915,'{\"owner\":\"earum scr_eos\"}','2019-02-24 17:40:16','https://steamcommunity.com/screenshots/scr_eos55'),(141,41,'scr_voluptatum','Veniam provident omnis recusandae qui ut est asperiores. Neque accusantium voluptatem repellendus nisi aut. Ratione molestiae aspernatur eum itaque. Est accusantium est quis placeat beatae deleniti.',7677,'{\"owner\":\"rerum scr_voluptatum\"}','2020-10-23 01:25:42','https://steamcommunity.com/screenshots/scr_voluptatum54'),(142,42,'scr_dolor','Fugiat placeat similique et modi dicta voluptatum. Omnis quas atque autem ea. Nihil impedit animi quo incidunt est eos est.',1671,'{\"owner\":\"dolores scr_dolor\"}','2018-11-25 08:01:51','https://steamcommunity.com/screenshots/scr_dolor3'),(143,43,'scr_placeat','Dolores magni aut et repellat deserunt. Nesciunt placeat et aliquid voluptatum. Numquam corporis doloremque et perspiciatis sunt exercitationem fuga consectetur. Culpa veniam distinctio dolorem.',3901,'{\"owner\":\"sunt scr_placeat\"}','2011-09-11 23:19:03','https://steamcommunity.com/screenshots/scr_placeat52'),(144,44,'scr_asperiores','Rem recusandae doloremque autem ab. Natus nesciunt aut quaerat molestiae voluptatem quae. Nemo dolor facilis aut rerum autem sed. Voluptatem blanditiis molestias sunt voluptate.',7420,'{\"owner\":\"quidem scr_asperiores\"}','2013-03-24 00:11:59','https://steamcommunity.com/screenshots/scr_asperiores53'),(145,45,'scr_omnis','Minima sunt maxime commodi sequi consequuntur consequatur. Rerum soluta nemo molestias quod dolores cumque cupiditate dicta.',8299,'{\"owner\":\"natus scr_omnis\"}','2021-01-18 23:57:22','https://steamcommunity.com/screenshots/scr_omnis7'),(146,46,'scr_qui','Et ipsum sunt incidunt. Voluptas autem iste est aut a non. Aut in accusantium ut quia molestiae laboriosam.',2422,'{\"owner\":\"quia scr_qui\"}','2011-09-20 13:57:56','https://steamcommunity.com/screenshots/scr_qui77'),(147,47,'scr_et','Aspernatur ut nesciunt accusamus nesciunt sequi in. Est et sed consequuntur tempore eligendi odio quo. Eligendi reiciendis aliquid voluptates. Veritatis et consequatur rem voluptas ut rerum sint.',9607,'{\"owner\":\"expedita scr_et\"}','2012-07-18 04:43:49','https://steamcommunity.com/screenshots/scr_et60'),(148,48,'scr_asperiores','Molestiae aliquam dolorem veritatis debitis dolores. Voluptates accusamus sunt maiores. Quo praesentium dignissimos est nisi repellat voluptas maiores.',8511,'{\"owner\":\"repellat scr_asperiores\"}','2016-09-24 02:23:08','https://steamcommunity.com/screenshots/scr_asperiores72'),(149,49,'scr_architecto','Eligendi voluptatem ipsam quia dicta qui et. Ut consequuntur suscipit sunt beatae. Nemo voluptatem corrupti at quis excepturi.',2277,'{\"owner\":\"recusandae scr_architecto\"}','2018-11-04 00:41:36','https://steamcommunity.com/screenshots/scr_architecto80'),(150,50,'scr_necessitatibus','Quo modi dolores molestiae deserunt exercitationem vitae soluta. Aut dicta quod rerum quasi alias velit quia. Aut vel aut voluptas vero. Vitae doloremque sint alias maxime.',7825,'{\"owner\":\"consequatur scr_necessitatibus\"}','2015-03-03 00:26:21','https://steamcommunity.com/screenshots/scr_necessitatibus80'),(151,51,'scr_blanditiis','Nobis harum quia voluptatem hic quam distinctio. Ut quo consequatur quod sunt aut sint. Est deserunt id accusamus quaerat nobis animi.',6706,'{\"owner\":\"quod scr_blanditiis\"}','2018-05-06 10:52:44','https://steamcommunity.com/screenshots/scr_blanditiis62'),(152,52,'scr_numquam','Officiis provident amet deserunt nisi numquam doloribus. Totam enim harum voluptatum sed fugit. Minus similique nostrum dicta ratione molestias.',5689,'{\"owner\":\"inventore scr_numquam\"}','2018-01-11 11:13:04','https://steamcommunity.com/screenshots/scr_numquam68'),(153,53,'scr_vitae','Nisi voluptas quo tempore sit error. Rerum ad veniam explicabo iusto non at. Voluptatem doloremque blanditiis quisquam.',4721,'{\"owner\":\"ducimus scr_vitae\"}','2017-03-08 01:11:37','https://steamcommunity.com/screenshots/scr_vitae54'),(154,54,'scr_qui','Eius porro rerum minima expedita suscipit cupiditate est. Ipsam esse corporis aliquid asperiores minus necessitatibus dolor. Est quisquam eum quia sit.',2778,'{\"owner\":\"ea scr_qui\"}','2015-06-19 01:02:55','https://steamcommunity.com/screenshots/scr_qui67'),(155,55,'scr_tenetur','Quo at culpa doloremque. Ducimus et magnam quia quasi nesciunt ab. Facilis eos sint atque qui accusamus.',4625,'{\"owner\":\"dolores scr_tenetur\"}','2014-02-17 00:18:52','https://steamcommunity.com/screenshots/scr_tenetur71'),(156,56,'scr_dolore','Suscipit ut voluptatem aut eius ad deleniti. Minus sed dolores nisi tempore error saepe sed excepturi. Nostrum ipsa non porro voluptas maiores. Sint nulla et fugit fugit.',2625,'{\"owner\":\"quod scr_dolore\"}','2020-01-20 02:26:13','https://steamcommunity.com/screenshots/scr_dolore54'),(157,57,'scr_omnis','Quis voluptatem eum in necessitatibus voluptates rerum repudiandae. Velit voluptatem dolorem totam cumque deleniti. Aut molestiae doloribus molestiae rerum magnam. Cum in cupiditate quo vero qui sed.',7623,'{\"owner\":\"amet scr_omnis\"}','2018-12-16 02:23:05','https://steamcommunity.com/screenshots/scr_omnis54'),(158,58,'scr_expedita','Cum ut error omnis hic praesentium. Aut quia quis accusamus eos fugit reiciendis odio. Praesentium ut maxime neque quod dolor.',1371,'{\"owner\":\"qui scr_expedita\"}','2018-10-31 21:10:59','https://steamcommunity.com/screenshots/scr_expedita10'),(159,59,'scr_unde','Minus est sunt eum sed est. Est aut ut facere quidem labore ut et aut. Quia alias et ad repudiandae aut. Cum similique et quo incidunt iure quia voluptatem. Reiciendis et saepe laboriosam amet.',5144,'{\"owner\":\"tempore scr_unde\"}','2016-10-26 01:01:50','https://steamcommunity.com/screenshots/scr_unde89'),(160,60,'scr_illo','Voluptatibus aut natus et aut corporis ipsa. Aut aut sit ratione architecto. Dolor quaerat saepe ut exercitationem.',2087,'{\"owner\":\"laboriosam scr_illo\"}','2020-11-17 01:15:27','https://steamcommunity.com/screenshots/scr_illo13'),(161,61,'scr_explicabo','Dolor eveniet ratione odio. Molestias et est voluptate. Saepe ut nulla qui optio eius. Suscipit placeat omnis quidem.',7821,'{\"owner\":\"rerum scr_explicabo\"}','2011-11-16 20:36:04','https://steamcommunity.com/screenshots/scr_explicabo98'),(162,62,'scr_quae','Cumque quia et non nulla tempore sit. Esse praesentium totam voluptas vitae aut quisquam provident. Laudantium distinctio exercitationem eligendi omnis necessitatibus voluptas.',4394,'{\"owner\":\"accusamus scr_quae\"}','2019-08-23 12:40:53','https://steamcommunity.com/screenshots/scr_quae49'),(163,63,'scr_consequuntur','Dolores dolorem nemo adipisci. Non repellat maiores ut et et mollitia. Eaque dolores tempora similique quasi. Omnis pariatur dolore cupiditate est a laudantium quis.',7103,'{\"owner\":\"totam scr_consequuntur\"}','2014-07-05 08:34:39','https://steamcommunity.com/screenshots/scr_consequuntur50'),(164,64,'scr_explicabo','Voluptatem molestias nostrum iste voluptas nemo sapiente. Animi eum enim perferendis ab. Est rerum exercitationem est. Voluptate aliquam hic et. Ad reiciendis voluptas et consectetur.',8177,'{\"owner\":\"magnam scr_explicabo\"}','2013-01-26 18:37:46','https://steamcommunity.com/screenshots/scr_explicabo4'),(165,65,'scr_fugit','Corrupti magnam aut nihil quae. Reiciendis tempora quo commodi quis quam qui occaecati. Ut blanditiis quo quis ut occaecati porro.',2423,'{\"owner\":\"quibusdam scr_fugit\"}','2015-04-22 11:04:56','https://steamcommunity.com/screenshots/scr_fugit70'),(166,66,'scr_explicabo','Eos nam autem libero sequi. Inventore optio sit facere voluptatem quia.',9151,'{\"owner\":\"hic scr_explicabo\"}','2015-08-26 21:15:51','https://steamcommunity.com/screenshots/scr_explicabo36'),(167,67,'scr_explicabo','Est beatae tempore ab. Ut reiciendis rem repellat nam id ipsum. Maiores molestiae voluptate rerum est. Nihil repellendus ut qui consequatur.',2454,'{\"owner\":\"sint scr_explicabo\"}','2019-07-22 04:16:56','https://steamcommunity.com/screenshots/scr_explicabo71'),(168,68,'scr_id','Distinctio minima qui facere. Veritatis consequuntur architecto veritatis soluta exercitationem itaque quasi.',9816,'{\"owner\":\"asperiores scr_id\"}','2014-12-04 12:11:22','https://steamcommunity.com/screenshots/scr_id46'),(169,69,'scr_aut','Sit odit hic sit omnis qui ducimus optio. Architecto unde necessitatibus recusandae atque sunt odio. Qui quibusdam est id distinctio molestiae corrupti quaerat neque.',4635,'{\"owner\":\"aut scr_aut\"}','2017-10-15 05:53:31','https://steamcommunity.com/screenshots/scr_aut16'),(170,70,'scr_odio','Ad et modi consequatur ullam maxime libero. Fuga tempora blanditiis ea totam. Aspernatur sapiente qui sint ut sed facilis.',7982,'{\"owner\":\"sequi scr_odio\"}','2017-06-15 16:52:52','https://steamcommunity.com/screenshots/scr_odio41'),(171,71,'scr_omnis','Perspiciatis ratione quia inventore doloremque atque. Autem fugit sapiente quia aut dolor laudantium. Molestias impedit illum asperiores earum.',8634,'{\"owner\":\"blanditiis scr_omnis\"}','2017-07-23 20:19:45','https://steamcommunity.com/screenshots/scr_omnis58'),(172,72,'scr_possimus','Veniam illo consequuntur earum quaerat neque. Ullam perspiciatis ab deserunt dolores. Ullam tenetur velit labore sit animi praesentium.',3660,'{\"owner\":\"expedita scr_possimus\"}','2014-12-31 14:07:30','https://steamcommunity.com/screenshots/scr_possimus66'),(173,73,'scr_aspernatur','Ipsa quam rerum praesentium. Tempora fuga quos perspiciatis fugit ratione.\nSimilique ut amet est eos. Dolores ullam repellendus itaque unde non sint. Quaerat ipsam libero labore debitis nisi aut.',6643,'{\"owner\":\"sit scr_aspernatur\"}','2019-11-08 22:17:14','https://steamcommunity.com/screenshots/scr_aspernatur55'),(174,74,'scr_porro','Id modi libero nobis est voluptas. Qui qui eius ut provident doloribus. Excepturi ratione vero ut atque voluptatem nisi.',8015,'{\"owner\":\"dolorem scr_porro\"}','2020-01-09 05:34:19','https://steamcommunity.com/screenshots/scr_porro75'),(175,75,'scr_quam','Quam repellendus doloribus qui et. Sed asperiores odit ea in quae similique velit. Accusamus qui rem optio quisquam minus aut corporis.',4192,'{\"owner\":\"aspernatur scr_quam\"}','2013-08-04 17:07:30','https://steamcommunity.com/screenshots/scr_quam10'),(176,76,'scr_et','Nulla et alias quo deleniti magnam et et qui. Voluptatum facilis eius mollitia id modi culpa. Voluptatem laudantium nam impedit eos maiores ut quaerat.',5625,'{\"owner\":\"quod scr_et\"}','2013-04-09 00:34:26','https://steamcommunity.com/screenshots/scr_et23'),(177,77,'scr_repellat','Ut fuga maxime quasi earum. Ipsam voluptatem sint dolores eaque aut culpa nesciunt pariatur. Ad aut nesciunt commodi sit libero consectetur labore et. Fugit aut hic id rerum voluptatem est libero.',1821,'{\"owner\":\"et scr_repellat\"}','2018-10-17 06:35:36','https://steamcommunity.com/screenshots/scr_repellat85'),(178,78,'scr_non','Vel minima iure sed voluptatibus. Qui dolor dolorum molestias et debitis quas ut. Laudantium enim quis impedit maiores. Quia natus sit accusantium qui optio quam quos est.',2184,'{\"owner\":\"et scr_non\"}','2019-02-21 06:39:28','https://steamcommunity.com/screenshots/scr_non58'),(179,79,'scr_quos','Aut deserunt veritatis quia blanditiis. Quia facere provident nulla voluptates neque temporibus dolorum. Et est ea nisi autem accusantium sunt sit.',5733,'{\"owner\":\"temporibus scr_quos\"}','2018-08-16 13:39:48','https://steamcommunity.com/screenshots/scr_quos33'),(180,80,'scr_commodi','Dolorem possimus laborum sint dolor velit. Qui necessitatibus asperiores voluptas dignissimos eligendi molestiae cumque. Qui aut hic enim minus sapiente. Non et reiciendis cupiditate perspiciatis.',1252,'{\"owner\":\"culpa scr_commodi\"}','2013-07-31 00:37:56','https://steamcommunity.com/screenshots/scr_commodi92'),(181,81,'scr_ex','Nobis aliquid et perferendis aperiam. Perferendis ipsa qui blanditiis qui. Odit beatae pariatur ea vitae enim.',3764,'{\"owner\":\"fugiat scr_ex\"}','2020-04-06 16:25:30','https://steamcommunity.com/screenshots/scr_ex60'),(182,82,'scr_consectetur','Ducimus asperiores optio sequi odio ex assumenda repellendus doloribus. Magni provident vitae impedit dolor. Aperiam in aut cupiditate nihil in autem.',3542,'{\"owner\":\"quis scr_consectetur\"}','2012-06-13 14:08:57','https://steamcommunity.com/screenshots/scr_consectetur23'),(183,83,'scr_sit','Fugiat iste nisi ut consequatur sed quia exercitationem. Iste nobis autem nihil eum voluptatum reiciendis et. Itaque aspernatur hic occaecati sed sed nulla dolorum.',6057,'{\"owner\":\"quis scr_sit\"}','2017-12-05 22:17:30','https://steamcommunity.com/screenshots/scr_sit34'),(184,84,'scr_aut','Rem tenetur nisi earum debitis omnis dolorem eaque et. Molestiae qui reiciendis ratione blanditiis quod debitis eveniet adipisci. Laboriosam maiores aut illum vero.',6910,'{\"owner\":\"et scr_aut\"}','2017-03-06 07:14:58','https://steamcommunity.com/screenshots/scr_aut2'),(185,85,'scr_est','Modi enim qui beatae blanditiis ut est voluptate omnis. Dolore totam minima qui laborum officiis. Voluptas necessitatibus est delectus voluptatem vel eos nemo modi.',1237,'{\"owner\":\"maxime scr_est\"}','2020-12-11 03:41:28','https://steamcommunity.com/screenshots/scr_est7'),(186,86,'scr_repudiandae','Unde et qui natus suscipit totam quisquam sed qui. Rerum qui occaecati esse explicabo.',8671,'{\"owner\":\"sit scr_repudiandae\"}','2017-04-08 19:35:51','https://steamcommunity.com/screenshots/scr_repudiandae28'),(187,87,'scr_quis','Dolor est voluptate et culpa porro velit. Minima temporibus ducimus dolorum voluptas aperiam sint eum. Dicta ut labore eos ut.',1239,'{\"owner\":\"minima scr_quis\"}','2013-09-11 02:31:15','https://steamcommunity.com/screenshots/scr_quis19'),(188,88,'scr_vel','Reprehenderit qui et velit aut quas. Commodi laborum odit voluptates sed facilis tempora. Aut consequuntur sint reiciendis sed ex sed.',1120,'{\"owner\":\"soluta scr_vel\"}','2021-04-10 07:47:29','https://steamcommunity.com/screenshots/scr_vel8'),(189,89,'scr_veniam','Dolore id nisi doloremque. Qui aut molestias et corporis. Nam consequatur omnis aliquid aliquam fugiat porro similique. Totam nihil labore quos at quos.',7096,'{\"owner\":\"eum scr_veniam\"}','2016-09-13 22:59:35','https://steamcommunity.com/screenshots/scr_veniam85'),(190,90,'scr_vero','Nam exercitationem dolorem ut voluptas aut aut similique. Exercitationem temporibus beatae molestias sequi eum ut. Ipsum ipsam eum voluptate voluptatem facilis incidunt architecto.',6547,'{\"owner\":\"et scr_vero\"}','2015-01-21 06:01:31','https://steamcommunity.com/screenshots/scr_vero2'),(191,91,'scr_delectus','Ex culpa omnis soluta et tempora sed. Quia dignissimos vel maiores et odit quibusdam. Animi ratione officiis suscipit tempore cumque sequi.',5891,'{\"owner\":\"ipsum scr_delectus\"}','2018-07-09 06:12:27','https://steamcommunity.com/screenshots/scr_delectus51'),(192,92,'scr_adipisci','Deserunt assumenda soluta in eos voluptatem enim. Quas eum facere reprehenderit nulla in error. Quo eveniet non ut sequi aut aspernatur ullam dolorem.',7543,'{\"owner\":\"aut scr_adipisci\"}','2018-08-28 08:07:27','https://steamcommunity.com/screenshots/scr_adipisci50'),(193,93,'scr_sit','Earum et quia perferendis. Nihil rem impedit in ea. Odio quis ipsa neque ad quas culpa.',2144,'{\"owner\":\"possimus scr_sit\"}','2019-11-23 22:21:37','https://steamcommunity.com/screenshots/scr_sit96'),(194,94,'scr_id','Tenetur voluptatem adipisci eum eos. Deleniti et suscipit iste magnam enim et.',3139,'{\"owner\":\"et scr_id\"}','2017-03-12 16:50:45','https://steamcommunity.com/screenshots/scr_id32'),(195,95,'scr_magni','Laudantium quisquam cum et dolor dolor dolorem omnis voluptas. Sequi excepturi quia itaque sint aliquid magni. Ut magni qui sit unde est.',5118,'{\"owner\":\"perferendis scr_magni\"}','2020-09-06 09:36:18','https://steamcommunity.com/screenshots/scr_magni69'),(196,96,'scr_voluptatem','Deserunt aliquam neque blanditiis atque quidem repellendus dicta. Repudiandae quisquam qui temporibus iusto ullam.',2309,'{\"owner\":\"in scr_voluptatem\"}','2014-05-09 09:33:10','https://steamcommunity.com/screenshots/scr_voluptatem49'),(197,97,'scr_dolorum','Dolorum saepe aut eum. Nihil occaecati voluptatem et corrupti ipsam rerum. Voluptas soluta quia itaque reiciendis. Rerum sint omnis et non exercitationem veniam.',9006,'{\"owner\":\"et scr_dolorum\"}','2017-01-18 03:47:16','https://steamcommunity.com/screenshots/scr_dolorum39'),(198,98,'scr_non','Velit rem nam tenetur atque reiciendis laborum deleniti. Eligendi minima voluptatem repellendus atque nihil. At sit non expedita et quidem dolores. Rerum saepe cumque omnis eum.',8150,'{\"owner\":\"dolore scr_non\"}','2016-08-23 01:13:56','https://steamcommunity.com/screenshots/scr_non47'),(199,99,'scr_dolorem','Atque fugit recusandae officiis et. Veniam ipsa reprehenderit ullam. Possimus corrupti dolore nostrum. Veniam rerum aut dolore facilis suscipit eum neque.',8901,'{\"owner\":\"hic scr_dolorem\"}','2018-10-03 14:55:34','https://steamcommunity.com/screenshots/scr_dolorem18'),(200,100,'scr_aut','Sunt odit delectus consequatur aliquid aliquam consequatur et. Occaecati molestiae quae sequi asperiores quos esse. Quia neque optio voluptas et provident. Aut voluptas minus eius ex.',5752,'{\"owner\":\"dolorem scr_aut\"}','2017-11-30 11:47:09','https://steamcommunity.com/screenshots/scr_aut49');
/*!40000 ALTER TABLE `screenshots` ENABLE KEYS */;
UNLOCK TABLES;

--
-- Table structure for table `update_logs`
--

DROP TABLE IF EXISTS `update_logs`;
/*!40101 SET @saved_cs_client     = @@character_set_client */;
/*!50503 SET character_set_client = utf8mb4 */;
CREATE TABLE `update_logs` (
  `id` int unsigned NOT NULL AUTO_INCREMENT,
  `created_at` datetime DEFAULT CURRENT_TIMESTAMP,
  `table_name` varchar(50) NOT NULL,
  `name_value` varchar(25) NOT NULL,
  `cash_value` int unsigned DEFAULT NULL,
  PRIMARY KEY (`id`)
) ENGINE=ARCHIVE AUTO_INCREMENT=3 DEFAULT CHARSET=utf8mb4 COLLATE=utf8mb4_0900_ai_ci;
/*!40101 SET character_set_client = @saved_cs_client */;

--
-- Dumping data for table `update_logs`
--

LOCK TABLES `update_logs` WRITE;
/*!40000 ALTER TABLE `update_logs` DISABLE KEYS */;
INSERT INTO `update_logs` VALUES (1,'2021-05-28 21:51:02','users','dolore',5000),(2,'2021-05-28 21:51:04','authors',' Mojang Studios',50000);
/*!40000 ALTER TABLE `update_logs` ENABLE KEYS */;
UNLOCK TABLES;

--
-- Table structure for table `user_games`
--

DROP TABLE IF EXISTS `user_games`;
/*!40101 SET @saved_cs_client     = @@character_set_client */;
/*!50503 SET character_set_client = utf8mb4 */;
CREATE TABLE `user_games` (
  `user_id` int unsigned NOT NULL COMMENT 'Ссылка на пользователя',
  `game_id` int unsigned NOT NULL COMMENT 'Ссылка на игру',
  `buy_at` datetime DEFAULT CURRENT_TIMESTAMP COMMENT 'дата покупки',
  PRIMARY KEY (`game_id`,`user_id`) COMMENT 'Составной первичный ключ',
  KEY `games_user_id_from_users_id_fk` (`user_id`),
  CONSTRAINT `game_id_from_games_id_fk` FOREIGN KEY (`game_id`) REFERENCES `games` (`id`) ON DELETE CASCADE,
  CONSTRAINT `games_user_id_from_users_id_fk` FOREIGN KEY (`user_id`) REFERENCES `users` (`id`)
) ENGINE=InnoDB DEFAULT CHARSET=utf8mb4 COLLATE=utf8mb4_unicode_ci COMMENT='Игр пользователей';
/*!40101 SET character_set_client = @saved_cs_client */;

--
-- Dumping data for table `user_games`
--

LOCK TABLES `user_games` WRITE;
/*!40000 ALTER TABLE `user_games` DISABLE KEYS */;
INSERT INTO `user_games` VALUES (1,1,'2012-08-15 06:11:38'),(4,1,'2021-05-28 21:53:59'),(51,1,'2020-06-23 05:21:10'),(2,2,'2019-02-26 14:21:31'),(52,2,'2013-11-05 09:40:35'),(3,3,'2014-12-20 10:58:00'),(31,3,'2021-05-28 21:53:57'),(53,3,'2016-06-15 00:27:33'),(4,4,'2013-10-16 19:51:52'),(54,4,'2014-05-19 07:27:19'),(5,5,'2019-10-07 12:48:29'),(55,5,'2012-11-06 07:04:09'),(6,6,'2020-07-13 00:05:07'),(56,6,'2013-04-12 03:06:55'),(99,6,'2021-05-28 21:53:54'),(7,7,'2013-09-19 09:38:13'),(17,7,'2021-05-28 21:54:02'),(48,7,'2021-05-28 21:53:58'),(57,7,'2019-06-15 20:12:36'),(8,8,'2015-12-14 06:57:44'),(58,8,'2021-01-01 14:37:21'),(9,9,'2014-06-21 06:37:59'),(17,9,'2021-05-28 21:53:56'),(59,9,'2014-07-23 16:23:29'),(70,9,'2021-05-28 21:54:03'),(10,10,'2015-04-23 13:59:49'),(60,10,'2018-06-03 06:24:41'),(11,11,'2020-04-07 02:56:29'),(61,11,'2015-02-24 01:38:37'),(1,12,'2021-05-28 21:54:02'),(12,12,'2020-05-09 21:35:43'),(62,12,'2014-10-07 20:14:55'),(13,13,'2013-05-29 14:11:55'),(54,13,'2021-05-28 21:53:53'),(63,13,'2013-02-03 06:02:49'),(14,14,'2018-02-01 03:56:08'),(64,14,'2017-04-02 21:38:37'),(76,14,'2021-05-28 21:54:03'),(15,15,'2011-12-23 00:24:38'),(65,15,'2012-06-14 12:27:40'),(16,16,'2018-06-03 01:38:22'),(66,16,'2017-02-24 16:22:46'),(17,17,'2014-04-15 23:38:21'),(67,17,'2019-12-01 16:08:55'),(18,18,'2016-02-15 02:59:13'),(68,18,'2016-03-06 08:17:47'),(19,19,'2016-12-17 04:06:47'),(69,19,'2012-09-10 02:12:41'),(20,20,'2014-10-07 09:45:23'),(70,20,'2015-02-24 05:14:09'),(98,20,'2021-05-28 21:53:59'),(21,21,'2018-12-06 08:34:56'),(71,21,'2014-08-26 17:18:03'),(22,22,'2017-12-25 17:53:58'),(32,22,'2021-05-28 21:53:57'),(72,22,'2011-07-23 07:05:32'),(88,22,'2021-05-28 21:53:58'),(17,23,'2021-05-28 21:54:03'),(23,23,'2017-07-29 22:11:03'),(67,23,'2021-05-28 21:54:00'),(73,23,'2017-07-18 05:10:20'),(24,24,'2018-12-04 16:01:38'),(73,24,'2021-05-28 21:53:55'),(74,24,'2012-05-30 01:47:07'),(6,25,'2021-05-28 21:54:03'),(10,25,'2021-05-28 21:53:56'),(18,25,'2021-05-28 21:53:59'),(25,25,'2018-06-01 01:10:40'),(75,25,'2020-02-23 12:40:29'),(92,25,'2021-05-28 21:53:57'),(26,26,'2020-06-23 07:13:40'),(76,26,'2012-12-17 04:48:07'),(27,27,'2015-07-03 01:43:36'),(77,27,'2015-07-27 17:51:28'),(91,27,'2021-05-28 21:53:59'),(28,28,'2019-08-06 10:26:31'),(78,28,'2011-08-14 00:18:55'),(22,29,'2021-05-28 21:53:56'),(29,29,'2015-02-17 12:42:07'),(79,29,'2012-11-08 18:33:05'),(30,30,'2016-11-29 22:08:49'),(66,30,'2021-05-28 21:54:02'),(80,30,'2015-02-15 09:46:59'),(31,31,'2020-03-13 17:01:21'),(68,31,'2021-05-28 21:53:54'),(81,31,'2019-04-10 04:17:32'),(12,32,'2021-05-28 21:49:49'),(32,32,'2018-06-17 08:54:58'),(82,32,'2013-06-22 12:48:57'),(33,33,'2011-10-29 23:10:05'),(74,33,'2021-05-28 21:53:55'),(83,33,'2013-08-15 21:28:57'),(97,33,'2021-05-28 21:54:01'),(34,34,'2011-09-14 12:57:25'),(54,34,'2021-05-28 21:53:55'),(84,34,'2016-04-05 00:21:25'),(35,35,'2012-06-16 07:29:27'),(85,35,'2014-08-05 14:14:13'),(20,36,'2021-05-28 21:53:57'),(21,36,'2021-05-28 21:54:00'),(23,36,'2021-05-28 21:53:55'),(36,36,'2015-05-07 04:30:19'),(61,36,'2021-05-28 21:53:54'),(86,36,'2011-06-17 19:54:53'),(37,37,'2016-06-14 16:30:10'),(87,37,'2020-01-13 00:18:14'),(38,38,'2020-02-03 17:01:46'),(88,38,'2016-05-05 17:23:02'),(25,39,'2021-05-28 21:54:04'),(39,39,'2014-04-21 23:26:54'),(89,39,'2015-05-20 06:00:22'),(40,40,'2015-04-03 03:22:11'),(90,40,'2012-02-10 10:37:38'),(41,41,'2019-12-01 20:40:58'),(91,41,'2012-12-29 10:51:43'),(30,42,'2021-05-28 21:54:01'),(42,42,'2014-08-31 19:40:37'),(92,42,'2012-03-24 13:31:32'),(43,43,'2018-05-10 23:57:42'),(93,43,'2016-08-14 15:33:29'),(37,44,'2021-05-28 21:54:01'),(44,44,'2012-01-16 01:20:55'),(89,44,'2021-05-28 21:54:00'),(94,44,'2018-10-08 16:25:42'),(28,45,'2021-05-28 21:54:01'),(45,45,'2015-05-08 00:16:05'),(95,45,'2016-05-22 22:05:34'),(46,46,'2011-12-09 15:47:42'),(96,46,'2014-03-07 00:17:37'),(47,47,'2012-12-26 20:56:13'),(97,47,'2018-01-05 06:40:07'),(48,48,'2020-08-18 19:19:59'),(98,48,'2019-09-13 02:41:49'),(49,49,'2019-09-15 09:10:05'),(72,49,'2021-05-28 21:54:00'),(99,49,'2013-04-18 03:49:38'),(50,50,'2012-03-10 02:17:33'),(70,50,'2021-05-28 21:53:58'),(82,50,'2021-05-28 21:53:55'),(100,50,'2020-09-21 12:06:18');
/*!40000 ALTER TABLE `user_games` ENABLE KEYS */;
UNLOCK TABLES;

--
-- Table structure for table `users`
--

DROP TABLE IF EXISTS `users`;
/*!40101 SET @saved_cs_client     = @@character_set_client */;
/*!50503 SET character_set_client = utf8mb4 */;
CREATE TABLE `users` (
  `id` int unsigned NOT NULL AUTO_INCREMENT COMMENT 'Идентификатор строки',
  `name` varchar(255) CHARACTER SET utf8mb4 COLLATE utf8mb4_unicode_ci NOT NULL COMMENT 'Имя игры',
  `cash` float unsigned DEFAULT NULL COMMENT ' Денег у пользователей',
  `user_url` varchar(255) CHARACTER SET utf8mb4 COLLATE utf8mb4_unicode_ci NOT NULL COMMENT 'url _user',
  `created_at` datetime DEFAULT CURRENT_TIMESTAMP COMMENT 'Время создания строки',
  `updated_at` datetime DEFAULT CURRENT_TIMESTAMP ON UPDATE CURRENT_TIMESTAMP COMMENT 'Время обновления строки',
  PRIMARY KEY (`id`),
  UNIQUE KEY `users_url_uq` (`user_url`),
  KEY `users_name_idx` (`name`)
) ENGINE=InnoDB AUTO_INCREMENT=102 DEFAULT CHARSET=utf8mb4 COLLATE=utf8mb4_unicode_ci COMMENT='Пользователь';
/*!40101 SET character_set_client = @saved_cs_client */;

--
-- Dumping data for table `users`
--

LOCK TABLES `users` WRITE;
/*!40000 ALTER TABLE `users` DISABLE KEYS */;
INSERT INTO `users` VALUES (1,'vitae',695,'https://steamcommunity.com/id/vitae290','2019-08-04 07:50:04','2021-05-28 21:49:48'),(2,'dolore',5000,'https://steamcommunity.com/id/dolore175','2016-11-19 00:47:35','2021-05-28 21:51:02'),(3,'corporis',917,'https://steamcommunity.com/id/corporis7','2014-07-01 21:33:57','2021-05-28 21:49:48'),(4,'animi',303,'https://steamcommunity.com/id/animi509','2017-06-03 01:49:50','2021-05-28 21:49:48'),(5,'cum',818,'https://steamcommunity.com/id/cum525','2016-05-23 22:44:21','2021-05-28 21:49:48'),(6,'consequatur',102,'https://steamcommunity.com/id/consequatur95','2014-09-20 23:17:00','2021-05-28 21:49:48'),(7,'id',924,'https://steamcommunity.com/id/id900','2016-01-09 21:28:34','2021-05-28 21:49:48'),(8,'quos',747,'https://steamcommunity.com/id/quos216','2015-04-30 23:04:39','2021-05-28 21:49:48'),(9,'molestias',485,'https://steamcommunity.com/id/molestias380','2017-05-29 12:47:45','2021-05-28 21:49:48'),(10,'est',637,'https://steamcommunity.com/id/est249','2012-12-04 12:14:04','2021-05-28 21:49:48'),(11,'vitae',154,'https://steamcommunity.com/id/vitae106','2017-03-22 11:06:08','2021-05-28 21:49:48'),(12,'earum',788,'https://steamcommunity.com/id/earum781','2014-08-03 22:36:12','2021-05-28 21:49:48'),(13,'iure',971,'https://steamcommunity.com/id/iure587','2017-07-10 17:44:47','2021-05-28 21:49:48'),(14,'natus',947,'https://steamcommunity.com/id/natus592','2017-11-08 23:49:24','2021-05-28 21:49:48'),(15,'voluptas',192,'https://steamcommunity.com/id/voluptas199','2012-12-17 00:07:18','2021-05-28 21:49:48'),(16,'sed',9,'https://steamcommunity.com/id/sed217','2011-08-14 00:36:49','2021-05-28 21:49:48'),(17,'dolores',325,'https://steamcommunity.com/id/dolores487','2019-03-23 14:44:07','2021-05-28 21:49:48'),(18,'sunt',176,'https://steamcommunity.com/id/sunt783','2018-10-15 09:21:29','2021-05-28 21:49:48'),(19,'ipsam',657,'https://steamcommunity.com/id/ipsam454','2020-09-29 02:22:36','2021-05-28 21:49:48'),(20,'et',764,'https://steamcommunity.com/id/et920','2014-10-01 13:24:45','2021-05-28 21:49:48'),(21,'numquam',230,'https://steamcommunity.com/id/numquam237','2012-05-07 12:23:54','2021-05-28 21:49:48'),(22,'laborum',440,'https://steamcommunity.com/id/laborum426','2014-02-14 03:49:47','2021-05-28 21:49:48'),(23,'enim',455,'https://steamcommunity.com/id/enim416','2019-01-06 02:47:14','2021-05-28 21:49:48'),(24,'eos',648,'https://steamcommunity.com/id/eos802','2019-05-10 03:32:23','2021-05-28 21:49:48'),(25,'eum',881,'https://steamcommunity.com/id/eum764','2018-01-05 03:30:23','2021-05-28 21:49:48'),(26,'laudantium',182,'https://steamcommunity.com/id/laudantium411','2015-04-13 07:30:58','2021-05-28 21:49:48'),(27,'nemo',473,'https://steamcommunity.com/id/nemo763','2020-02-03 20:00:53','2021-05-28 21:49:48'),(28,'et',745,'https://steamcommunity.com/id/et584','2014-08-07 12:37:54','2021-05-28 21:49:48'),(29,'nihil',188,'https://steamcommunity.com/id/nihil628','2021-03-25 03:55:44','2021-05-28 21:49:48'),(30,'porro',933,'https://steamcommunity.com/id/porro387','2013-02-07 04:24:57','2021-05-28 21:49:48'),(31,'laudantium',80,'https://steamcommunity.com/id/laudantium52','2021-05-14 21:43:32','2021-05-28 21:49:48'),(32,'ad',692,'https://steamcommunity.com/id/ad97','2016-07-24 00:17:57','2021-05-28 21:49:48'),(33,'animi',655,'https://steamcommunity.com/id/animi328','2018-09-16 19:41:43','2021-05-28 21:49:48'),(34,'voluptate',798,'https://steamcommunity.com/id/voluptate348','2017-06-22 04:46:16','2021-05-28 21:49:48'),(35,'deleniti',0,'https://steamcommunity.com/id/deleniti756','2017-08-16 15:36:48','2021-05-28 21:49:48'),(36,'sunt',610,'https://steamcommunity.com/id/sunt734','2013-12-01 01:53:22','2021-05-28 21:49:48'),(37,'sit',939,'https://steamcommunity.com/id/sit404','2011-11-26 19:11:49','2021-05-28 21:49:48'),(38,'nihil',679,'https://steamcommunity.com/id/nihil818','2021-04-19 00:41:30','2021-05-28 21:49:48'),(39,'at',883,'https://steamcommunity.com/id/at876','2020-01-23 13:13:46','2021-05-28 21:49:48'),(40,'earum',751,'https://steamcommunity.com/id/earum924','2012-01-08 14:51:45','2021-05-28 21:49:48'),(41,'rerum',955,'https://steamcommunity.com/id/rerum992','2016-09-13 19:03:58','2021-05-28 21:49:48'),(42,'dolores',445,'https://steamcommunity.com/id/dolores189','2016-11-03 16:59:54','2021-05-28 21:49:48'),(43,'sunt',728,'https://steamcommunity.com/id/sunt970','2014-11-10 04:33:59','2021-05-28 21:49:48'),(44,'quidem',528,'https://steamcommunity.com/id/quidem280','2015-11-13 15:13:14','2021-05-28 21:49:48'),(45,'natus',206,'https://steamcommunity.com/id/natus489','2018-11-05 04:18:54','2021-05-28 21:49:48'),(46,'quia',521,'https://steamcommunity.com/id/quia606','2014-10-25 19:09:21','2021-05-28 21:49:48'),(47,'expedita',892,'https://steamcommunity.com/id/expedita560','2016-01-01 05:39:27','2021-05-28 21:49:48'),(48,'repellat',207,'https://steamcommunity.com/id/repellat984','2012-03-26 06:04:48','2021-05-28 21:49:48'),(49,'recusandae',772,'https://steamcommunity.com/id/recusandae237','2018-02-03 07:26:19','2021-05-28 21:49:48'),(50,'consequatur',657,'https://steamcommunity.com/id/consequatur233','2013-12-24 15:42:11','2021-05-28 21:49:48'),(51,'quod',801,'https://steamcommunity.com/id/quod453','2012-07-30 17:26:50','2021-05-28 21:49:48'),(52,'inventore',911,'https://steamcommunity.com/id/inventore566','2018-11-23 20:12:40','2021-05-28 21:49:48'),(53,'ducimus',272,'https://steamcommunity.com/id/ducimus469','2017-06-06 19:08:45','2021-05-28 21:49:48'),(54,'ea',580,'https://steamcommunity.com/id/ea647','2015-05-30 06:24:17','2021-05-28 21:49:48'),(55,'dolores',339,'https://steamcommunity.com/id/dolores828','2015-06-28 05:18:56','2021-05-28 21:49:48'),(56,'quod',966,'https://steamcommunity.com/id/quod198','2011-08-19 23:36:03','2021-05-28 21:49:48'),(57,'amet',397,'https://steamcommunity.com/id/amet507','2018-12-19 09:31:26','2021-05-28 21:49:48'),(58,'qui',312,'https://steamcommunity.com/id/qui938','2021-01-02 06:09:28','2021-05-28 21:49:48'),(59,'tempore',183,'https://steamcommunity.com/id/tempore170','2020-06-29 00:02:27','2021-05-28 21:49:48'),(60,'laboriosam',415,'https://steamcommunity.com/id/laboriosam37','2016-05-11 21:59:22','2021-05-28 21:49:48'),(61,'rerum',138,'https://steamcommunity.com/id/rerum675','2015-12-11 09:49:23','2021-05-28 21:49:48'),(62,'accusamus',573,'https://steamcommunity.com/id/accusamus261','2018-06-15 16:00:43','2021-05-28 21:49:48'),(63,'totam',321,'https://steamcommunity.com/id/totam281','2011-12-05 16:26:09','2021-05-28 21:49:48'),(64,'magnam',281,'https://steamcommunity.com/id/magnam622','2012-02-27 14:53:51','2021-05-28 21:49:48'),(65,'quibusdam',777,'https://steamcommunity.com/id/quibusdam266','2019-04-10 13:12:36','2021-05-28 21:49:48'),(66,'hic',471,'https://steamcommunity.com/id/hic462','2012-04-18 13:19:39','2021-05-28 21:49:48'),(67,'sint',501,'https://steamcommunity.com/id/sint512','2013-11-27 14:03:45','2021-05-28 21:49:48'),(68,'asperiores',201,'https://steamcommunity.com/id/asperiores176','2013-12-27 06:22:49','2021-05-28 21:49:48'),(69,'aut',380,'https://steamcommunity.com/id/aut340','2019-03-02 08:13:18','2021-05-28 21:49:48'),(70,'sequi',419,'https://steamcommunity.com/id/sequi173','2021-04-29 03:11:48','2021-05-28 21:49:48'),(71,'blanditiis',714,'https://steamcommunity.com/id/blanditiis846','2017-05-30 14:04:18','2021-05-28 21:49:48'),(72,'expedita',113,'https://steamcommunity.com/id/expedita710','2019-01-13 08:45:06','2021-05-28 21:49:48'),(73,'sit',660,'https://steamcommunity.com/id/sit10','2013-03-10 17:08:15','2021-05-28 21:49:48'),(74,'dolorem',386,'https://steamcommunity.com/id/dolorem921','2015-05-23 08:19:06','2021-05-28 21:49:48'),(75,'aspernatur',224,'https://steamcommunity.com/id/aspernatur573','2012-08-16 08:33:06','2021-05-28 21:49:48'),(76,'quod',934,'https://steamcommunity.com/id/quod100','2013-12-23 23:59:41','2021-05-28 21:49:48'),(77,'et',27,'https://steamcommunity.com/id/et784','2012-09-27 23:06:20','2021-05-28 21:49:48'),(78,'et',83,'https://steamcommunity.com/id/et618','2017-12-18 03:17:36','2021-05-28 21:49:48'),(79,'temporibus',787,'https://steamcommunity.com/id/temporibus738','2012-06-16 12:05:57','2021-05-28 21:49:48'),(80,'culpa',162,'https://steamcommunity.com/id/culpa835','2019-03-28 14:55:34','2021-05-28 21:49:48'),(81,'fugiat',565,'https://steamcommunity.com/id/fugiat960','2018-11-15 03:28:33','2021-05-28 21:49:48'),(82,'quis',461,'https://steamcommunity.com/id/quis296','2019-12-06 03:26:47','2021-05-28 21:49:48'),(83,'quis',616,'https://steamcommunity.com/id/quis598','2014-12-08 01:22:12','2021-05-28 21:49:48'),(84,'et',454,'https://steamcommunity.com/id/et101','2012-02-26 12:11:03','2021-05-28 21:49:48'),(85,'maxime',226,'https://steamcommunity.com/id/maxime713','2020-10-11 13:17:34','2021-05-28 21:49:48'),(86,'sit',0,'https://steamcommunity.com/id/sit258','2017-05-15 03:25:17','2021-05-28 21:49:48'),(87,'minima',418,'https://steamcommunity.com/id/minima153','2017-11-24 08:07:55','2021-05-28 21:49:48'),(88,'soluta',97,'https://steamcommunity.com/id/soluta988','2014-11-07 09:07:29','2021-05-28 21:49:48'),(89,'eum',267,'https://steamcommunity.com/id/eum484','2011-08-28 10:18:27','2021-05-28 21:49:48'),(90,'et',956,'https://steamcommunity.com/id/et453','2014-04-18 14:42:47','2021-05-28 21:49:48'),(91,'ipsum',153,'https://steamcommunity.com/id/ipsum813','2014-12-08 14:40:18','2021-05-28 21:49:48'),(92,'aut',136,'https://steamcommunity.com/id/aut705','2021-04-13 00:29:05','2021-05-28 21:49:48'),(93,'possimus',125,'https://steamcommunity.com/id/possimus88','2015-11-02 22:17:34','2021-05-28 21:49:48'),(94,'et',427,'https://steamcommunity.com/id/et323','2011-05-28 14:26:05','2021-05-28 21:49:48'),(95,'perferendis',305,'https://steamcommunity.com/id/perferendis350','2020-06-21 17:23:54','2021-05-28 21:49:48'),(96,'in',108,'https://steamcommunity.com/id/in779','2011-10-21 09:21:59','2021-05-28 21:49:48'),(97,'et',789,'https://steamcommunity.com/id/et847','2018-12-07 16:32:31','2021-05-28 21:49:48'),(98,'dolore',370,'https://steamcommunity.com/id/dolore895','2017-07-31 08:02:42','2021-05-28 21:49:48'),(99,'hic',115,'https://steamcommunity.com/id/hic934','2021-01-29 05:49:24','2021-05-28 21:49:48'),(100,'dolorem',13,'https://steamcommunity.com/id/dolorem984','2019-02-23 11:16:03','2021-05-28 21:49:48'),(101,'VDK45',6950,'','2019-08-04 07:50:04','2016-12-08 03:55:27');
/*!40000 ALTER TABLE `users` ENABLE KEYS */;
UNLOCK TABLES;
/*!50003 SET @saved_cs_client      = @@character_set_client */ ;
/*!50003 SET @saved_cs_results     = @@character_set_results */ ;
/*!50003 SET @saved_col_connection = @@collation_connection */ ;
/*!50003 SET character_set_client  = utf8mb4 */ ;
/*!50003 SET character_set_results = utf8mb4 */ ;
/*!50003 SET collation_connection  = utf8mb4_0900_ai_ci */ ;
/*!50003 SET @saved_sql_mode       = @@sql_mode */ ;
/*!50003 SET sql_mode              = 'ONLY_FULL_GROUP_BY,STRICT_TRANS_TABLES,NO_ZERO_IN_DATE,NO_ZERO_DATE,ERROR_FOR_DIVISION_BY_ZERO,NO_ENGINE_SUBSTITUTION' */ ;
DELIMITER ;;
/*!50003 CREATE*/ /*!50017 DEFINER=`root`@`localhost`*/ /*!50003 TRIGGER `log_add_users` AFTER INSERT ON `users` FOR EACH ROW BEGIN
	INSERT INTO add_logs (id, created_at, table_name, name_value, cash_value)
	VALUES (NULL, NOW(), 'users',  NEW.name, NEW.cash);
END */;;
DELIMITER ;
/*!50003 SET sql_mode              = @saved_sql_mode */ ;
/*!50003 SET character_set_client  = @saved_cs_client */ ;
/*!50003 SET character_set_results = @saved_cs_results */ ;
/*!50003 SET collation_connection  = @saved_col_connection */ ;
/*!50003 SET @saved_cs_client      = @@character_set_client */ ;
/*!50003 SET @saved_cs_results     = @@character_set_results */ ;
/*!50003 SET @saved_col_connection = @@collation_connection */ ;
/*!50003 SET character_set_client  = utf8mb4 */ ;
/*!50003 SET character_set_results = utf8mb4 */ ;
/*!50003 SET collation_connection  = utf8mb4_0900_ai_ci */ ;
/*!50003 SET @saved_sql_mode       = @@sql_mode */ ;
/*!50003 SET sql_mode              = 'ONLY_FULL_GROUP_BY,STRICT_TRANS_TABLES,NO_ZERO_IN_DATE,NO_ZERO_DATE,ERROR_FOR_DIVISION_BY_ZERO,NO_ENGINE_SUBSTITUTION' */ ;
DELIMITER ;;
/*!50003 CREATE*/ /*!50017 DEFINER=`root`@`localhost`*/ /*!50003 TRIGGER `log_update_users` AFTER UPDATE ON `users` FOR EACH ROW BEGIN
	INSERT INTO update_logs (id, created_at, table_name, name_value, cash_value)
	VALUES (NULL, NOW(), 'users',  NEW.name, NEW.cash);
END */;;
DELIMITER ;
/*!50003 SET sql_mode              = @saved_sql_mode */ ;
/*!50003 SET character_set_client  = @saved_cs_client */ ;
/*!50003 SET character_set_results = @saved_cs_results */ ;
/*!50003 SET collation_connection  = @saved_col_connection */ ;

--
-- Temporary view structure for view `users_games_cost`
--

DROP TABLE IF EXISTS `users_games_cost`;
/*!50001 DROP VIEW IF EXISTS `users_games_cost`*/;
SET @saved_cs_client     = @@character_set_client;
/*!50503 SET character_set_client = utf8mb4 */;
/*!50001 CREATE VIEW `users_games_cost` AS SELECT 
 1 AS `id`,
 1 AS `name`,
 1 AS `have`,
 1 AS `game`,
 1 AS `cost`*/;
SET character_set_client = @saved_cs_client;

--
-- Final view structure for view `messages_from`
--

/*!50001 DROP VIEW IF EXISTS `messages_from`*/;
/*!50001 SET @saved_cs_client          = @@character_set_client */;
/*!50001 SET @saved_cs_results         = @@character_set_results */;
/*!50001 SET @saved_col_connection     = @@collation_connection */;
/*!50001 SET character_set_client      = utf8mb4 */;
/*!50001 SET character_set_results     = utf8mb4 */;
/*!50001 SET collation_connection      = utf8mb4_0900_ai_ci */;
/*!50001 CREATE ALGORITHM=UNDEFINED */
/*!50013 DEFINER=`root`@`localhost` SQL SECURITY DEFINER */
/*!50001 VIEW `messages_from` AS select `messages`.`id` AS `id`,`messages`.`from_user_id` AS `from_user_id`,`users`.`name` AS `from_name`,`messages`.`to_user_id` AS `to_user_id`,(select `users`.`name` from `users` where (`users`.`id` = `messages`.`to_user_id`)) AS `to_name` from (`messages` join `users` on((`messages`.`from_user_id` = `users`.`id`))) order by `messages`.`id` */;
/*!50001 SET character_set_client      = @saved_cs_client */;
/*!50001 SET character_set_results     = @saved_cs_results */;
/*!50001 SET collation_connection      = @saved_col_connection */;

--
-- Final view structure for view `users_games_cost`
--

/*!50001 DROP VIEW IF EXISTS `users_games_cost`*/;
/*!50001 SET @saved_cs_client          = @@character_set_client */;
/*!50001 SET @saved_cs_results         = @@character_set_results */;
/*!50001 SET @saved_col_connection     = @@collation_connection */;
/*!50001 SET character_set_client      = utf8mb4 */;
/*!50001 SET character_set_results     = utf8mb4 */;
/*!50001 SET collation_connection      = utf8mb4_0900_ai_ci */;
/*!50001 CREATE ALGORITHM=UNDEFINED */
/*!50013 DEFINER=`root`@`localhost` SQL SECURITY DEFINER */
/*!50001 VIEW `users_games_cost` AS select `users`.`id` AS `id`,`users`.`name` AS `name`,'have' AS `have`,`games`.`name` AS `game`,`games`.`cost` AS `cost` from ((`users` join `user_games`) join `games`) where ((`user_games`.`game_id` = `games`.`id`) and (`users`.`id` = `user_games`.`user_id`)) */;
/*!50001 SET character_set_client      = @saved_cs_client */;
/*!50001 SET character_set_results     = @saved_cs_results */;
/*!50001 SET collation_connection      = @saved_col_connection */;
/*!40103 SET TIME_ZONE=@OLD_TIME_ZONE */;

/*!40101 SET SQL_MODE=@OLD_SQL_MODE */;
/*!40014 SET FOREIGN_KEY_CHECKS=@OLD_FOREIGN_KEY_CHECKS */;
/*!40014 SET UNIQUE_CHECKS=@OLD_UNIQUE_CHECKS */;
/*!40101 SET CHARACTER_SET_CLIENT=@OLD_CHARACTER_SET_CLIENT */;
/*!40101 SET CHARACTER_SET_RESULTS=@OLD_CHARACTER_SET_RESULTS */;
/*!40101 SET COLLATION_CONNECTION=@OLD_COLLATION_CONNECTION */;
/*!40111 SET SQL_NOTES=@OLD_SQL_NOTES */;

-- Dump completed on 2021-05-28 22:03:10
